station_sequence,current_speed_kmh,distance_remaining_km,current_delay_minutes,scheduled_travel_time_min,historical_delay_minutes,station_dwell_time_min,progress_ratio,observation_hour,day_of_week,target_arrival_delay_minutes,service_date,train_id_12000,train_id_12001,train_id_12002,train_id_12003,train_id_12004,train_id_12005,route_id_MUMBAI_NASHIK,route_id_PUNE_MUMBAI,route_id_PUNE_SOLAPUR,section_id_DAUND_KURDUVADI,section_id_KALYAN_KASARA,section_id_KALYAN_MUMBAI,section_id_KARJAT_KALYAN,section_id_KASARA_NASHIK,section_id_KURDUVADI_SOLAPUR,section_id_LONAVALA_KARJAT,section_id_MUMBAI_KALYAN,section_id_PUNE_DAUND,section_id_PUNE_LONAVALA,route_section_MUMBAI_NASHIK:KALYAN_KASARA,route_section_MUMBAI_NASHIK:KASARA_NASHIK,route_section_MUMBAI_NASHIK:MUMBAI_KALYAN,route_section_PUNE_MUMBAI:KALYAN_MUMBAI,route_section_PUNE_MUMBAI:KARJAT_KALYAN,route_section_PUNE_MUMBAI:LONAVALA_KARJAT,route_section_PUNE_MUMBAI:PUNE_LONAVALA,route_section_PUNE_SOLAPUR:DAUND_KURDUVADI,route_section_PUNE_SOLAPUR:KURDUVADI_SOLAPUR,route_section_PUNE_SOLAPUR:PUNE_DAUND,weather_condition_clear,weather_condition_cloudy,weather_condition_rain,track_condition_normal,track_condition_wet,signal_aspect_DOUBLE_YELLOW,signal_aspect_GREEN,signal_aspect_RED,signal_aspect_YELLOW
0,66.7,180.88,-0.0,140.0,7.6,1.3,0.07142857142857142,5,3,6.8,2026-01-01,1,0,0,0,0,0,0,1,0,0,0,0,0,0,0,0,0,0,1,0,0,0,0,0,0,1,0,0,0,1,0,0,1,0,1,0,0,0
0,59.0,152.67,0.9,140.0,0.9,0.0,0.2857142857142857,12,3,0.4,2026-01-01,0,0,0,1,0,0,0,1,0,0,0,0,0,0,0,0,0,0,1,0,0,0,0,0,0,1,0,0,0,0,0,1,0,1,0,0,1,0
1,56.4,118.6,3.1,140.0,0.9,4.8,0.32142857142857145,12,3,0.4,2026-01-01,0,0,0,1,0,0,0,1,0,0,0,0,0,0,0,1,0,0,0,0,0,0,0,0,1,0,0,0,0,0,1,0,1,0,1,0,0,0
1,70.2,98.75,3.4,140.0,0.9,2.0,0.42857142857142855,12,3,0.4,2026-01-01,0,0,0,1,0,0,0,1,0,0,0,0,0,0,0,1,0,0,0,0,0,0,0,0,1,0,0,0,0,1,0,0,1,0,1,0,0,0
1,72.0,80.0,-2.3,140.0,0.9,2.0,0.5357142857142857,12,3,0.4,2026-01-01,0,0,0,1,0,0,0,1,0,0,0,0,0,0,0,1,0,0,0,0,0,0,0,0,1,0,0,0,0,1,0,0,1,0,0,0,0,1
2,70.3,75.28,-1.3,140.0,0.9,3.9,0.5714285714285714,12,3,0.4,2026-01-01,0,0,0,1,0,0,0,1,0,0,0,0,1,0,0,0,0,0,0,0,0,0,0,1,0,0,0,0,0,1,0,0,0,1,0,0,0,1
2,69.9,57.88,0.0,140.0,0.9,2.0,0.6785714285714286,13,3,0.4,2026-01-01,0,0,0,1,0,0,0,1,0,0,0,0,1,0,0,0,0,0,0,0,0,0,0,1,0,0,0,0,0,1,0,0,0,1,0,0,0,1
2,74.0,37.67,0.3,140.0,0.9,2.0,0.7857142857142857,13,3,0.4,2026-01-01,0,0,0,1,0,0,0,1,0,0,0,0,1,0,0,0,0,0,0,0,0,0,0,1,0,0,0,0,0,1,0,0,1,0,1,0,0,0
3,75.5,34.42,1.3,140.0,0.9,4.2,0.8214285714285714,13,3,0.4,2026-01-01,0,0,0,1,0,0,0,1,0,0,0,1,0,0,0,0,0,0,0,0,0,0,1,0,0,0,0,0,0,0,0,1,0,1,0,1,0,0
3,73.0,1.0,-0.1,140.0,0.9,2.0,1.0,14,3,0.4,2026-01-01,0,0,0,1,0,0,0,1,0,0,0,1,0,0,0,0,0,0,0,0,0,0,1,0,0,0,0,0,0,0,0,1,1,0,1,0,0,0
0,52.3,176.28,-0.3,155.0,11.2,2.5,0.06451612903225806,13,3,9.4,2026-01-01,0,0,0,0,1,0,1,0,0,0,0,0,0,0,0,0,1,0,0,0,0,1,0,0,0,0,0,0,0,0,0,1,1,0,1,0,0,0
0,81.0,151.25,-0.3,155.0,11.2,0.0,0.16129032258064516,14,3,9.4,2026-01-01,0,0,0,0,1,0,1,0,0,0,0,0,0,0,0,0,1,0,0,0,0,1,0,0,0,0,0,0,0,0,0,1,1,0,1,0,0,0
1,44.5,125.58,3.7,155.0,11.2,4.9,0.33548387096774196,14,3,9.4,2026-01-01,0,0,0,0,1,0,1,0,0,0,1,0,0,0,0,0,0,0,0,1,0,0,0,0,0,0,0,0,0,0,0,1,0,1,0,1,0,0
0,65.9,164.54,0.0,140.0,0.9,0.0,0.17857142857142858,12,3,0.4,2026-01-01,0,0,0,1,0,0,0,1,0,0,0,0,0,0,0,0,0,0,1,0,0,0,0,0,0,1,0,0,0,1,0,0,1,0,0,0,0,1
1,65.3,105.79,4.4,155.0,11.2,2.0,0.432258064516129,14,3,9.4,2026-01-01,0,0,0,0,1,0,1,0,0,0,1,0,0,0,0,0,0,0,0,1,0,0,0,0,0,0,0,0,0,1,0,0,0,1,0,0,1,0
2,76.7,56.22,7.1,155.0,11.2,5.1,0.6967741935483871,15,3,9.4,2026-01-01,0,0,0,0,1,0,1,0,0,0,0,0,0,1,0,0,0,0,0,0,1,0,0,0,0,0,0,0,0,1,0,0,1,0,0,0,1,0
2,51.6,47.5,9.9,155.0,11.2,2.0,0.7935483870967742,15,3,9.4,2026-01-01,0,0,0,0,1,0,1,0,0,0,0,0,0,1,0,0,0,0,0,0,1,0,0,0,0,0,0,0,0,1,0,0,1,0,0,0,1,0
2,65.9,25.07,7.6,155.0,11.2,2.0,0.8903225806451613,16,3,9.4,2026-01-01,0,0,0,0,1,0,1,0,0,0,0,0,0,1,0,0,0,0,0,0,1,0,0,0,0,0,0,0,0,0,0,1,1,0,0,0,1,0
0,63.3,254.45,1.4,205.0,3.5,1.8,0.04878048780487805,15,3,-2.0,2026-01-01,0,0,0,0,0,1,0,0,1,0,0,0,0,0,0,0,0,1,0,0,0,0,0,0,0,0,0,0,1,1,0,0,0,1,0,0,1,0
0,78.3,232.38,2.3,205.0,3.5,0.0,0.12195121951219512,15,3,-2.0,2026-01-01,0,0,0,0,0,1,0,0,1,0,0,0,0,0,0,0,0,1,0,0,0,0,0,0,0,0,0,0,1,1,0,0,0,1,0,1,0,0
0,81.0,211.0,-2.0,205.0,3.5,0.0,0.1951219512195122,16,3,-2.0,2026-01-01,0,0,0,0,0,1,0,0,1,0,0,0,0,0,0,0,0,1,0,0,0,0,0,0,0,0,0,0,1,1,0,0,1,0,0,0,1,0
1,74.6,177.57,-1.4,205.0,3.5,5.4,0.3170731707317073,16,3,-2.0,2026-01-01,0,0,0,0,0,1,0,0,1,1,0,0,0,0,0,0,0,0,0,0,0,0,0,0,0,0,1,0,0,0,0,1,0,1,0,1,0,0
1,65.0,153.25,0.4,205.0,3.5,2.0,0.3902439024390244,16,3,-2.0,2026-01-01,0,0,0,0,0,1,0,0,1,1,0,0,0,0,0,0,0,0,0,0,0,0,0,0,0,0,1,0,0,1,0,0,1,0,0,0,0,1
1,80.0,136.67,-3.0,205.0,3.5,2.0,0.4634146341463415,16,3,-2.0,2026-01-01,0,0,0,0,0,1,0,0,1,1,0,0,0,0,0,0,0,0,0,0,0,0,0,0,0,0,1,0,0,0,0,1,0,1,0,1,0,0
2,73.1,72.82,0.2,205.0,3.5,4.3,0.7073170731707317,17,3,-2.0,2026-01-01,0,0,0,0,0,1,0,0,1,0,0,0,0,0,1,0,0,0,0,0,0,0,0,0,0,0,0,1,0,0,0,1,0,1,0,0,0,1
2,76.0,53.33,-0.7,205.0,3.5,2.0,0.7804878048780488,18,3,-2.0,2026-01-01,0,0,0,0,0,1,0,0,1,0,0,0,0,0,1,0,0,0,0,0,0,0,0,0,0,0,0,1,0,1,0,0,0,1,0,1,0,0
2,57.2,46.87,-2.3,205.0,3.5,2.0,0.8536585365853658,18,3,-2.0,2026-01-01,0,0,0,0,0,1,0,0,1,0,0,0,0,0,1,0,0,0,0,0,0,0,0,0,0,0,0,1,0,0,0,1,1,0,0,0,0,1
1,65.0,89.67,-0.2,155.0,11.2,2.0,0.5290322580645161,15,3,9.4,2026-01-01,0,0,0,0,1,0,1,0,0,0,1,0,0,0,0,0,0,0,0,1,0,0,0,0,0,0,0,0,0,1,0,0,0,1,0,0,0,1
0,54.3,182.95,-1.3,140.0,0.9,0.8,0.07142857142857142,11,3,0.4,2026-01-01,0,0,0,1,0,0,0,1,0,0,0,0,0,0,0,0,0,0,1,0,0,0,0,0,0,1,0,0,0,1,0,0,1,0,0,1,0,0
0,62.7,143.2,0.8,155.0,11.2,0.0,0.25806451612903225,14,3,9.4,2026-01-01,0,0,0,0,1,0,1,0,0,0,0,0,0,0,0,0,1,0,0,0,0,1,0,0,0,0,0,0,0,1,0,0,1,0,0,1,0,0
2,81.6,51.0,9.6,205.0,3.6,2.0,0.7804878048780488,12,3,11.0,2026-01-01,0,0,1,0,0,0,0,0,1,0,0,0,0,0,1,0,0,0,0,0,0,0,0,0,0,0,0,1,0,1,0,0,1,0,0,1,0,0
2,70.8,37.8,8.9,205.0,3.6,2.0,0.8536585365853658,12,3,11.0,2026-01-01,0,0,1,0,0,0,0,0,1,0,0,0,0,0,1,0,0,0,0,0,0,0,0,0,0,0,0,1,0,0,1,0,1,0,0,0,0,1
0,73.1,143.27,2.8,140.0,7.6,0.0,0.2857142857142857,5,3,6.8,2026-01-01,1,0,0,0,0,0,0,1,0,0,0,0,0,0,0,0,0,0,1,0,0,0,0,0,0,1,0,0,0,1,0,0,0,1,0,0,0,1
1,57.9,118.35,3.1,140.0,7.6,4.8,0.32142857142857145,6,3,6.8,2026-01-01,1,0,0,0,0,0,0,1,0,0,0,0,0,0,0,1,0,0,0,0,0,0,0,0,1,0,0,0,0,1,0,0,1,0,0,1,0,0
1,46.9,108.46,2.9,140.0,7.6,2.0,0.42857142857142855,6,3,6.8,2026-01-01,1,0,0,0,0,0,0,1,0,0,0,0,0,0,0,1,0,0,0,0,0,0,0,0,1,0,0,0,0,0,0,1,1,0,0,0,1,0
1,55.5,91.0,5.0,140.0,7.6,2.0,0.5357142857142857,6,3,6.8,2026-01-01,1,0,0,0,0,0,0,1,0,0,0,0,0,0,0,1,0,0,0,0,0,0,0,0,1,0,0,0,0,1,0,0,1,0,0,0,0,1
2,48.0,79.0,6.3,140.0,7.6,4.0,0.5714285714285714,6,3,6.8,2026-01-01,1,0,0,0,0,0,0,1,0,0,0,0,1,0,0,0,0,0,0,0,0,0,0,1,0,0,0,0,0,1,0,0,0,1,0,1,0,0
2,62.1,61.12,3.4,140.0,7.6,2.0,0.6785714285714286,6,3,6.8,2026-01-01,1,0,0,0,0,0,0,1,0,0,0,0,1,0,0,0,0,0,0,0,0,0,0,1,0,0,0,0,0,0,1,0,1,0,0,1,0,0
2,65.3,43.47,3.3,140.0,7.6,2.0,0.7857142857142857,7,3,6.8,2026-01-01,1,0,0,0,0,0,0,1,0,0,0,0,1,0,0,0,0,0,0,0,0,0,0,1,0,0,0,0,0,0,0,1,1,0,0,1,0,0
3,72.6,34.9,6.1,140.0,7.6,5.8,0.8214285714285714,7,3,6.8,2026-01-01,1,0,0,0,0,0,0,1,0,0,0,1,0,0,0,0,0,0,0,0,0,0,1,0,0,0,0,0,0,0,1,0,1,0,0,1,0,0
3,63.9,21.21,11.3,140.0,7.6,2.0,0.9285714285714286,7,3,6.8,2026-01-01,1,0,0,0,0,0,0,1,0,0,0,1,0,0,0,0,0,0,0,0,0,0,1,0,0,0,0,0,0,1,0,0,1,0,0,0,0,1
3,71.3,1.0,8.7,140.0,7.6,2.0,1.0,7,3,6.8,2026-01-01,1,0,0,0,0,0,0,1,0,0,0,1,0,0,0,0,0,0,0,0,0,0,1,0,0,0,0,0,0,1,0,0,0,1,0,1,0,0
0,70.7,173.22,-1.1,155.0,0.0,3.5,0.06451612903225806,7,3,6.0,2026-01-01,0,1,0,0,0,0,1,0,0,0,0,0,0,0,0,0,1,0,0,0,0,1,0,0,0,0,0,0,0,1,0,0,0,1,0,0,1,0
0,65.6,157.67,-1.4,155.0,0.0,0.0,0.16129032258064516,7,3,6.0,2026-01-01,0,1,0,0,0,0,1,0,0,0,0,0,0,0,0,0,1,0,0,0,0,1,0,0,0,0,0,0,0,1,0,0,1,0,1,0,0,0
0,61.0,144.33,1.9,155.0,0.0,0.0,0.25806451612903225,8,3,6.0,2026-01-01,0,1,0,0,0,0,1,0,0,0,0,0,0,0,0,0,1,0,0,0,0,1,0,0,0,0,0,0,0,0,1,0,1,0,0,1,0,0
0,69.5,163.04,1.2,140.0,7.6,0.0,0.17857142857142858,5,3,6.8,2026-01-01,1,0,0,0,0,0,0,1,0,0,0,0,0,0,0,0,0,0,1,0,0,0,0,0,0,1,0,0,0,0,0,1,1,0,0,1,0,0
1,76.0,177.33,5.2,205.0,3.6,5.1,0.3170731707317073,10,3,11.0,2026-01-01,0,0,1,0,0,0,0,0,1,1,0,0,0,0,0,0,0,0,0,0,0,0,0,0,0,0,1,0,0,1,0,0,1,0,1,0,0,0
1,75.4,101.58,2.2,155.0,0.0,2.0,0.432258064516129,8,3,6.0,2026-01-01,0,1,0,0,0,0,1,0,0,0,1,0,0,0,0,0,0,0,0,1,0,0,0,0,0,0,0,0,0,0,0,1,1,0,0,1,0,0
1,57.0,95.0,-0.7,155.0,0.0,2.0,0.5290322580645161,8,3,6.0,2026-01-01,0,1,0,0,0,0,1,0,0,0,1,0,0,0,0,0,0,0,0,1,0,0,0,0,0,0,0,0,0,1,0,0,0,1,0,0,0,1
2,49.7,60.72,5.9,155.0,0.0,5.3,0.6967741935483871,9,3,6.0,2026-01-01,0,1,0,0,0,0,1,0,0,0,0,0,0,1,0,0,0,0,0,0,1,0,0,0,0,0,0,0,0,0,1,0,0,1,0,0,1,0
2,47.9,49.04,3.9,155.0,0.0,2.0,0.7935483870967742,9,3,6.0,2026-01-01,0,1,0,0,0,0,1,0,0,0,0,0,0,1,0,0,0,0,0,0,1,0,0,0,0,0,0,0,0,1,0,0,1,0,0,1,0,0
2,58.9,29.73,5.8,155.0,0.0,2.0,0.8903225806451613,9,3,6.0,2026-01-01,0,1,0,0,0,0,1,0,0,0,0,0,0,1,0,0,0,0,0,0,1,0,0,0,0,0,0,0,0,0,1,0,1,0,0,0,0,1
0,71.0,253.17,1.3,205.0,3.6,0.7,0.04878048780487805,9,3,11.0,2026-01-01,0,0,1,0,0,0,0,0,1,0,0,0,0,0,0,0,0,1,0,0,0,0,0,0,0,0,0,0,1,1,0,0,1,0,0,1,0,0
0,62.6,238.92,0.3,205.0,3.6,0.0,0.12195121951219512,9,3,11.0,2026-01-01,0,0,1,0,0,0,0,0,1,0,0,0,0,0,0,0,0,1,0,0,0,0,0,0,0,0,0,0,1,1,0,0,1,0,1,0,0,0
0,70.5,218.0,2.4,205.0,3.6,0.0,0.1951219512195122,10,3,11.0,2026-01-01,0,0,1,0,0,0,0,0,1,0,0,0,0,0,0,0,0,1,0,0,0,0,0,0,0,0,0,0,1,0,0,1,1,0,0,0,0,1
1,66.6,121.9,3.4,155.0,0.0,5.1,0.33548387096774196,8,3,6.0,2026-01-01,0,1,0,0,0,0,1,0,0,0,1,0,0,0,0,0,0,0,0,1,0,0,0,0,0,0,0,0,0,0,1,0,1,0,0,0,1,0
1,74.2,163.21,1.1,205.0,3.6,2.0,0.3902439024390244,10,3,11.0,2026-01-01,0,0,1,0,0,0,0,0,1,1,0,0,0,0,0,0,0,0,0,0,0,0,0,0,0,0,1,0,0,0,1,0,0,1,0,1,0,0
1,65.8,146.13,2.6,205.0,3.6,2.0,0.4634146341463415,11,3,11.0,2026-01-01,0,0,1,0,0,0,0,0,1,1,0,0,0,0,0,0,0,0,0,0,0,0,0,0,0,0,1,0,0,0,0,1,1,0,0,0,0,1
2,64.3,74.28,7.2,205.0,3.6,5.0,0.7073170731707317,11,3,11.0,2026-01-01,0,0,1,0,0,0,0,0,1,0,0,0,0,0,1,0,0,0,0,0,0,0,0,0,0,0,0,1,0,0,0,1,0,1,0,1,0,0
3,58.5,37.25,10.9,140.0,8.5,3.3,0.8214285714285714,14,4,14.0,2026-01-02,0,0,0,1,0,0,0,1,0,0,0,1,0,0,0,0,0,0,0,0,0,0,1,0,0,0,0,0,0,1,0,0,0,1,1,0,0,0
3,72.2,16.92,12.0,140.0,8.5,2.0,0.9285714285714286,14,4,14.0,2026-01-02,0,0,0,1,0,0,0,1,0,0,0,1,0,0,0,0,0,0,0,0,0,0,1,0,0,0,0,0,0,1,0,0,1,0,0,0,0,1
0,54.3,169.38,0.8,140.0,8.5,0.0,0.17857142857142858,13,4,14.0,2026-01-02,0,0,0,1,0,0,0,1,0,0,0,0,0,0,0,0,0,0,1,0,0,0,0,0,0,1,0,0,0,0,1,0,0,1,1,0,0,0
0,64.1,174.32,-1.1,155.0,3.3,2.5,0.06451612903225806,14,4,5.8,2026-01-02,0,0,0,0,1,0,1,0,0,0,0,0,0,0,0,0,1,0,0,0,0,1,0,0,0,0,0,0,0,0,0,1,1,0,0,0,1,0
3,54.6,10.6,21.4,140.0,8.5,2.0,1.0,15,4,14.0,2026-01-02,0,0,0,1,0,0,0,1,0,0,0,1,0,0,0,0,0,0,0,0,0,0,1,0,0,0,0,0,0,1,0,0,1,0,0,1,0,0
2,57.9,48.4,10.8,140.0,8.5,2.0,0.7857142857142857,14,4,14.0,2026-01-02,0,0,0,1,0,0,0,1,0,0,0,0,1,0,0,0,0,0,0,0,0,0,0,1,0,0,0,0,0,1,0,0,0,1,1,0,0,0
0,72.4,143.73,1.3,140.0,8.5,0.0,0.2857142857142857,13,4,14.0,2026-01-02,0,0,0,1,0,0,0,1,0,0,0,0,0,0,0,0,0,0,1,0,0,0,0,0,0,1,0,0,0,1,0,0,1,0,0,1,0,0
2,57.0,77.5,11.6,140.0,8.5,3.5,0.5714285714285714,13,4,14.0,2026-01-02,0,0,0,1,0,0,0,1,0,0,0,0,1,0,0,0,0,0,0,0,0,0,0,1,0,0,0,0,0,1,0,0,1,0,0,1,0,0
1,63.0,86.0,6.8,140.0,8.5,2.0,0.5357142857142857,13,4,14.0,2026-01-02,0,0,0,1,0,0,0,1,0,0,0,0,0,0,0,1,0,0,0,0,0,0,0,0,1,0,0,0,0,1,0,0,0,1,1,0,0,0
1,64.9,100.96,3.6,140.0,8.5,2.0,0.42857142857142855,13,4,14.0,2026-01-02,0,0,0,1,0,0,0,1,0,0,0,0,0,0,0,1,0,0,0,0,0,0,0,0,1,0,0,0,0,0,0,1,1,0,0,1,0,0
1,61.5,117.75,1.4,140.0,8.5,5.5,0.32142857142857145,13,4,14.0,2026-01-02,0,0,0,1,0,0,0,1,0,0,0,0,0,0,0,1,0,0,0,0,0,0,0,0,1,0,0,0,0,1,0,0,0,1,0,0,1,0
0,72.9,154.62,0.9,155.0,3.3,0.0,0.16129032258064516,15,4,5.8,2026-01-02,0,0,0,0,1,0,1,0,0,0,0,0,0,0,0,0,1,0,0,0,0,1,0,0,0,0,0,0,0,1,0,0,1,0,1,0,0,0
2,60.0,62.0,7.7,140.0,8.5,2.0,0.6785714285714286,14,4,14.0,2026-01-02,0,0,0,1,0,0,0,1,0,0,0,0,1,0,0,0,0,0,0,0,0,0,0,1,0,0,0,0,0,1,0,0,1,0,1,0,0,0
1,56.1,123.65,5.3,155.0,3.3,5.4,0.33548387096774196,15,4,5.8,2026-01-02,0,0,0,0,1,0,1,0,0,0,1,0,0,0,0,0,0,0,0,1,0,0,0,0,0,0,0,0,0,0,1,0,0,1,0,0,0,1
0,59.1,240.38,0.9,205.0,8.4,0.0,0.12195121951219512,16,4,12.2,2026-01-02,0,0,0,0,0,1,0,0,1,0,0,0,0,0,0,0,0,1,0,0,0,0,0,0,0,0,0,0,1,1,0,0,1,0,0,0,0,1
1,66.1,88.93,3.4,155.0,3.3,2.0,0.5290322580645161,16,4,5.8,2026-01-02,0,0,0,0,1,0,1,0,0,0,1,0,0,0,0,0,0,0,0,1,0,0,0,0,0,0,0,0,0,1,0,0,1,0,0,0,1,0
2,61.7,58.72,3.3,155.0,3.3,5.2,0.6967741935483871,16,4,5.8,2026-01-02,0,0,0,0,1,0,1,0,0,0,0,0,0,1,0,0,0,0,0,0,1,0,0,0,0,0,0,0,0,0,0,1,1,0,0,0,1,0
2,41.9,51.54,8.7,155.0,3.3,2.0,0.7935483870967742,16,4,5.8,2026-01-02,0,0,0,0,1,0,1,0,0,0,0,0,0,1,0,0,0,0,0,0,1,0,0,0,0,0,0,0,0,1,0,0,1,0,0,0,1,0
2,63.4,26.73,3.9,155.0,3.3,2.0,0.8903225806451613,17,4,5.8,2026-01-02,0,0,0,0,1,0,1,0,0,0,0,0,0,1,0,0,0,0,0,0,1,0,0,0,0,0,0,0,0,1,0,0,0,1,0,0,0,1
0,65.7,254.05,0.9,205.0,8.4,3.3,0.04878048780487805,16,4,12.2,2026-01-02,0,0,0,0,0,1,0,0,1,0,0,0,0,0,0,0,0,1,0,0,0,0,0,0,0,0,0,0,1,1,0,0,0,1,0,0,0,1
0,52.5,230.0,2.3,205.0,8.4,0.0,0.1951219512195122,17,4,12.2,2026-01-02,0,0,0,0,0,1,0,0,1,0,0,0,0,0,0,0,0,1,0,0,0,0,0,0,0,0,0,0,1,1,0,0,1,0,0,0,0,1
1,68.9,178.52,4.3,205.0,8.4,5.8,0.3170731707317073,17,4,12.2,2026-01-02,0,0,0,0,0,1,0,0,1,1,0,0,0,0,0,0,0,0,0,0,0,0,0,0,0,0,1,0,0,1,0,0,0,1,1,0,0,0
1,76.4,158.17,3.4,205.0,8.4,2.0,0.3902439024390244,17,4,12.2,2026-01-02,0,0,0,0,0,1,0,0,1,1,0,0,0,0,0,0,0,0,0,0,0,0,0,0,0,0,1,0,0,1,0,0,0,1,0,1,0,0
1,84.1,133.93,5.1,205.0,8.4,2.0,0.4634146341463415,17,4,12.2,2026-01-02,0,0,0,0,0,1,0,0,1,1,0,0,0,0,0,0,0,0,0,0,0,0,0,0,0,0,1,0,0,0,1,0,1,0,0,0,1,0
2,63.4,74.43,12.0,205.0,8.4,3.7,0.7073170731707317,18,4,12.2,2026-01-02,0,0,0,0,0,1,0,0,1,0,0,0,0,0,1,0,0,0,0,0,0,0,0,0,0,0,0,1,0,1,0,0,1,0,1,0,0,0
2,58.1,60.79,11.7,205.0,8.4,2.0,0.7804878048780488,19,4,12.2,2026-01-02,0,0,0,0,0,1,0,0,1,0,0,0,0,0,1,0,0,0,0,0,0,0,0,0,0,0,0,1,0,1,0,0,1,0,0,0,1,0
2,53.4,49.4,11.4,205.0,8.4,2.0,0.8536585365853658,19,4,12.2,2026-01-02,0,0,0,0,0,1,0,0,1,0,0,0,0,0,1,0,0,0,0,0,0,0,0,0,0,0,0,1,0,0,0,1,1,0,0,1,0,0
1,72.8,102.67,2.0,155.0,3.3,2.0,0.432258064516129,15,4,5.8,2026-01-02,0,0,0,0,1,0,1,0,0,0,1,0,0,0,0,0,0,0,0,1,0,0,0,0,0,0,0,0,0,1,0,0,0,1,1,0,0,0
0,82.1,178.32,-0.8,140.0,8.5,3.8,0.07142857142857142,12,4,14.0,2026-01-02,0,0,0,1,0,0,0,1,0,0,0,0,0,0,0,0,0,0,1,0,0,0,0,0,0,1,0,0,0,1,0,0,1,0,0,1,0,0
0,68.6,139.27,1.1,155.0,3.3,0.0,0.25806451612903225,15,4,5.8,2026-01-02,0,0,0,0,1,0,1,0,0,0,0,0,0,0,0,0,1,0,0,0,0,1,0,0,0,0,0,0,0,1,0,0,1,0,0,1,0,0
2,56.0,61.67,5.2,205.0,2.2,2.0,0.7804878048780488,13,4,4.8,2026-01-02,0,0,1,0,0,0,0,0,1,0,0,0,0,0,1,0,0,0,0,0,0,0,0,0,0,0,0,1,0,0,0,1,0,1,0,1,0,0
0,63.9,165.38,-2.5,140.0,4.5,0.0,0.17857142857142858,6,4,0.1,2026-01-02,1,0,0,0,0,0,0,1,0,0,0,0,0,0,0,0,0,0,1,0,0,0,0,0,0,1,0,0,0,0,1,0,1,0,0,0,0,1
0,70.6,144.93,1.2,140.0,4.5,0.0,0.2857142857142857,6,4,0.1,2026-01-02,1,0,0,0,0,0,0,1,0,0,0,0,0,0,0,0,0,0,1,0,0,0,0,0,0,1,0,0,0,1,0,0,1,0,1,0,0,0
1,71.5,116.08,0.3,140.0,4.5,5.2,0.32142857142857145,7,4,0.1,2026-01-02,1,0,0,0,0,0,0,1,0,0,0,0,0,0,0,1,0,0,0,0,0,0,0,0,1,0,0,0,0,1,0,0,0,1,0,0,1,0
1,90.3,90.38,-0.6,140.0,4.5,2.0,0.42857142857142855,7,4,0.1,2026-01-02,1,0,0,0,0,0,0,1,0,0,0,0,0,0,0,1,0,0,0,0,0,0,0,0,1,0,0,0,0,0,0,1,1,0,1,0,0,0
1,77.9,76.07,-3.0,140.0,4.5,2.0,0.5357142857142857,7,4,0.1,2026-01-02,1,0,0,0,0,0,0,1,0,0,0,0,0,0,0,1,0,0,0,0,0,0,0,0,1,0,0,0,0,0,0,1,1,0,0,1,0,0
2,57.9,77.35,2.7,140.0,4.5,3.8,0.5714285714285714,7,4,0.1,2026-01-02,1,0,0,0,0,0,0,1,0,0,0,0,1,0,0,0,0,0,0,0,0,0,0,1,0,0,0,0,0,0,0,1,0,1,1,0,0,0
2,61.5,61.38,4.7,140.0,4.5,2.0,0.6785714285714286,7,4,0.1,2026-01-02,1,0,0,0,0,0,0,1,0,0,0,0,1,0,0,0,0,0,0,0,0,0,0,1,0,0,0,0,0,0,1,0,1,0,0,1,0,0
2,89.2,27.53,-0.4,140.0,4.5,2.0,0.7857142857142857,8,4,0.1,2026-01-02,1,0,0,0,0,0,0,1,0,0,0,0,1,0,0,0,0,0,0,0,0,0,0,1,0,0,0,0,0,1,0,0,1,0,0,1,0,0
3,85.4,32.77,-1.3,140.0,4.5,5.1,0.8214285714285714,8,4,0.1,2026-01-02,1,0,0,0,0,0,0,1,0,0,0,1,0,0,0,0,0,0,0,0,0,0,1,0,0,0,0,0,0,1,0,0,0,1,0,1,0,0
3,74.6,15.92,3.8,140.0,4.5,2.0,0.9285714285714286,8,4,0.1,2026-01-02,1,0,0,0,0,0,0,1,0,0,0,1,0,0,0,0,0,0,0,0,0,0,1,0,0,0,0,0,0,0,1,0,1,0,0,1,0,0
3,63.5,4.67,-1.7,140.0,4.5,2.0,1.0,8,4,0.1,2026-01-02,1,0,0,0,0,0,0,1,0,0,0,1,0,0,0,0,0,0,0,0,0,0,1,0,0,0,0,0,0,1,0,0,0,1,0,1,0,0
0,58.0,175.33,-2.1,155.0,11.0,1.9,0.06451612903225806,8,4,13.6,2026-01-02,0,1,0,0,0,0,1,0,0,0,0,0,0,0,0,0,1,0,0,0,0,1,0,0,0,0,0,0,0,1,0,0,1,0,0,1,0,0
0,56.0,161.67,4.9,155.0,11.0,0.0,0.16129032258064516,8,4,13.6,2026-01-02,0,1,0,0,0,0,1,0,0,0,0,0,0,0,0,0,1,0,0,0,0,1,0,0,0,0,0,0,0,1,0,0,1,0,0,0,0,1
0,76.4,134.07,3.9,155.0,11.0,0.0,0.25806451612903225,9,4,13.6,2026-01-02,0,1,0,0,0,0,1,0,0,0,0,0,0,0,0,0,1,0,0,0,0,1,0,0,0,0,0,0,0,0,0,1,1,0,0,1,0,0
0,70.9,180.18,0.7,140.0,4.5,3.0,0.07142857142857142,6,4,0.1,2026-01-02,1,0,0,0,0,0,0,1,0,0,0,0,0,0,0,0,0,0,1,0,0,0,0,0,0,1,0,0,0,0,1,0,1,0,0,1,0,0
1,54.4,123.93,5.0,155.0,11.0,3.6,0.33548387096774196,9,4,13.6,2026-01-02,0,1,0,0,0,0,1,0,0,0,1,0,0,0,0,0,0,0,0,1,0,0,0,0,0,0,0,0,0,0,0,1,1,0,0,0,0,1
2,62.7,74.55,2.1,205.0,2.2,5.2,0.7073170731707317,12,4,4.8,2026-01-02,0,0,1,0,0,0,0,0,1,0,0,0,0,0,1,0,0,0,0,0,0,0,0,0,0,0,0,1,0,0,1,0,1,0,1,0,0,0
1,64.0,147.33,1.7,205.0,2.2,2.0,0.4634146341463415,12,4,4.8,2026-01-02,0,0,1,0,0,0,0,0,1,1,0,0,0,0,0,0,0,0,0,0,0,0,0,0,0,0,1,0,0,1,0,0,1,0,1,0,0,0
1,78.5,157.29,0.5,205.0,2.2,2.0,0.3902439024390244,11,4,4.8,2026-01-02,0,0,1,0,0,0,0,0,1,1,0,0,0,0,0,0,0,0,0,0,0,0,0,0,0,0,1,0,0,1,0,0,1,0,1,0,0,0
1,50.4,181.6,1.1,205.0,2.2,5.0,0.3170731707317073,11,4,4.8,2026-01-02,0,0,1,0,0,0,0,0,1,1,0,0,0,0,0,0,0,0,0,0,0,0,0,0,0,0,1,0,0,1,0,0,1,0,0,0,0,1
0,71.2,217.53,0.9,205.0,2.2,0.0,0.1951219512195122,11,4,4.8,2026-01-02,0,0,1,0,0,0,0,0,1,0,0,0,0,0,0,0,0,1,0,0,0,0,0,0,0,0,0,0,1,1,0,0,1,0,0,0,1,0
0,80.7,231.38,-2.0,205.0,2.2,0.0,0.12195121951219512,10,4,4.8,2026-01-02,0,0,1,0,0,0,0,0,1,0,0,0,0,0,0,0,0,1,0,0,0,0,0,0,0,0,0,0,1,0,1,0,1,0,1,0,0,0
2,55.1,48.27,3.2,205.0,2.2,2.0,0.8536585365853658,13,4,4.8,2026-01-02,0,0,1,0,0,0,0,0,1,0,0,0,0,0,1,0,0,0,0,0,0,0,0,0,0,0,0,1,0,0,1,0,0,1,0,1,0,0
2,62.7,27.2,13.8,155.0,11.0,2.0,0.8903225806451613,10,4,13.6,2026-01-02,0,1,0,0,0,0,1,0,0,0,0,0,0,1,0,0,0,0,0,0,1,0,0,0,0,0,0,0,0,1,0,0,0,1,0,0,1,0
2,69.8,39.92,11.4,155.0,11.0,2.0,0.7935483870967742,10,4,13.6,2026-01-02,0,1,0,0,0,0,1,0,0,0,0,0,0,1,0,0,0,0,0,0,1,0,0,0,0,0,0,0,0,1,0,0,0,1,0,0,0,1
2,48.3,60.95,10.1,155.0,11.0,5.1,0.6967741935483871,10,4,13.6,2026-01-02,0,1,0,0,0,0,1,0,0,0,0,0,0,1,0,0,0,0,0,0,1,0,0,0,0,0,0,0,0,1,0,0,0,1,1,0,0,0
1,58.8,93.8,4.1,155.0,11.0,2.0,0.5290322580645161,9,4,13.6,2026-01-02,0,1,0,0,0,0,1,0,0,0,1,0,0,0,0,0,0,0,0,1,0,0,0,0,0,0,0,0,0,1,0,0,1,0,1,0,0,0
1,57.8,108.92,5.8,155.0,11.0,2.0,0.432258064516129,9,4,13.6,2026-01-02,0,1,0,0,0,0,1,0,0,0,1,0,0,0,0,0,0,0,0,1,0,0,0,0,0,0,0,0,0,0,1,0,1,0,0,1,0,0
0,63.6,254.4,-0.9,205.0,2.2,1.1,0.04878048780487805,10,4,4.8,2026-01-02,0,0,1,0,0,0,0,0,1,0,0,0,0,0,0,0,0,1,0,0,0,0,0,0,0,0,0,0,1,0,1,0,1,0,0,1,0,0
0,75.7,172.38,-2.9,155.0,7.4,1.0,0.06451612903225806,15,5,18.9,2026-01-03,0,0,0,0,1,0,1,0,0,0,0,0,0,0,0,0,1,0,0,0,0,1,0,0,0,0,0,0,0,0,0,1,1,0,0,0,1,0
3,49.8,13.8,1.4,140.0,6.9,2.0,1.0,16,5,-1.8,2026-01-03,0,0,0,1,0,0,0,1,0,0,0,1,0,0,0,0,0,0,0,0,0,0,1,0,0,0,0,0,0,0,1,0,1,0,1,0,0,0
3,70.6,17.58,-2.3,140.0,6.9,2.0,0.9285714285714286,15,5,-1.8,2026-01-03,0,0,0,1,0,0,0,1,0,0,0,1,0,0,0,0,0,0,0,0,0,0,1,0,0,0,0,0,0,0,1,0,1,0,0,0,0,1
3,74.3,34.62,1.7,140.0,6.9,6.5,0.8214285714285714,15,5,-1.8,2026-01-03,0,0,0,1,0,0,0,1,0,0,0,1,0,0,0,0,0,0,0,0,0,0,1,0,0,0,0,0,0,1,0,0,1,0,0,1,0,0
2,76.8,35.8,-3.0,140.0,6.9,2.0,0.7857142857142857,15,5,-1.8,2026-01-03,0,0,0,1,0,0,0,1,0,0,0,0,1,0,0,0,0,0,0,0,0,0,0,1,0,0,0,0,0,0,0,1,0,1,1,0,0,0
1,71.5,80.33,-1.1,140.0,6.9,2.0,0.5357142857142857,14,5,-1.8,2026-01-03,0,0,0,1,0,0,0,1,0,0,0,0,0,0,0,1,0,0,0,0,0,0,0,0,1,0,0,0,0,0,1,0,1,0,0,0,1,0
2,78.5,73.92,-2.6,140.0,6.9,3.8,0.5714285714285714,14,5,-1.8,2026-01-03,0,0,0,1,0,0,0,1,0,0,0,0,1,0,0,0,0,0,0,0,0,0,0,1,0,0,0,0,0,1,0,0,1,0,1,0,0,0
0,66.9,157.12,2.2,155.0,7.4,0.0,0.16129032258064516,16,5,18.9,2026-01-03,0,0,0,0,1,0,1,0,0,0,0,0,0,0,0,0,1,0,0,0,0,1,0,0,0,0,0,0,0,0,0,1,0,1,0,0,1,0
1,66.2,100.42,0.8,140.0,6.9,2.0,0.42857142857142855,14,5,-1.8,2026-01-03,0,0,0,1,0,0,0,1,0,0,0,0,0,0,0,1,0,0,0,0,0,0,0,0,1,0,0,0,0,1,0,0,0,1,0,0,0,1
1,58.7,118.22,-1.2,140.0,6.9,4.4,0.32142857142857145,14,5,-1.8,2026-01-03,0,0,0,1,0,0,0,1,0,0,0,0,0,0,0,1,0,0,0,0,0,0,0,0,1,0,0,0,0,1,0,0,1,0,0,1,0,0
0,76.8,140.8,0.4,140.0,6.9,0.0,0.2857142857142857,14,5,-1.8,2026-01-03,0,0,0,1,0,0,0,1,0,0,0,0,0,0,0,0,0,0,1,0,0,0,0,0,0,1,0,0,0,0,1,0,1,0,0,0,0,1
0,80.2,158.58,0.6,140.0,6.9,0.0,0.17857142857142858,14,5,-1.8,2026-01-03,0,0,0,1,0,0,0,1,0,0,0,0,0,0,0,0,0,0,1,0,0,0,0,0,0,1,0,0,0,0,0,1,0,1,1,0,0,0
2,66.4,59.33,-0.0,140.0,6.9,2.0,0.6785714285714286,15,5,-1.8,2026-01-03,0,0,0,1,0,0,0,1,0,0,0,0,1,0,0,0,0,0,0,0,0,0,0,1,0,0,0,0,0,1,0,0,1,0,1,0,0,0
0,66.7,140.53,2.0,155.0,7.4,0.0,0.25806451612903225,16,5,18.9,2026-01-03,0,0,0,0,1,0,1,0,0,0,0,0,0,0,0,0,1,0,0,0,0,1,0,0,0,0,0,0,0,1,0,0,1,0,0,1,0,0
1,53.3,97.47,10.0,155.0,7.4,2.0,0.5290322580645161,17,5,18.9,2026-01-03,0,0,0,0,1,0,1,0,0,0,1,0,0,0,0,0,0,0,0,1,0,0,0,0,0,0,0,0,0,1,0,0,1,0,1,0,0,0
1,66.5,105.29,10.7,155.0,7.4,2.0,0.432258064516129,16,5,18.9,2026-01-03,0,0,0,0,1,0,1,0,0,0,1,0,0,0,0,0,0,0,0,1,0,0,0,0,0,0,0,0,0,1,0,0,1,0,0,1,0,0
2,53.1,60.15,14.0,155.0,7.4,3.3,0.6967741935483871,17,5,18.9,2026-01-03,0,0,0,0,1,0,1,0,0,0,0,0,0,1,0,0,0,0,0,0,1,0,0,0,0,0,0,0,0,1,0,0,1,0,0,1,0,0
2,53.7,46.62,19.2,155.0,7.4,2.0,0.7935483870967742,17,5,18.9,2026-01-03,0,0,0,0,1,0,1,0,0,0,0,0,0,1,0,0,0,0,0,0,1,0,0,0,0,0,0,0,0,0,0,1,1,0,0,1,0,0
2,48.0,37.0,15.9,155.0,7.4,2.0,0.8903225806451613,18,5,18.9,2026-01-03,0,0,0,0,1,0,1,0,0,0,0,0,0,1,0,0,0,0,0,0,1,0,0,0,0,0,0,0,0,0,0,1,1,0,0,1,0,0
2,79.9,31.73,5.1,205.0,8.2,2.0,0.8536585365853658,8,5,7.2,2026-01-03,0,0,0,0,0,1,0,0,1,0,0,0,0,0,1,0,0,0,0,0,0,0,0,0,0,0,0,1,0,0,0,1,0,1,0,0,0,1
0,63.9,238.38,2.1,205.0,8.2,0.0,0.12195121951219512,5,5,7.2,2026-01-03,0,0,0,0,0,1,0,0,1,0,0,0,0,0,0,0,0,1,0,0,0,0,0,0,0,0,0,0,1,0,1,0,1,0,0,1,0,0
0,61.1,224.27,1.6,205.0,8.2,0.0,0.1951219512195122,6,5,7.2,2026-01-03,0,0,0,0,0,1,0,0,1,0,0,0,0,0,0,0,0,1,0,0,0,0,0,0,0,0,0,0,1,0,1,0,1,0,0,1,0,0
1,70.7,178.22,-0.0,205.0,8.2,4.1,0.3170731707317073,6,5,7.2,2026-01-03,0,0,0,0,0,1,0,0,1,1,0,0,0,0,0,0,0,0,0,0,0,0,0,0,0,0,1,0,0,1,0,0,0,1,0,0,0,1
1,66.7,162.21,2.2,205.0,8.2,2.0,0.3902439024390244,6,5,7.2,2026-01-03,0,0,0,0,0,1,0,0,1,1,0,0,0,0,0,0,0,0,0,0,0,0,0,0,0,0,1,0,0,1,0,0,1,0,0,0,0,1
1,75.9,139.4,2.9,205.0,8.2,2.0,0.4634146341463415,6,5,7.2,2026-01-03,0,0,0,0,0,1,0,0,1,1,0,0,0,0,0,0,0,0,0,0,0,0,0,0,0,0,1,0,0,0,0,1,0,1,0,1,0,0
2,59.0,75.17,6.2,205.0,8.2,5.1,0.7073170731707317,7,5,7.2,2026-01-03,0,0,0,0,0,1,0,0,1,0,0,0,0,0,1,0,0,0,0,0,0,0,0,0,0,0,0,1,0,0,1,0,1,0,0,0,1,0
2,69.3,56.12,6.2,205.0,8.2,2.0,0.7804878048780488,8,5,7.2,2026-01-03,0,0,0,0,0,1,0,0,1,0,0,0,0,0,1,0,0,0,0,0,0,0,0,0,0,0,0,1,0,0,1,0,1,0,0,0,0,1
0,57.3,182.45,-0.8,140.0,6.9,2.9,0.07142857142857142,13,5,-1.8,2026-01-03,0,0,0,1,0,0,0,1,0,0,0,0,0,0,0,0,0,0,1,0,0,0,0,0,0,1,0,0,0,1,0,0,1,0,0,0,1,0
1,50.5,124.58,4.2,155.0,7.4,5.1,0.33548387096774196,16,5,18.9,2026-01-03,0,0,0,0,1,0,1,0,0,0,1,0,0,0,0,0,0,0,0,1,0,0,0,0,0,0,0,0,0,0,1,0,1,0,0,0,1,0
0,61.9,254.68,1.2,205.0,8.2,2.3,0.04878048780487805,5,5,7.2,2026-01-03,0,0,0,0,0,1,0,0,1,0,0,0,0,0,0,0,0,1,0,0,0,0,0,0,0,0,0,0,1,0,1,0,1,0,0,1,0,0
2,31.0,64.33,22.9,205.0,12.8,2.0,0.8536585365853658,14,5,25.9,2026-01-03,0,0,1,0,0,0,0,0,1,0,0,0,0,0,1,0,0,0,0,0,0,0,0,0,0,0,0,1,0,1,0,0,1,0,0,1,0,0
2,57.7,75.38,18.4,205.0,12.8,4.3,0.7073170731707317,13,5,25.9,2026-01-03,0,0,1,0,0,0,0,0,1,0,0,0,0,0,1,0,0,0,0,0,0,0,0,0,0,0,0,1,0,1,0,0,1,0,0,1,0,0
2,56.4,61.5,23.1,205.0,12.8,2.0,0.7804878048780488,14,5,25.9,2026-01-03,0,0,1,0,0,0,0,0,1,0,0,0,0,0,1,0,0,0,0,0,0,0,0,0,0,0,0,1,0,1,0,0,1,0,0,0,1,0
0,63.2,181.47,2.5,140.0,10.2,2.3,0.07142857142857142,7,5,17.4,2026-01-03,1,0,0,0,0,0,0,1,0,0,0,0,0,0,0,0,0,0,1,0,0,0,0,0,0,1,0,0,0,0,0,1,1,0,1,0,0,0
0,71.8,162.08,4.0,140.0,10.2,0.0,0.17857142857142858,7,5,17.4,2026-01-03,1,0,0,0,0,0,0,1,0,0,0,0,0,0,0,0,0,0,1,0,0,0,0,0,0,1,0,0,0,0,1,0,1,0,0,0,1,0
0,63.1,149.93,7.1,140.0,10.2,0.0,0.2857142857142857,7,5,17.4,2026-01-03,1,0,0,0,0,0,0,1,0,0,0,0,0,0,0,0,0,0,1,0,0,0,0,0,0,1,0,0,0,1,0,0,1,0,0,1,0,0
1,61.8,117.7,4.7,140.0,10.2,6.4,0.32142857142857145,8,5,17.4,2026-01-03,1,0,0,0,0,0,0,1,0,0,0,0,0,0,0,1,0,0,0,0,0,0,0,0,1,0,0,0,0,1,0,0,1,0,0,1,0,0
1,67.0,100.08,4.7,140.0,10.2,2.0,0.42857142857142855,8,5,17.4,2026-01-03,1,0,0,0,0,0,0,1,0,0,0,0,0,0,0,1,0,0,0,0,0,0,0,0,1,0,0,0,0,1,0,0,1,0,1,0,0,0
1,63.5,85.67,9.1,140.0,10.2,2.0,0.5357142857142857,8,5,17.4,2026-01-03,1,0,0,0,0,0,0,1,0,0,0,0,0,0,0,1,0,0,0,0,0,0,0,0,1,0,0,0,0,0,0,1,1,0,1,0,0,0
2,53.5,78.08,9.7,140.0,10.2,5.9,0.5714285714285714,8,5,17.4,2026-01-03,1,0,0,0,0,0,0,1,0,0,0,0,1,0,0,0,0,0,0,0,0,0,0,1,0,0,0,0,0,0,1,0,1,0,0,1,0,0
2,50.3,53.47,15.6,140.0,10.2,2.0,0.7857142857142857,9,5,17.4,2026-01-03,1,0,0,0,0,0,0,1,0,0,0,0,1,0,0,0,0,0,0,0,0,0,0,1,0,0,0,0,0,0,1,0,0,1,1,0,0,0
3,66.0,36.0,11.1,140.0,10.2,4.8,0.8214285714285714,9,5,17.4,2026-01-03,1,0,0,0,0,0,0,1,0,0,0,1,0,0,0,0,0,0,0,0,0,0,1,0,0,0,0,0,0,0,1,0,1,0,1,0,0,0
3,51.8,25.42,18.2,140.0,10.2,2.0,0.9285714285714286,9,5,17.4,2026-01-03,1,0,0,0,0,0,0,1,0,0,0,1,0,0,0,0,0,0,0,0,0,0,1,0,0,0,0,0,0,1,0,0,1,0,0,1,0,0
3,42.0,19.0,18.9,140.0,10.2,2.0,1.0,9,5,17.4,2026-01-03,1,0,0,0,0,0,0,1,0,0,0,1,0,0,0,0,0,0,0,0,0,0,1,0,0,0,0,0,0,1,0,0,1,0,0,1,0,0
0,66.5,173.92,1.5,155.0,6.8,3.4,0.06451612903225806,9,5,9.8,2026-01-03,0,1,0,0,0,0,1,0,0,0,0,0,0,0,0,0,1,0,0,0,0,1,0,0,0,0,0,0,0,0,1,0,1,0,0,1,0,0
2,57.4,63.08,11.8,140.0,10.2,2.0,0.6785714285714286,8,5,17.4,2026-01-03,1,0,0,0,0,0,0,1,0,0,0,0,1,0,0,0,0,0,0,0,0,0,0,1,0,0,0,0,0,1,0,0,0,1,0,1,0,0
0,65.3,141.47,2.8,155.0,6.8,0.0,0.25806451612903225,10,5,9.8,2026-01-03,0,1,0,0,0,0,1,0,0,0,0,0,0,0,0,0,1,0,0,0,0,1,0,0,0,0,0,0,0,0,1,0,1,0,0,0,0,1
0,68.7,156.38,5.1,155.0,6.8,0.0,0.16129032258064516,9,5,9.8,2026-01-03,0,1,0,0,0,0,1,0,0,0,0,0,0,0,0,0,1,0,0,0,0,1,0,0,0,0,0,0,0,1,0,0,0,1,0,0,0,1
1,46.8,170.5,10.7,205.0,12.8,2.0,0.3902439024390244,12,5,25.9,2026-01-03,0,0,1,0,0,0,0,0,1,1,0,0,0,0,0,0,0,0,0,0,0,0,0,0,0,0,1,0,0,0,0,1,0,1,0,0,0,1
1,53.9,181.02,8.9,205.0,12.8,3.2,0.3170731707317073,12,5,25.9,2026-01-03,0,0,1,0,0,0,0,0,1,1,0,0,0,0,0,0,0,0,0,0,0,0,0,0,0,0,1,0,0,0,1,0,1,0,0,0,0,1
0,58.5,226.0,6.7,205.0,12.8,0.0,0.1951219512195122,12,5,25.9,2026-01-03,0,0,1,0,0,0,0,0,1,0,0,0,0,0,0,0,0,1,0,0,0,0,0,0,0,0,0,0,1,1,0,0,1,0,0,0,0,1
0,56.0,241.67,2.7,205.0,12.8,0.0,0.12195121951219512,11,5,25.9,2026-01-03,0,0,1,0,0,0,0,0,1,0,0,0,0,0,0,0,0,1,0,0,0,0,0,0,0,0,0,0,1,1,0,0,0,1,0,1,0,0
0,63.6,254.4,2.7,205.0,12.8,2.6,0.04878048780487805,11,5,25.9,2026-01-03,0,0,1,0,0,0,0,0,1,0,0,0,0,0,0,0,0,1,0,0,0,0,0,0,0,0,0,0,1,0,0,1,0,1,0,1,0,0
1,42.9,161.4,10.4,205.0,12.8,2.0,0.4634146341463415,13,5,25.9,2026-01-03,0,0,1,0,0,0,0,0,1,1,0,0,0,0,0,0,0,0,0,0,0,0,0,0,0,0,1,0,0,1,0,0,0,1,0,1,0,0
2,49.8,48.25,7.2,155.0,6.8,2.0,0.7935483870967742,11,5,9.8,2026-01-03,0,1,0,0,0,0,1,0,0,0,0,0,0,1,0,0,0,0,0,0,1,0,0,0,0,0,0,0,0,1,0,0,1,0,0,1,0,0
2,59.5,59.08,8.4,155.0,6.8,4.7,0.6967741935483871,11,5,9.8,2026-01-03,0,1,0,0,0,0,1,0,0,0,0,0,0,1,0,0,0,0,0,0,1,0,0,0,0,0,0,0,0,0,1,0,0,1,0,1,0,0
1,66.9,88.4,-1.7,155.0,6.8,2.0,0.5290322580645161,10,5,9.8,2026-01-03,0,1,0,0,0,0,1,0,0,0,1,0,0,0,0,0,0,0,0,1,0,0,0,0,0,0,0,0,0,1,0,0,1,0,1,0,0,0
1,53.5,110.71,1.3,155.0,6.8,2.0,0.432258064516129,10,5,9.8,2026-01-03,0,1,0,0,0,0,1,0,0,0,1,0,0,0,0,0,0,0,0,1,0,0,0,0,0,0,0,0,0,1,0,0,0,1,0,0,1,0
1,58.2,123.3,4.4,155.0,6.8,4.6,0.33548387096774196,10,5,9.8,2026-01-03,0,1,0,0,0,0,1,0,0,0,1,0,0,0,0,0,0,0,0,1,0,0,0,0,0,0,0,0,0,0,1,0,1,0,0,1,0,0
2,72.4,20.73,7.8,155.0,6.8,2.0,0.8903225806451613,11,5,9.8,2026-01-03,0,1,0,0,0,0,1,0,0,0,0,0,0,1,0,0,0,0,0,0,1,0,0,0,0,0,0,0,0,1,0,0,0,1,1,0,0,0
0,69.5,173.42,0.5,155.0,3.0,1.7,0.06451612903225806,16,6,9.5,2026-01-04,0,0,0,0,1,0,1,0,0,0,0,0,0,0,0,0,1,0,0,0,0,1,0,0,0,0,0,0,0,1,0,0,0,1,0,0,0,1
3,62.8,5.13,11.5,140.0,10.3,2.0,1.0,17,6,13.6,2026-01-04,0,0,0,1,0,0,0,1,0,0,0,1,0,0,0,0,0,0,0,0,0,0,1,0,0,0,0,0,0,1,0,0,1,0,0,0,0,1
3,64.1,20.29,11.6,140.0,10.3,2.0,0.9285714285714286,16,6,13.6,2026-01-04,0,0,0,1,0,0,0,1,0,0,0,1,0,0,0,0,0,0,0,0,0,0,1,0,0,0,0,0,0,1,0,0,1,0,1,0,0,0
3,56.7,37.55,18.5,140.0,10.3,4.4,0.8214285714285714,16,6,13.6,2026-01-04,0,0,0,1,0,0,0,1,0,0,0,1,0,0,0,0,0,0,0,0,0,0,1,0,0,0,0,0,0,1,0,0,0,1,0,1,0,0
2,47.9,55.07,9.0,140.0,10.3,2.0,0.7857142857142857,16,6,13.6,2026-01-04,0,0,0,1,0,0,0,1,0,0,0,0,1,0,0,0,0,0,0,0,0,0,0,1,0,0,0,0,0,0,0,1,0,1,0,1,0,0
1,62.9,86.07,4.2,140.0,10.3,2.0,0.5357142857142857,15,6,13.6,2026-01-04,0,0,0,1,0,0,0,1,0,0,0,0,0,0,0,1,0,0,0,0,0,0,0,0,1,0,0,0,0,0,1,0,0,1,0,1,0,0
2,68.6,75.57,9.6,140.0,10.3,4.9,0.5714285714285714,15,6,13.6,2026-01-04,0,0,0,1,0,0,0,1,0,0,0,0,1,0,0,0,0,0,0,0,0,0,0,1,0,0,0,0,0,1,0,0,1,0,0,1,0,0
1,61.2,102.5,7.1,140.0,10.3,2.0,0.42857142857142855,15,6,13.6,2026-01-04,0,0,0,1,0,0,0,1,0,0,0,0,0,0,0,1,0,0,0,0,0,0,0,0,1,0,0,0,0,0,1,0,0,1,0,1,0,0
1,64.9,117.18,3.8,140.0,10.3,4.6,0.32142857142857145,15,6,13.6,2026-01-04,0,0,0,1,0,0,0,1,0,0,0,0,0,0,0,1,0,0,0,0,0,0,0,0,1,0,0,0,0,0,0,1,1,0,1,0,0,0
0,60.6,151.6,0.8,140.0,10.3,0.0,0.2857142857142857,15,6,13.6,2026-01-04,0,0,0,1,0,0,0,1,0,0,0,0,0,0,0,0,0,0,1,0,0,0,0,0,0,1,0,0,0,0,0,1,1,0,0,0,1,0
0,53.4,162.75,2.6,155.0,3.0,0.0,0.16129032258064516,17,6,9.5,2026-01-04,0,0,0,0,1,0,1,0,0,0,0,0,0,0,0,0,1,0,0,0,0,1,0,0,0,0,0,0,0,0,1,0,0,1,0,1,0,0
2,64.4,60.17,9.8,140.0,10.3,2.0,0.6785714285714286,16,6,13.6,2026-01-04,0,0,0,1,0,0,0,1,0,0,0,0,1,0,0,0,0,0,0,0,0,0,0,1,0,0,0,0,0,0,0,1,1,0,0,1,0,0
1,63.1,122.48,0.3,155.0,3.0,4.6,0.33548387096774196,17,6,9.5,2026-01-04,0,0,0,0,1,0,1,0,0,0,1,0,0,0,0,0,0,0,0,1,0,0,0,0,0,0,0,0,0,1,0,0,0,1,0,0,1,0
0,72.9,161.62,1.3,140.0,10.3,0.0,0.17857142857142858,15,6,13.6,2026-01-04,0,0,0,1,0,0,0,1,0,0,0,0,0,0,0,0,0,0,1,0,0,0,0,0,0,1,0,0,0,1,0,0,1,0,1,0,0,0
1,73.4,84.07,6.4,155.0,3.0,2.0,0.5290322580645161,18,6,9.5,2026-01-04,0,0,0,0,1,0,1,0,0,0,1,0,0,0,0,0,0,0,0,1,0,0,0,0,0,0,0,0,0,0,1,0,0,1,0,0,1,0
2,72.0,57.0,5.3,155.0,3.0,4.8,0.6967741935483871,18,6,9.5,2026-01-04,0,0,0,0,1,0,1,0,0,0,0,0,0,1,0,0,0,0,0,0,1,0,0,0,0,0,0,0,0,0,0,1,1,0,0,1,0,0
2,58.8,44.5,7.3,155.0,3.0,2.0,0.7935483870967742,18,6,9.5,2026-01-04,0,0,0,0,1,0,1,0,0,0,0,0,0,1,0,0,0,0,0,0,1,0,0,0,0,0,0,0,0,0,1,0,0,1,0,0,0,1
2,80.6,15.27,2.6,155.0,3.0,2.0,0.8903225806451613,19,6,9.5,2026-01-04,0,0,0,0,1,0,1,0,0,0,0,0,0,1,0,0,0,0,0,0,1,0,0,0,0,0,0,0,0,0,1,0,0,1,1,0,0,0
0,81.6,251.4,-0.9,205.0,3.8,3.4,0.04878048780487805,6,6,5.9,2026-01-04,0,0,0,0,0,1,0,0,1,0,0,0,0,0,0,0,0,1,0,0,0,0,0,0,0,0,0,0,1,0,1,0,1,0,0,0,0,1
0,66.1,237.46,-2.8,205.0,3.8,0.0,0.12195121951219512,6,6,5.9,2026-01-04,0,0,0,0,0,1,0,0,1,0,0,0,0,0,0,0,0,1,0,0,0,0,0,0,0,0,0,0,1,0,0,1,0,1,0,1,0,0
0,57.3,226.8,4.1,205.0,3.8,0.0,0.1951219512195122,7,6,5.9,2026-01-04,0,0,0,0,0,1,0,0,1,0,0,0,0,0,0,0,0,1,0,0,0,0,0,0,0,0,0,0,1,1,0,0,1,0,0,1,0,0
1,74.1,177.65,1.8,205.0,3.8,5.4,0.3170731707317073,7,6,5.9,2026-01-04,0,0,0,0,0,1,0,0,1,1,0,0,0,0,0,0,0,0,0,0,0,0,0,0,0,0,1,0,0,0,0,1,1,0,0,1,0,0
1,54.5,167.29,-1.2,205.0,3.8,2.0,0.3902439024390244,7,6,5.9,2026-01-04,0,0,0,0,0,1,0,0,1,1,0,0,0,0,0,0,0,0,0,0,0,0,0,0,0,0,1,0,0,0,1,0,1,0,0,1,0,0
1,84.0,134.0,3.9,205.0,3.8,2.0,0.4634146341463415,7,6,5.9,2026-01-04,0,0,0,0,0,1,0,0,1,1,0,0,0,0,0,0,0,0,0,0,0,0,0,0,0,0,1,0,0,1,0,0,1,0,0,1,0,0
2,76.4,72.27,8.8,205.0,3.8,5.3,0.7073170731707317,8,6,5.9,2026-01-04,0,0,0,0,0,1,0,0,1,0,0,0,0,0,1,0,0,0,0,0,0,0,0,0,0,0,0,1,0,0,1,0,1,0,1,0,0,0
2,64.8,58.0,4.4,205.0,3.8,2.0,0.7804878048780488,9,6,5.9,2026-01-04,0,0,0,0,0,1,0,0,1,0,0,0,0,0,1,0,0,0,0,0,0,0,0,0,0,0,0,1,0,1,0,0,1,0,0,0,0,1
2,67.1,40.27,2.6,205.0,3.8,2.0,0.8536585365853658,9,6,5.9,2026-01-04,0,0,0,0,0,1,0,0,1,0,0,0,0,0,1,0,0,0,0,0,0,0,0,0,0,0,0,1,0,1,0,0,0,1,0,1,0,0
1,72.6,102.75,1.3,155.0,3.0,2.0,0.432258064516129,17,6,9.5,2026-01-04,0,0,0,0,1,0,1,0,0,0,1,0,0,0,0,0,0,0,0,1,0,0,0,0,0,0,0,0,0,0,1,0,1,0,0,1,0,0
0,67.7,180.72,-0.1,140.0,10.3,2.1,0.07142857142857142,14,6,13.6,2026-01-04,0,0,0,1,0,0,0,1,0,0,0,0,0,0,0,0,0,0,1,0,0,0,0,0,0,1,0,0,0,0,1,0,1,0,1,0,0,0
0,50.3,151.47,2.1,155.0,3.0,0.0,0.25806451612903225,17,6,9.5,2026-01-04,0,0,0,0,1,0,1,0,0,0,0,0,0,0,0,0,1,0,0,0,0,1,0,0,0,0,0,0,0,0,0,1,1,0,1,0,0,0
2,44.3,66.54,9.3,205.0,7.5,2.0,0.7804878048780488,15,6,12.8,2026-01-04,0,0,1,0,0,0,0,0,1,0,0,0,0,0,1,0,0,0,0,0,0,0,0,0,0,0,0,1,0,0,0,1,1,0,0,1,0,0
0,57.2,182.47,2.0,140.0,11.5,2.7,0.07142857142857142,8,6,14.9,2026-01-04,1,0,0,0,0,0,0,1,0,0,0,0,0,0,0,0,0,0,1,0,0,0,0,0,0,1,0,0,0,0,0,1,1,0,0,0,0,1
0,56.3,168.54,1.3,140.0,11.5,0.0,0.17857142857142858,8,6,14.9,2026-01-04,1,0,0,0,0,0,0,1,0,0,0,0,0,0,0,0,0,0,1,0,0,0,0,0,0,1,0,0,0,1,0,0,1,0,0,0,1,0
0,65.4,148.4,3.9,140.0,11.5,0.0,0.2857142857142857,8,6,14.9,2026-01-04,1,0,0,0,0,0,0,1,0,0,0,0,0,0,0,0,0,0,1,0,0,0,0,0,0,1,0,0,0,1,0,0,1,0,0,1,0,0
1,72.0,116.0,7.2,140.0,11.5,5.1,0.32142857142857145,9,6,14.9,2026-01-04,1,0,0,0,0,0,0,1,0,0,0,0,0,0,0,1,0,0,0,0,0,0,0,0,1,0,0,0,0,0,0,1,0,1,1,0,0,0
1,80.0,94.67,4.3,140.0,11.5,2.0,0.42857142857142855,9,6,14.9,2026-01-04,1,0,0,0,0,0,0,1,0,0,0,0,0,0,0,1,0,0,0,0,0,0,0,0,1,0,0,0,0,1,0,0,1,0,0,0,1,0
1,78.2,75.87,2.9,140.0,11.5,2.0,0.5357142857142857,9,6,14.9,2026-01-04,1,0,0,0,0,0,0,1,0,0,0,0,0,0,0,1,0,0,0,0,0,0,0,0,1,0,0,0,0,0,1,0,1,0,0,1,0,0
2,64.2,76.3,7.6,140.0,11.5,4.3,0.5714285714285714,9,6,14.9,2026-01-04,1,0,0,0,0,0,0,1,0,0,0,0,1,0,0,0,0,0,0,0,0,0,0,1,0,0,0,0,0,1,0,0,1,0,1,0,0,0
2,63.9,60.38,9.5,140.0,11.5,2.0,0.6785714285714286,9,6,14.9,2026-01-04,1,0,0,0,0,0,0,1,0,0,0,0,1,0,0,0,0,0,0,0,0,0,0,1,0,0,0,0,0,0,1,0,1,0,0,1,0,0
2,61.9,45.73,9.7,140.0,11.5,2.0,0.7857142857142857,10,6,14.9,2026-01-04,1,0,0,0,0,0,0,1,0,0,0,0,1,0,0,0,0,0,0,0,0,0,0,1,0,0,0,0,0,1,0,0,1,0,0,0,0,1
3,65.4,36.1,11.5,140.0,11.5,2.7,0.8214285714285714,10,6,14.9,2026-01-04,1,0,0,0,0,0,0,1,0,0,0,1,0,0,0,0,0,0,0,0,0,0,1,0,0,0,0,0,0,0,0,1,1,0,0,1,0,0
3,60.2,21.92,14.0,140.0,11.5,2.0,0.9285714285714286,10,6,14.9,2026-01-04,1,0,0,0,0,0,0,1,0,0,0,1,0,0,0,0,0,0,0,0,0,0,1,0,0,0,0,0,0,0,0,1,1,0,0,1,0,0
3,49.6,13.93,14.4,140.0,11.5,2.0,1.0,10,6,14.9,2026-01-04,1,0,0,0,0,0,0,1,0,0,0,1,0,0,0,0,0,0,0,0,0,0,1,0,0,0,0,0,0,1,0,0,0,1,0,0,1,0
0,56.9,175.52,1.9,155.0,14.1,3.2,0.06451612903225806,10,6,11.8,2026-01-04,0,1,0,0,0,0,1,0,0,0,0,0,0,0,0,0,1,0,0,0,0,1,0,0,0,0,0,0,0,0,0,1,1,0,0,0,0,1
0,80.2,151.58,1.1,155.0,14.1,0.0,0.16129032258064516,10,6,11.8,2026-01-04,0,1,0,0,0,0,1,0,0,0,0,0,0,0,0,0,1,0,0,0,0,1,0,0,0,0,0,0,0,1,0,0,1,0,0,0,0,1
2,57.9,46.4,12.5,205.0,7.5,2.0,0.8536585365853658,15,6,12.8,2026-01-04,0,0,1,0,0,0,0,0,1,0,0,0,0,0,1,0,0,0,0,0,0,0,0,0,0,0,0,1,0,1,0,0,1,0,1,0,0,0
2,54.8,75.87,8.9,205.0,7.5,5.0,0.7073170731707317,14,6,12.8,2026-01-04,0,0,1,0,0,0,0,0,1,0,0,0,0,0,1,0,0,0,0,0,0,0,0,0,0,0,0,1,0,1,0,0,1,0,0,1,0,0
1,53.8,154.13,2.4,205.0,7.5,2.0,0.4634146341463415,14,6,12.8,2026-01-04,0,0,1,0,0,0,0,0,1,1,0,0,0,0,0,0,0,0,0,0,0,0,0,0,0,0,1,0,0,0,0,1,0,1,0,1,0,0
1,43.9,171.71,5.2,205.0,7.5,2.0,0.3902439024390244,13,6,12.8,2026-01-04,0,0,1,0,0,0,0,0,1,1,0,0,0,0,0,0,0,0,0,0,0,0,0,0,0,0,1,0,0,0,0,1,1,0,0,0,0,1
1,65.6,179.07,0.3,205.0,7.5,4.5,0.3170731707317073,13,6,12.8,2026-01-04,0,0,1,0,0,0,0,0,1,1,0,0,0,0,0,0,0,0,0,0,0,0,0,0,0,0,1,0,0,1,0,0,1,0,0,0,0,1
0,74.2,234.08,1.1,205.0,7.5,0.0,0.12195121951219512,12,6,12.8,2026-01-04,0,0,1,0,0,0,0,0,1,0,0,0,0,0,0,0,0,1,0,0,0,0,0,0,0,0,0,0,1,0,1,0,1,0,0,1,0,0
0,70.8,253.2,2.8,205.0,7.5,3.7,0.04878048780487805,12,6,12.8,2026-01-04,0,0,1,0,0,0,0,0,1,0,0,0,0,0,0,0,0,1,0,0,0,0,0,0,0,0,0,0,1,0,0,1,1,0,0,1,0,0
0,66.7,220.53,1.9,205.0,7.5,0.0,0.1951219512195122,13,6,12.8,2026-01-04,0,0,1,0,0,0,0,0,1,0,0,0,0,0,0,0,0,1,0,0,0,0,0,0,0,0,0,0,1,1,0,0,1,0,1,0,0,0
2,64.0,42.33,4.2,155.0,14.1,2.0,0.7935483870967742,12,6,11.8,2026-01-04,0,1,0,0,0,0,1,0,0,0,0,0,0,1,0,0,0,0,0,0,1,0,0,0,0,0,0,0,0,1,0,0,1,0,0,0,0,1
2,70.1,57.32,8.9,155.0,14.1,4.3,0.6967741935483871,12,6,11.8,2026-01-04,0,1,0,0,0,0,1,0,0,0,0,0,0,1,0,0,0,0,0,0,1,0,0,0,0,0,0,0,0,0,1,0,1,0,1,0,0,0
1,60.4,92.73,3.8,155.0,14.1,2.0,0.5290322580645161,11,6,11.8,2026-01-04,0,1,0,0,0,0,1,0,0,0,1,0,0,0,0,0,0,0,0,1,0,0,0,0,0,0,0,0,0,1,0,0,1,0,0,0,1,0
1,66.1,105.46,6.9,155.0,14.1,2.0,0.432258064516129,11,6,11.8,2026-01-04,0,1,0,0,0,0,1,0,0,0,1,0,0,0,0,0,0,0,0,1,0,0,0,0,0,0,0,0,0,0,1,0,1,0,0,1,0,0
1,66.1,121.98,4.1,155.0,14.1,4.5,0.33548387096774196,11,6,11.8,2026-01-04,0,1,0,0,0,0,1,0,0,0,1,0,0,0,0,0,0,0,0,1,0,0,0,0,0,0,0,0,0,1,0,0,0,1,0,1,0,0
2,58.5,30.0,13.2,155.0,14.1,2.0,0.8903225806451613,12,6,11.8,2026-01-04,0,1,0,0,0,0,1,0,0,0,0,0,0,1,0,0,0,0,0,0,1,0,0,0,0,0,0,0,0,0,1,0,1,0,0,0,1,0
0,60.2,144.87,3.6,155.0,14.1,0.0,0.25806451612903225,11,6,11.8,2026-01-04,0,1,0,0,0,0,1,0,0,0,0,0,0,0,0,0,1,0,0,0,0,1,0,0,0,0,0,0,0,0,1,0,1,0,0,1,0,0
2,52.5,52.0,8.8,140.0,3.7,2.0,0.7857142857142857,17,0,13.0,2026-01-05,0,0,0,1,0,0,0,1,0,0,0,0,1,0,0,0,0,0,0,0,0,0,0,1,0,0,0,0,0,0,0,1,1,0,0,1,0,0
0,61.5,159.38,5.2,155.0,17.1,0.0,0.16129032258064516,6,0,22.8,2026-01-05,0,0,0,0,1,0,1,0,0,0,0,0,0,0,0,0,1,0,0,0,0,1,0,0,0,0,0,0,0,1,0,0,1,0,0,0,0,1
0,72.0,173.0,0.6,155.0,17.1,2.8,0.06451612903225806,5,0,22.8,2026-01-05,0,0,0,0,1,0,1,0,0,0,0,0,0,0,0,0,1,0,0,0,0,1,0,0,0,0,0,0,0,1,0,0,1,0,1,0,0,0
3,71.9,1.0,10.7,140.0,3.7,2.0,1.0,18,0,13.0,2026-01-05,0,0,0,1,0,0,0,1,0,0,0,1,0,0,0,0,0,0,0,0,0,0,1,0,0,0,0,0,0,1,0,0,0,1,1,0,0,0
3,57.2,23.17,10.7,140.0,3.7,2.0,0.9285714285714286,17,0,13.0,2026-01-05,0,0,0,1,0,0,0,1,0,0,0,1,0,0,0,0,0,0,0,0,0,0,1,0,0,0,0,0,0,1,0,0,0,1,0,0,0,1
3,61.0,36.83,11.0,140.0,3.7,3.9,0.8214285714285714,17,0,13.0,2026-01-05,0,0,0,1,0,0,0,1,0,0,0,1,0,0,0,0,0,0,0,0,0,0,1,0,0,0,0,0,0,1,0,0,1,0,0,0,1,0
2,53.4,64.75,11.1,140.0,3.7,2.0,0.6785714285714286,17,0,13.0,2026-01-05,0,0,0,1,0,0,0,1,0,0,0,0,1,0,0,0,0,0,0,0,0,0,0,1,0,0,0,0,0,0,0,1,0,1,0,0,0,1
1,61.5,87.0,8.5,140.0,3.7,2.0,0.5357142857142857,16,0,13.0,2026-01-05,0,0,0,1,0,0,0,1,0,0,0,0,0,0,0,1,0,0,0,0,0,0,0,0,1,0,0,0,0,1,0,0,1,0,0,1,0,0
1,57.0,104.25,3.6,140.0,3.7,2.0,0.42857142857142855,16,0,13.0,2026-01-05,0,0,0,1,0,0,0,1,0,0,0,0,0,0,0,1,0,0,0,0,0,0,0,0,1,0,0,0,0,0,0,1,1,0,0,0,1,0
1,69.5,116.42,5.6,140.0,3.7,3.8,0.32142857142857145,16,0,13.0,2026-01-05,0,0,0,1,0,0,0,1,0,0,0,0,0,0,0,1,0,0,0,0,0,0,0,0,1,0,0,0,0,1,0,0,0,1,1,0,0,0
0,63.7,149.53,4.1,140.0,3.7,0.0,0.2857142857142857,16,0,13.0,2026-01-05,0,0,0,1,0,0,0,1,0,0,0,0,0,0,0,0,0,0,1,0,0,0,0,0,0,1,0,0,0,1,0,0,1,0,1,0,0,0
0,72.8,136.47,5.3,155.0,17.1,0.0,0.25806451612903225,6,0,22.8,2026-01-05,0,0,0,0,1,0,1,0,0,0,0,0,0,0,0,0,1,0,0,0,0,1,0,0,0,0,0,0,0,0,0,1,1,0,0,1,0,0
2,70.5,75.25,5.6,140.0,3.7,5.5,0.5714285714285714,16,0,13.0,2026-01-05,0,0,0,1,0,0,0,1,0,0,0,0,1,0,0,0,0,0,0,0,0,0,0,1,0,0,0,0,0,0,1,0,1,0,0,0,0,1
1,79.8,119.7,7.6,155.0,17.1,4.3,0.33548387096774196,6,0,22.8,2026-01-05,0,0,0,0,1,0,1,0,0,0,1,0,0,0,0,0,0,0,0,1,0,0,0,0,0,0,0,0,0,1,0,0,1,0,0,0,1,0
0,72.3,234.88,1.6,205.0,0.0,0.0,0.12195121951219512,7,0,6.8,2026-01-05,0,0,0,0,0,1,0,0,1,0,0,0,0,0,0,0,0,1,0,0,0,0,0,0,0,0,0,0,1,1,0,0,1,0,0,0,0,1
1,56.4,95.4,13.4,155.0,17.1,2.0,0.5290322580645161,7,0,22.8,2026-01-05,0,0,0,0,1,0,1,0,0,0,1,0,0,0,0,0,0,0,0,1,0,0,0,0,0,0,0,0,0,1,0,0,0,1,0,0,1,0
2,67.4,57.77,17.3,155.0,17.1,5.1,0.6967741935483871,7,0,22.8,2026-01-05,0,0,0,0,1,0,1,0,0,0,0,0,0,1,0,0,0,0,0,0,1,0,0,0,0,0,0,0,0,1,0,0,1,0,0,1,0,0
2,44.9,50.29,18.7,155.0,17.1,2.0,0.7935483870967742,7,0,22.8,2026-01-05,0,0,0,0,1,0,1,0,0,0,0,0,0,1,0,0,0,0,0,0,1,0,0,0,0,0,0,0,0,1,0,0,0,1,0,1,0,0
2,45.9,38.4,24.0,155.0,17.1,2.0,0.8903225806451613,8,0,22.8,2026-01-05,0,0,0,0,1,0,1,0,0,0,0,0,0,1,0,0,0,0,0,0,1,0,0,0,0,0,0,0,0,1,0,0,1,0,0,0,0,1
0,77.2,252.13,2.8,205.0,0.0,1.6,0.04878048780487805,7,0,6.8,2026-01-05,0,0,0,0,0,1,0,0,1,0,0,0,0,0,0,0,0,1,0,0,0,0,0,0,0,0,0,0,1,1,0,0,1,0,0,1,0,0
0,56.6,168.42,2.1,140.0,3.7,0.0,0.17857142857142858,16,0,13.0,2026-01-05,0,0,0,1,0,0,0,1,0,0,0,0,0,0,0,0,0,0,1,0,0,0,0,0,0,1,0,0,0,0,0,1,1,0,0,0,0,1
0,63.1,222.93,4.3,205.0,0.0,0.0,0.1951219512195122,8,0,6.8,2026-01-05,0,0,0,0,0,1,0,0,1,0,0,0,0,0,0,0,0,1,0,0,0,0,0,0,0,0,0,0,1,0,0,1,0,1,0,0,0,1
1,57.2,180.47,5.3,205.0,0.0,4.2,0.3170731707317073,8,0,6.8,2026-01-05,0,0,0,0,0,1,0,0,1,1,0,0,0,0,0,0,0,0,0,0,0,0,0,0,0,0,1,0,0,0,1,0,1,0,0,1,0,0
1,58.3,165.71,2.5,205.0,0.0,2.0,0.3902439024390244,8,0,6.8,2026-01-05,0,0,0,0,0,1,0,0,1,1,0,0,0,0,0,0,0,0,0,0,0,0,0,0,0,0,1,0,0,0,0,1,1,0,0,1,0,0
1,69.2,143.87,3.7,205.0,0.0,2.0,0.4634146341463415,8,0,6.8,2026-01-05,0,0,0,0,0,1,0,0,1,1,0,0,0,0,0,0,0,0,0,0,0,0,0,0,0,0,1,0,0,0,1,0,0,1,1,0,0,0
2,61.8,74.7,5.1,205.0,0.0,4.1,0.7073170731707317,9,0,6.8,2026-01-05,0,0,0,0,0,1,0,0,1,0,0,0,0,0,1,0,0,0,0,0,0,0,0,0,0,0,0,1,0,1,0,0,1,0,1,0,0,0
2,62.4,59.0,7.0,205.0,0.0,2.0,0.7804878048780488,10,0,6.8,2026-01-05,0,0,0,0,0,1,0,0,1,0,0,0,0,0,1,0,0,0,0,0,0,0,0,0,0,0,0,1,0,0,1,0,1,0,0,0,1,0
2,63.0,43.0,5.6,205.0,0.0,2.0,0.8536585365853658,10,0,6.8,2026-01-05,0,0,0,0,0,1,0,0,1,0,0,0,0,0,1,0,0,0,0,0,0,0,0,0,0,0,0,1,0,1,0,0,1,0,0,1,0,0
1,70.6,103.58,7.2,155.0,17.1,2.0,0.432258064516129,6,0,22.8,2026-01-05,0,0,0,0,1,0,1,0,0,0,1,0,0,0,0,0,0,0,0,1,0,0,0,0,0,0,0,0,0,0,0,1,1,0,0,0,1,0
0,68.6,180.57,0.5,140.0,3.7,3.8,0.07142857142857142,15,0,13.0,2026-01-05,0,0,0,1,0,0,0,1,0,0,0,0,0,0,0,0,0,0,1,0,0,0,0,0,0,1,0,0,0,0,1,0,0,1,0,1,0,0
2,52.2,50.2,13.4,205.0,6.3,2.0,0.8536585365853658,16,0,11.7,2026-01-05,0,0,1,0,0,0,0,0,1,0,0,0,0,0,1,0,0,0,0,0,0,0,0,0,0,0,0,1,0,0,0,1,0,1,0,1,0,0
2,57.3,61.12,9.6,205.0,6.3,2.0,0.7804878048780488,16,0,11.7,2026-01-05,0,0,1,0,0,0,0,0,1,0,0,0,0,0,1,0,0,0,0,0,0,0,0,0,0,0,0,1,0,1,0,0,0,1,0,1,0,0
0,58.9,182.18,0.9,140.0,8.8,0.9,0.07142857142857142,9,0,13.8,2026-01-05,1,0,0,0,0,0,0,1,0,0,0,0,0,0,0,0,0,0,1,0,0,0,0,0,0,1,0,0,0,0,0,1,1,0,0,0,1,0
0,68.1,163.62,-0.1,140.0,8.8,0.0,0.17857142857142858,9,0,13.8,2026-01-05,1,0,0,0,0,0,0,1,0,0,0,0,0,0,0,0,0,0,1,0,0,0,0,0,0,1,0,0,0,0,0,1,1,0,0,0,0,1
0,74.8,142.13,2.3,140.0,8.8,0.0,0.2857142857142857,9,0,13.8,2026-01-05,1,0,0,0,0,0,0,1,0,0,0,0,0,0,0,0,0,0,1,0,0,0,0,0,0,1,0,0,0,0,1,0,1,0,0,0,1,0
1,44.3,120.62,3.1,140.0,8.8,4.3,0.32142857142857145,10,0,13.8,2026-01-05,1,0,0,0,0,0,0,1,0,0,0,0,0,0,0,1,0,0,0,0,0,0,0,0,1,0,0,0,0,0,0,1,1,0,1,0,0,0
1,44.6,109.42,5.5,140.0,8.8,2.0,0.42857142857142855,10,0,13.8,2026-01-05,1,0,0,0,0,0,0,1,0,0,0,0,0,0,0,1,0,0,0,0,0,0,0,0,1,0,0,0,0,1,0,0,1,0,0,0,0,1
1,64.6,84.93,9.5,140.0,8.8,2.0,0.5357142857142857,10,0,13.8,2026-01-05,1,0,0,0,0,0,0,1,0,0,0,0,0,0,0,1,0,0,0,0,0,0,0,0,1,0,0,0,0,1,0,0,1,0,0,0,0,1
2,46.5,79.25,5.2,140.0,8.8,5.7,0.5714285714285714,10,0,13.8,2026-01-05,1,0,0,0,0,0,0,1,0,0,0,0,1,0,0,0,0,0,0,0,0,0,0,1,0,0,0,0,0,1,0,0,1,0,1,0,0,0
2,59.7,47.2,12.4,140.0,8.8,2.0,0.7857142857142857,11,0,13.8,2026-01-05,1,0,0,0,0,0,0,1,0,0,0,0,1,0,0,0,0,0,0,0,0,0,0,1,0,0,0,0,0,0,0,1,1,0,0,1,0,0
3,64.9,36.18,10.0,140.0,8.8,3.8,0.8214285714285714,11,0,13.8,2026-01-05,1,0,0,0,0,0,0,1,0,0,0,1,0,0,0,0,0,0,0,0,0,0,1,0,0,0,0,0,0,1,0,0,0,1,0,1,0,0
3,70.4,17.67,9.3,140.0,8.8,2.0,0.9285714285714286,11,0,13.8,2026-01-05,1,0,0,0,0,0,0,1,0,0,0,1,0,0,0,0,0,0,0,0,0,0,1,0,0,0,0,0,0,1,0,0,0,1,1,0,0,0
3,56.0,9.67,13.7,140.0,8.8,2.0,1.0,11,0,13.8,2026-01-05,1,0,0,0,0,0,0,1,0,0,0,1,0,0,0,0,0,0,0,0,0,0,1,0,0,0,0,0,0,1,0,0,0,1,0,1,0,0
0,70.6,173.23,-0.8,155.0,10.5,3.1,0.06451612903225806,11,0,14.1,2026-01-05,0,1,0,0,0,0,1,0,0,0,0,0,0,0,0,0,1,0,0,0,0,1,0,0,0,0,0,0,0,1,0,0,0,1,0,0,1,0
0,53.5,162.71,3.5,155.0,10.5,0.0,0.16129032258064516,11,0,14.1,2026-01-05,0,1,0,0,0,0,1,0,0,0,0,0,0,0,0,0,1,0,0,0,0,1,0,0,0,0,0,0,0,0,0,1,0,1,0,1,0,0
2,52.5,65.12,10.3,140.0,8.8,2.0,0.6785714285714286,10,0,13.8,2026-01-05,1,0,0,0,0,0,0,1,0,0,0,0,1,0,0,0,0,0,0,0,0,0,0,1,0,0,0,0,0,1,0,0,1,0,0,0,0,1
1,59.5,123.08,1.7,155.0,10.5,6.0,0.33548387096774196,12,0,14.1,2026-01-05,0,1,0,0,0,0,1,0,0,0,1,0,0,0,0,0,0,0,0,1,0,0,0,0,0,0,0,0,0,0,0,1,1,0,0,0,0,1
0,65.9,141.07,5.4,155.0,10.5,0.0,0.25806451612903225,12,0,14.1,2026-01-05,0,1,0,0,0,0,1,0,0,0,0,0,0,0,0,0,1,0,0,0,0,1,0,0,0,0,0,0,0,0,1,0,1,0,0,1,0,0
1,52.4,155.07,1.1,205.0,6.3,2.0,0.4634146341463415,15,0,11.7,2026-01-05,0,0,1,0,0,0,0,0,1,1,0,0,0,0,0,0,0,0,0,0,0,0,0,0,0,0,1,0,0,1,0,0,0,1,0,1,0,0
1,52.5,168.12,6.4,205.0,6.3,2.0,0.3902439024390244,14,0,11.7,2026-01-05,0,0,1,0,0,0,0,0,1,1,0,0,0,0,0,0,0,0,0,0,0,0,0,0,0,0,1,0,0,0,1,0,1,0,0,0,1,0
1,62.2,179.63,5.7,205.0,6.3,4.5,0.3170731707317073,14,0,11.7,2026-01-05,0,0,1,0,0,0,0,0,1,1,0,0,0,0,0,0,0,0,0,0,0,0,0,0,0,0,1,0,0,1,0,0,1,0,0,0,0,1
0,61.4,224.07,5.3,205.0,6.3,0.0,0.1951219512195122,14,0,11.7,2026-01-05,0,0,1,0,0,0,0,0,1,0,0,0,0,0,0,0,0,1,0,0,0,0,0,0,0,0,0,0,1,1,0,0,1,0,0,0,0,1
0,72.8,234.67,2.0,205.0,6.3,0.0,0.12195121951219512,13,0,11.7,2026-01-05,0,0,1,0,0,0,0,0,1,0,0,0,0,0,0,0,0,1,0,0,0,0,0,0,0,0,0,0,1,1,0,0,1,0,1,0,0,0
2,70.0,73.33,9.4,205.0,6.3,4.3,0.7073170731707317,15,0,11.7,2026-01-05,0,0,1,0,0,0,0,0,1,0,0,0,0,0,1,0,0,0,0,0,0,0,0,0,0,0,0,1,0,1,0,0,1,0,0,1,0,0
2,56.7,31.2,14.3,155.0,10.5,2.0,0.8903225806451613,13,0,14.1,2026-01-05,0,1,0,0,0,0,1,0,0,0,0,0,0,1,0,0,0,0,0,0,1,0,0,0,0,0,0,0,0,0,1,0,1,0,0,0,1,0
2,79.8,35.75,11.9,155.0,10.5,2.0,0.7935483870967742,13,0,14.1,2026-01-05,0,1,0,0,0,0,1,0,0,0,0,0,0,1,0,0,0,0,0,0,1,0,0,0,0,0,0,0,0,1,0,0,1,0,0,0,1,0
2,66.4,57.93,6.7,155.0,10.5,5.5,0.6967741935483871,13,0,14.1,2026-01-05,0,1,0,0,0,0,1,0,0,0,0,0,0,1,0,0,0,0,0,0,1,0,0,0,0,0,0,0,0,1,0,0,1,0,0,1,0,0
1,60.3,92.8,5.8,155.0,10.5,2.0,0.5290322580645161,12,0,14.1,2026-01-05,0,1,0,0,0,0,1,0,0,0,1,0,0,0,0,0,0,0,0,1,0,0,0,0,0,0,0,0,0,0,1,0,1,0,1,0,0,0
1,65.8,105.58,6.5,155.0,10.5,2.0,0.432258064516129,12,0,14.1,2026-01-05,0,1,0,0,0,0,1,0,0,0,1,0,0,0,0,0,0,0,0,1,0,0,0,0,0,0,0,0,0,0,1,0,1,0,1,0,0,0
0,67.8,253.7,2.0,205.0,6.3,3.2,0.04878048780487805,13,0,11.7,2026-01-05,0,0,1,0,0,0,0,0,1,0,0,0,0,0,0,0,0,1,0,0,0,0,0,0,0,0,0,0,1,0,1,0,1,0,0,1,0,0
0,70.0,155.83,0.7,155.0,6.1,0.0,0.16129032258064516,7,1,6.8,2026-01-06,0,0,0,0,1,0,1,0,0,0,0,0,0,0,0,0,1,0,0,0,0,1,0,0,0,0,0,0,0,0,0,1,1,0,0,0,1,0
0,75.2,172.47,-0.5,155.0,6.1,1.9,0.06451612903225806,6,1,6.8,2026-01-06,0,0,0,0,1,0,1,0,0,0,0,0,0,0,0,0,1,0,0,0,0,1,0,0,0,0,0,0,0,0,1,0,0,1,0,1,0,0
3,67.9,1.73,12.8,140.0,1.1,2.0,1.0,19,1,10.6,2026-01-06,0,0,0,1,0,0,0,1,0,0,0,1,0,0,0,0,0,0,0,0,0,0,1,0,0,0,0,0,0,0,0,1,1,0,0,1,0,0
3,60.2,21.92,6.7,140.0,1.1,2.0,0.9285714285714286,18,1,10.6,2026-01-06,0,0,0,1,0,0,0,1,0,0,0,1,0,0,0,0,0,0,0,0,0,0,1,0,0,0,0,0,0,0,0,1,1,0,0,1,0,0
3,56.9,37.52,8.8,140.0,1.1,4.2,0.8214285714285714,18,1,10.6,2026-01-06,0,0,0,1,0,0,0,1,0,0,0,1,0,0,0,0,0,0,0,0,0,0,1,0,0,0,0,0,0,0,0,1,0,1,0,1,0,0
2,67.4,42.07,8.8,140.0,1.1,2.0,0.7857142857142857,18,1,10.6,2026-01-06,0,0,0,1,0,0,0,1,0,0,0,0,1,0,0,0,0,0,0,0,0,0,0,1,0,0,0,0,0,0,0,1,0,1,0,0,0,1
1,65.9,100.54,2.5,140.0,1.1,2.0,0.42857142857142855,17,1,10.6,2026-01-06,0,0,0,1,0,0,0,1,0,0,0,0,0,0,0,1,0,0,0,0,0,0,0,0,1,0,0,0,0,1,0,0,1,0,1,0,0,0
2,60.6,76.9,8.0,140.0,1.1,3.5,0.5714285714285714,17,1,10.6,2026-01-06,0,0,0,1,0,0,0,1,0,0,0,0,1,0,0,0,0,0,0,0,0,0,0,1,0,0,0,0,0,0,0,1,1,0,1,0,0,0
1,93.9,65.4,1.0,140.0,1.1,2.0,0.5357142857142857,17,1,10.6,2026-01-06,0,0,0,1,0,0,0,1,0,0,0,0,0,0,0,1,0,0,0,0,0,0,0,0,1,0,0,0,0,1,0,0,1,0,0,1,0,0
1,66.9,116.85,3.9,140.0,1.1,4.5,0.32142857142857145,17,1,10.6,2026-01-06,0,0,0,1,0,0,0,1,0,0,0,0,0,0,0,1,0,0,0,0,0,0,0,0,1,0,0,0,0,1,0,0,0,1,0,0,0,1
0,64.4,149.07,0.9,140.0,1.1,0.0,0.2857142857142857,17,1,10.6,2026-01-06,0,0,0,1,0,0,0,1,0,0,0,0,0,0,0,0,0,0,1,0,0,0,0,0,0,1,0,0,0,1,0,0,1,0,0,1,0,0
0,51.6,170.5,4.7,140.0,1.1,0.0,0.17857142857142858,17,1,10.6,2026-01-06,0,0,0,1,0,0,0,1,0,0,0,0,0,0,0,0,0,0,1,0,0,0,0,0,0,1,0,0,0,1,0,0,0,1,0,1,0,0
2,62.7,60.88,4.3,140.0,1.1,2.0,0.6785714285714286,18,1,10.6,2026-01-06,0,0,0,1,0,0,0,1,0,0,0,0,1,0,0,0,0,0,0,0,0,0,0,1,0,0,0,0,0,0,0,1,1,0,0,1,0,0
0,60.7,144.53,2.5,155.0,6.1,0.0,0.25806451612903225,7,1,6.8,2026-01-06,0,0,0,0,1,0,1,0,0,0,0,0,0,0,0,0,1,0,0,0,0,1,0,0,0,0,0,0,0,1,0,0,1,0,0,1,0,0
2,62.0,59.17,6.5,205.0,8.8,2.0,0.7804878048780488,11,1,9.3,2026-01-06,0,0,0,0,0,1,0,0,1,0,0,0,0,0,1,0,0,0,0,0,0,0,0,0,0,0,0,1,0,1,0,0,1,0,0,1,0,0
1,75.7,101.46,2.7,155.0,6.1,2.0,0.432258064516129,7,1,6.8,2026-01-06,0,0,0,0,1,0,1,0,0,0,1,0,0,0,0,0,0,0,0,1,0,0,0,0,0,0,0,0,0,1,0,0,0,1,1,0,0,0
1,60.2,92.87,4.2,155.0,6.1,2.0,0.5290322580645161,8,1,6.8,2026-01-06,0,0,0,0,1,0,1,0,0,0,1,0,0,0,0,0,0,0,0,1,0,0,0,0,0,0,0,0,0,0,0,1,1,0,0,1,0,0
2,44.1,61.65,3.2,155.0,6.1,6.4,0.6967741935483871,8,1,6.8,2026-01-06,0,0,0,0,1,0,1,0,0,0,0,0,0,1,0,0,0,0,0,0,1,0,0,0,0,0,0,0,0,0,0,1,1,0,0,0,0,1
2,69.7,39.96,1.6,155.0,6.1,2.0,0.7935483870967742,8,1,6.8,2026-01-06,0,0,0,0,1,0,1,0,0,0,0,0,0,1,0,0,0,0,0,0,1,0,0,0,0,0,0,0,0,0,0,1,1,0,1,0,0,0
2,71.2,21.53,7.0,155.0,6.1,2.0,0.8903225806451613,9,1,6.8,2026-01-06,0,0,0,0,1,0,1,0,0,0,0,0,0,1,0,0,0,0,0,0,1,0,0,0,0,0,0,0,0,1,0,0,0,1,0,0,0,1
0,66.8,253.87,0.6,205.0,8.8,2.4,0.04878048780487805,8,1,9.3,2026-01-06,0,0,0,0,0,1,0,0,1,0,0,0,0,0,0,0,0,1,0,0,0,0,0,0,0,0,0,0,1,1,0,0,0,1,0,1,0,0
0,53.0,242.92,6.3,205.0,8.8,0.0,0.12195121951219512,8,1,9.3,2026-01-06,0,0,0,0,0,1,0,0,1,0,0,0,0,0,0,0,0,1,0,0,0,0,0,0,0,0,0,0,1,0,0,1,1,0,0,0,1,0
0,88.8,205.8,4.6,205.0,8.8,0.0,0.1951219512195122,9,1,9.3,2026-01-06,0,0,0,0,0,1,0,0,1,0,0,0,0,0,0,0,0,1,0,0,0,0,0,0,0,0,0,0,1,0,0,1,1,0,0,1,0,0
1,72.7,177.88,2.8,205.0,8.8,3.9,0.3170731707317073,9,1,9.3,2026-01-06,0,0,0,0,0,1,0,0,1,1,0,0,0,0,0,0,0,0,0,0,0,0,0,0,0,0,1,0,0,0,0,1,1,0,0,1,0,0
1,67.5,161.88,2.3,205.0,8.8,2.0,0.3902439024390244,9,1,9.3,2026-01-06,0,0,0,0,0,1,0,0,1,1,0,0,0,0,0,0,0,0,0,0,0,0,0,0,0,0,1,0,0,0,0,1,0,1,0,0,1,0
1,66.6,145.6,3.8,205.0,8.8,2.0,0.4634146341463415,9,1,9.3,2026-01-06,0,0,0,0,0,1,0,0,1,1,0,0,0,0,0,0,0,0,0,0,0,0,0,0,0,0,1,0,0,0,0,1,0,1,0,0,0,1
2,63.6,74.4,4.2,205.0,8.8,4.6,0.7073170731707317,10,1,9.3,2026-01-06,0,0,0,0,0,1,0,0,1,0,0,0,0,0,1,0,0,0,0,0,0,0,0,0,0,0,0,1,0,1,0,0,1,0,0,0,1,0
0,75.3,179.45,-2.8,140.0,1.1,2.4,0.07142857142857142,16,1,10.6,2026-01-06,0,0,0,1,0,0,0,1,0,0,0,0,0,0,0,0,0,0,1,0,0,0,0,0,0,1,0,0,0,0,1,0,1,0,1,0,0,0
1,70.4,121.27,3.5,155.0,6.1,4.5,0.33548387096774196,7,1,6.8,2026-01-06,0,0,0,0,1,0,1,0,0,0,1,0,0,0,0,0,0,0,0,1,0,0,0,0,0,0,0,0,0,1,0,0,0,1,0,0,0,1
2,64.3,42.13,6.9,205.0,8.8,2.0,0.8536585365853658,11,1,9.3,2026-01-06,0,0,0,0,0,1,0,0,1,0,0,0,0,0,1,0,0,0,0,0,0,0,0,0,0,0,0,1,0,0,1,0,0,1,0,1,0,0
2,73.8,35.8,4.3,205.0,7.8,2.0,0.8536585365853658,17,1,5.5,2026-01-06,0,0,1,0,0,0,0,0,1,0,0,0,0,0,1,0,0,0,0,0,0,0,0,0,0,0,0,1,0,0,0,1,1,0,0,0,1,0
2,58.7,75.22,9.2,205.0,7.8,4.6,0.7073170731707317,16,1,5.5,2026-01-06,0,0,1,0,0,0,0,0,1,0,0,0,0,0,1,0,0,0,0,0,0,0,0,0,0,0,0,1,0,0,1,0,0,1,1,0,0,0
0,47.6,184.07,5.1,140.0,9.6,2.6,0.07142857142857142,10,1,7.7,2026-01-06,1,0,0,0,0,0,0,1,0,0,0,0,0,0,0,0,0,0,1,0,0,0,0,0,0,1,0,0,0,0,0,1,1,0,0,0,0,1
0,68.8,163.33,2.6,140.0,9.6,0.0,0.17857142857142858,10,1,7.7,2026-01-06,1,0,0,0,0,0,0,1,0,0,0,0,0,0,0,0,0,0,1,0,0,0,0,0,0,1,0,0,0,0,1,0,0,1,0,1,0,0
0,61.0,151.33,1.6,140.0,9.6,0.0,0.2857142857142857,10,1,7.7,2026-01-06,1,0,0,0,0,0,0,1,0,0,0,0,0,0,0,0,0,0,1,0,0,0,0,0,0,1,0,0,0,0,1,0,0,1,0,0,0,1
1,72.5,115.92,0.3,140.0,9.6,4.2,0.32142857142857145,11,1,7.7,2026-01-06,1,0,0,0,0,0,0,1,0,0,0,0,0,0,0,1,0,0,0,0,0,0,0,0,1,0,0,0,0,1,0,0,0,1,0,0,1,0
1,58.2,103.75,2.0,140.0,9.6,2.0,0.42857142857142855,11,1,7.7,2026-01-06,1,0,0,0,0,0,0,1,0,0,0,0,0,0,0,1,0,0,0,0,0,0,0,0,1,0,0,0,0,0,0,1,0,1,0,0,0,1
1,59.5,88.33,4.7,140.0,9.6,2.0,0.5357142857142857,11,1,7.7,2026-01-06,1,0,0,0,0,0,0,1,0,0,0,0,0,0,0,1,0,0,0,0,0,0,0,0,1,0,0,0,0,0,1,0,0,1,0,0,1,0
2,82.1,73.32,4.8,140.0,9.6,4.9,0.5714285714285714,11,1,7.7,2026-01-06,1,0,0,0,0,0,0,1,0,0,0,0,1,0,0,0,0,0,0,0,0,0,0,1,0,0,0,0,0,1,0,0,1,0,0,1,0,0
2,44.5,68.46,4.9,140.0,9.6,2.0,0.6785714285714286,11,1,7.7,2026-01-06,1,0,0,0,0,0,0,1,0,0,0,0,1,0,0,0,0,0,0,0,0,0,0,1,0,0,0,0,0,0,1,0,1,0,0,0,1,0
2,62.8,45.13,6.9,140.0,9.6,2.0,0.7857142857142857,12,1,7.7,2026-01-06,1,0,0,0,0,0,0,1,0,0,0,0,1,0,0,0,0,0,0,0,0,0,0,1,0,0,0,0,0,0,1,0,0,1,0,0,1,0
3,51.2,38.47,5.5,140.0,9.6,5.4,0.8214285714285714,12,1,7.7,2026-01-06,1,0,0,0,0,0,0,1,0,0,0,1,0,0,0,0,0,0,0,0,0,0,1,0,0,0,0,0,0,1,0,0,1,0,1,0,0,0
3,72.7,16.71,5.1,140.0,9.6,2.0,0.9285714285714286,12,1,7.7,2026-01-06,1,0,0,0,0,0,0,1,0,0,0,1,0,0,0,0,0,0,0,0,0,0,1,0,0,0,0,0,0,1,0,0,1,0,0,0,1,0
3,58.7,7.87,6.6,140.0,9.6,2.0,1.0,12,1,7.7,2026-01-06,1,0,0,0,0,0,0,1,0,0,0,1,0,0,0,0,0,0,0,0,0,0,1,0,0,0,0,0,0,0,0,1,1,0,1,0,0,0
0,80.9,171.52,-2.0,155.0,6.1,1.8,0.06451612903225806,12,1,3.7,2026-01-06,0,1,0,0,0,0,1,0,0,0,0,0,0,0,0,0,1,0,0,0,0,1,0,0,0,0,0,0,0,0,1,0,1,0,1,0,0,0
2,55.9,61.71,3.2,205.0,7.8,2.0,0.7804878048780488,17,1,5.5,2026-01-06,0,0,1,0,0,0,0,0,1,0,0,0,0,0,1,0,0,0,0,0,0,0,0,0,0,0,0,1,0,1,0,0,1,0,1,0,0,0
0,70.8,137.8,4.4,155.0,6.1,0.0,0.25806451612903225,13,1,3.7,2026-01-06,0,1,0,0,0,0,1,0,0,0,0,0,0,0,0,0,1,0,0,0,0,1,0,0,0,0,0,0,0,0,0,1,0,1,0,1,0,0
1,42.2,161.87,0.4,205.0,7.8,2.0,0.4634146341463415,16,1,5.5,2026-01-06,0,0,1,0,0,0,0,0,1,1,0,0,0,0,0,0,0,0,0,0,0,0,0,0,0,0,1,0,0,0,0,1,0,1,0,0,0,1
1,36.1,174.96,4.4,205.0,7.8,2.0,0.3902439024390244,15,1,5.5,2026-01-06,0,0,1,0,0,0,0,0,1,1,0,0,0,0,0,0,0,0,0,0,0,0,0,0,0,0,1,0,0,0,0,1,0,1,0,0,0,1
1,74.2,177.63,3.5,205.0,7.8,4.9,0.3170731707317073,15,1,5.5,2026-01-06,0,0,1,0,0,0,0,0,1,1,0,0,0,0,0,0,0,0,0,0,0,0,0,0,0,0,1,0,0,0,0,1,1,0,0,1,0,0
0,67.5,156.88,2.0,155.0,6.1,0.0,0.16129032258064516,12,1,3.7,2026-01-06,0,1,0,0,0,0,1,0,0,0,0,0,0,0,0,0,1,0,0,0,0,1,0,0,0,0,0,0,0,0,1,0,1,0,0,0,0,1
0,62.8,238.83,1.7,205.0,7.8,0.0,0.12195121951219512,14,1,5.5,2026-01-06,0,0,1,0,0,0,0,0,1,0,0,0,0,0,0,0,0,1,0,0,0,0,0,0,0,0,0,0,1,1,0,0,0,1,0,1,0,0
0,63.7,254.38,1.1,205.0,7.8,1.7,0.04878048780487805,14,1,5.5,2026-01-06,0,0,1,0,0,0,0,0,1,0,0,0,0,0,0,0,0,1,0,0,0,0,0,0,0,0,0,0,1,1,0,0,1,0,1,0,0,0
0,69.8,218.47,-2.6,205.0,7.8,0.0,0.1951219512195122,15,1,5.5,2026-01-06,0,0,1,0,0,0,0,0,1,0,0,0,0,0,0,0,0,1,0,0,0,0,0,0,0,0,0,0,1,0,0,1,1,0,0,0,1,0
2,67.2,41.0,4.0,155.0,6.1,2.0,0.7935483870967742,14,1,3.7,2026-01-06,0,1,0,0,0,0,1,0,0,0,0,0,0,1,0,0,0,0,0,0,1,0,0,0,0,0,0,0,0,0,0,1,1,0,0,0,0,1
2,79.4,55.77,1.6,155.0,6.1,5.3,0.6967741935483871,14,1,3.7,2026-01-06,0,1,0,0,0,0,1,0,0,0,0,0,0,1,0,0,0,0,0,0,1,0,0,0,0,0,0,0,0,0,0,1,0,1,0,0,1,0
1,64.4,90.07,1.9,155.0,6.1,2.0,0.5290322580645161,13,1,3.7,2026-01-06,0,1,0,0,0,0,1,0,0,0,1,0,0,0,0,0,0,0,0,1,0,0,0,0,0,0,0,0,0,0,1,0,1,0,0,1,0,0
1,67.2,105.0,1.8,155.0,6.1,2.0,0.432258064516129,13,1,3.7,2026-01-06,0,1,0,0,0,0,1,0,0,0,1,0,0,0,0,0,0,0,0,1,0,0,0,0,0,0,0,0,0,1,0,0,0,1,0,1,0,0
1,59.1,123.15,-0.6,155.0,6.1,4.9,0.33548387096774196,13,1,3.7,2026-01-06,0,1,0,0,0,0,1,0,0,0,1,0,0,0,0,0,0,0,0,1,0,0,0,0,0,0,0,0,0,0,0,1,1,0,0,0,0,1
2,66.8,24.47,3.3,155.0,6.1,2.0,0.8903225806451613,14,1,3.7,2026-01-06,0,1,0,0,0,0,1,0,0,0,0,0,0,1,0,0,0,0,0,0,1,0,0,0,0,0,0,0,0,0,1,0,1,0,0,1,0,0
0,72.5,172.92,2.7,155.0,4.4,3.9,0.06451612903225806,7,2,1.1,2026-01-07,0,0,0,0,1,0,1,0,0,0,0,0,0,0,0,0,1,0,0,0,0,1,0,0,0,0,0,0,0,1,0,0,0,1,1,0,0,0
3,73.4,1.0,1.2,140.0,5.0,2.0,1.0,8,2,1.9,2026-01-07,0,0,0,1,0,0,0,1,0,0,0,1,0,0,0,0,0,0,0,0,0,0,1,0,0,0,0,0,0,0,1,0,1,0,0,0,0,1
3,62.4,21.0,1.0,140.0,5.0,2.0,0.9285714285714286,7,2,1.9,2026-01-07,0,0,0,1,0,0,0,1,0,0,0,1,0,0,0,0,0,0,0,0,0,0,1,0,0,0,0,0,0,0,0,1,1,0,0,0,1,0
3,69.1,35.48,-0.3,140.0,5.0,5.3,0.8214285714285714,7,2,1.9,2026-01-07,0,0,0,1,0,0,0,1,0,0,0,1,0,0,0,0,0,0,0,0,0,0,1,0,0,0,0,0,0,1,0,0,1,0,0,1,0,0
2,60.9,46.4,-2.3,140.0,5.0,2.0,0.7857142857142857,7,2,1.9,2026-01-07,0,0,0,1,0,0,0,1,0,0,0,0,1,0,0,0,0,0,0,0,0,0,0,1,0,0,0,0,0,1,0,0,0,1,0,1,0,0
0,63.7,165.46,0.4,140.0,5.0,0.0,0.17857142857142858,6,2,1.9,2026-01-07,0,0,0,1,0,0,0,1,0,0,0,0,0,0,0,0,0,0,1,0,0,0,0,0,0,1,0,0,0,1,0,0,1,0,0,1,0,0
2,46.1,79.32,2.7,140.0,5.0,5.0,0.5714285714285714,6,2,1.9,2026-01-07,0,0,0,1,0,0,0,1,0,0,0,0,1,0,0,0,0,0,0,0,0,0,0,1,0,0,0,0,0,1,0,0,0,1,1,0,0,0
1,63.3,85.8,1.6,140.0,5.0,2.0,0.5357142857142857,6,2,1.9,2026-01-07,0,0,0,1,0,0,0,1,0,0,0,0,0,0,0,1,0,0,0,0,0,0,0,0,1,0,0,0,0,1,0,0,0,1,0,0,0,1
1,59.0,103.42,-2.2,140.0,5.0,2.0,0.42857142857142855,6,2,1.9,2026-01-07,0,0,0,1,0,0,0,1,0,0,0,0,0,0,0,1,0,0,0,0,0,0,0,0,1,0,0,0,0,0,1,0,1,0,0,1,0,0
1,79.8,114.7,-0.5,140.0,5.0,3.6,0.32142857142857145,6,2,1.9,2026-01-07,0,0,0,1,0,0,0,1,0,0,0,0,0,0,0,1,0,0,0,0,0,0,0,0,1,0,0,0,0,1,0,0,0,1,0,0,1,0
0,72.0,144.0,2.1,140.0,5.0,0.0,0.2857142857142857,6,2,1.9,2026-01-07,0,0,0,1,0,0,0,1,0,0,0,0,0,0,0,0,0,0,1,0,0,0,0,0,0,1,0,0,0,1,0,0,1,0,0,0,0,1
0,75.7,153.46,1.1,155.0,4.4,0.0,0.16129032258064516,8,2,1.1,2026-01-07,0,0,0,0,1,0,1,0,0,0,0,0,0,0,0,0,1,0,0,0,0,1,0,0,0,0,0,0,0,1,0,0,0,1,1,0,0,0
2,62.5,60.96,3.6,140.0,5.0,2.0,0.6785714285714286,7,2,1.9,2026-01-07,0,0,0,1,0,0,0,1,0,0,0,0,1,0,0,0,0,0,0,0,0,0,0,1,0,0,0,0,0,1,0,0,0,1,1,0,0,0
0,62.1,143.6,1.5,155.0,4.4,0.0,0.25806451612903225,8,2,1.1,2026-01-07,0,0,0,0,1,0,1,0,0,0,0,0,0,0,0,0,1,0,0,0,0,1,0,0,0,0,0,0,0,1,0,0,1,0,0,0,0,1
0,60.9,254.85,4.3,205.0,7.2,5.5,0.04878048780487805,9,2,10.0,2026-01-07,0,0,0,0,0,1,0,0,1,0,0,0,0,0,0,0,0,1,0,0,0,0,0,0,0,0,0,0,1,1,0,0,1,0,1,0,0,0
1,62.4,107.0,2.8,155.0,4.4,2.0,0.432258064516129,8,2,1.1,2026-01-07,0,0,0,0,1,0,1,0,0,0,1,0,0,0,0,0,0,0,0,1,0,0,0,0,0,0,0,0,0,1,0,0,1,0,0,0,1,0
1,65.9,89.07,0.6,155.0,4.4,2.0,0.5290322580645161,9,2,1.1,2026-01-07,0,0,0,0,1,0,1,0,0,0,1,0,0,0,0,0,0,0,0,1,0,0,0,0,0,0,0,0,0,1,0,0,0,1,0,1,0,0
2,60.2,58.97,-1.4,155.0,4.4,3.9,0.6967741935483871,9,2,1.1,2026-01-07,0,0,0,0,1,0,1,0,0,0,0,0,0,1,0,0,0,0,0,0,1,0,0,0,0,0,0,0,0,1,0,0,1,0,1,0,0,0
2,54.2,46.42,0.3,155.0,4.4,2.0,0.7935483870967742,9,2,1.1,2026-01-07,0,0,0,0,1,0,1,0,0,0,0,0,0,1,0,0,0,0,0,0,1,0,0,0,0,0,0,0,0,0,0,1,0,1,0,0,0,1
2,58.1,30.27,1.5,155.0,4.4,2.0,0.8903225806451613,10,2,1.1,2026-01-07,0,0,0,0,1,0,1,0,0,0,0,0,0,1,0,0,0,0,0,0,1,0,0,0,0,0,0,0,0,0,0,1,1,0,0,1,0,0
0,72.0,235.0,0.9,205.0,7.2,0.0,0.12195121951219512,9,2,10.0,2026-01-07,0,0,0,0,0,1,0,0,1,0,0,0,0,0,0,0,0,1,0,0,0,0,0,0,0,0,0,0,1,1,0,0,1,0,0,1,0,0
0,60.2,224.87,0.7,205.0,7.2,0.0,0.1951219512195122,10,2,10.0,2026-01-07,0,0,0,0,0,1,0,0,1,0,0,0,0,0,0,0,0,1,0,0,0,0,0,0,0,0,0,0,1,0,0,1,1,0,0,1,0,0
1,60.4,179.93,0.3,205.0,7.2,5.0,0.3170731707317073,10,2,10.0,2026-01-07,0,0,0,0,0,1,0,0,1,1,0,0,0,0,0,0,0,0,0,0,0,0,0,0,0,0,1,0,0,0,1,0,0,1,1,0,0,0
1,51.2,168.67,3.0,205.0,7.2,2.0,0.3902439024390244,10,2,10.0,2026-01-07,0,0,0,0,0,1,0,0,1,1,0,0,0,0,0,0,0,0,0,0,0,0,0,0,0,0,1,0,0,1,0,0,0,1,1,0,0,0
1,68.3,144.47,6.0,205.0,7.2,2.0,0.4634146341463415,10,2,10.0,2026-01-07,0,0,0,0,0,1,0,0,1,1,0,0,0,0,0,0,0,0,0,0,0,0,0,0,0,0,1,0,0,1,0,0,1,0,1,0,0,0
2,72.7,72.88,6.8,205.0,7.2,3.9,0.7073170731707317,11,2,10.0,2026-01-07,0,0,0,0,0,1,0,0,1,0,0,0,0,0,1,0,0,0,0,0,0,0,0,0,0,0,0,1,0,1,0,0,1,0,0,0,0,1
0,66.4,180.93,0.7,140.0,5.0,2.2,0.07142857142857142,5,2,1.9,2026-01-07,0,0,0,1,0,0,0,1,0,0,0,0,0,0,0,0,0,0,1,0,0,0,0,0,0,1,0,0,0,1,0,0,1,0,1,0,0,0
2,54.6,48.6,9.5,205.0,7.2,2.0,0.8536585365853658,12,2,10.0,2026-01-07,0,0,0,0,0,1,0,0,1,0,0,0,0,0,1,0,0,0,0,0,0,0,0,0,0,0,0,1,0,1,0,0,0,1,0,0,1,0
1,66.3,121.95,-1.0,155.0,4.4,4.4,0.33548387096774196,8,2,1.1,2026-01-07,0,0,0,0,1,0,1,0,0,0,1,0,0,0,0,0,0,0,0,1,0,0,0,0,0,0,0,0,0,1,0,0,1,0,1,0,0,0
2,87.1,48.71,7.1,205.0,7.2,2.0,0.7804878048780488,12,2,10.0,2026-01-07,0,0,0,0,0,1,0,0,1,0,0,0,0,0,1,0,0,0,0,0,0,0,0,0,0,0,0,1,0,0,0,1,1,0,0,1,0,0
2,54.8,48.47,6.5,205.0,3.8,2.0,0.8536585365853658,18,2,8.8,2026-01-07,0,0,1,0,0,0,0,0,1,0,0,0,0,0,1,0,0,0,0,0,0,0,0,0,0,0,0,1,0,1,0,0,1,0,0,0,1,0
2,58.7,75.22,5.6,205.0,3.8,3.3,0.7073170731707317,17,2,8.8,2026-01-07,0,0,1,0,0,0,0,0,1,0,0,0,0,0,1,0,0,0,0,0,0,0,0,0,0,0,0,1,0,1,0,0,0,1,0,1,0,0
2,90.4,47.33,7.6,205.0,3.8,2.0,0.7804878048780488,18,2,8.8,2026-01-07,0,0,1,0,0,0,0,0,1,0,0,0,0,0,1,0,0,0,0,0,0,0,0,0,0,0,0,1,0,1,0,0,1,0,0,1,0,0
0,58.5,182.25,0.7,140.0,10.4,0.7,0.07142857142857142,11,2,6.9,2026-01-07,1,0,0,0,0,0,0,1,0,0,0,0,0,0,0,0,0,0,1,0,0,0,0,0,0,1,0,0,0,0,0,1,1,0,0,1,0,0
0,56.7,168.38,2.6,140.0,10.4,0.0,0.17857142857142858,11,2,6.9,2026-01-07,1,0,0,0,0,0,0,1,0,0,0,0,0,0,0,0,0,0,1,0,0,0,0,0,0,1,0,0,0,1,0,0,0,1,1,0,0,0
0,76.5,141.0,-2.6,140.0,10.4,0.0,0.2857142857142857,11,2,6.9,2026-01-07,1,0,0,0,0,0,0,1,0,0,0,0,0,0,0,0,0,0,1,0,0,0,0,0,0,1,0,0,0,0,1,0,1,0,0,1,0,0
1,46.8,120.2,0.5,140.0,10.4,3.9,0.32142857142857145,12,2,6.9,2026-01-07,1,0,0,0,0,0,0,1,0,0,0,0,0,0,0,1,0,0,0,0,0,0,0,0,1,0,0,0,0,1,0,0,0,1,1,0,0,0
1,53.8,105.58,4.5,140.0,10.4,2.0,0.42857142857142855,12,2,6.9,2026-01-07,1,0,0,0,0,0,0,1,0,0,0,0,0,0,0,1,0,0,0,0,0,0,0,0,1,0,0,0,0,0,1,0,1,0,1,0,0,0
1,46.5,97.0,3.6,140.0,10.4,2.0,0.5357142857142857,12,2,6.9,2026-01-07,1,0,0,0,0,0,0,1,0,0,0,0,0,0,0,1,0,0,0,0,0,0,0,0,1,0,0,0,0,0,0,1,1,0,1,0,0,0
2,54.9,77.85,4.2,140.0,10.4,4.7,0.5714285714285714,12,2,6.9,2026-01-07,1,0,0,0,0,0,0,1,0,0,0,0,1,0,0,0,0,0,0,0,0,0,0,1,0,0,0,0,0,1,0,0,1,0,0,0,1,0
2,76.0,36.33,5.1,140.0,10.4,2.0,0.7857142857142857,13,2,6.9,2026-01-07,1,0,0,0,0,0,0,1,0,0,0,0,1,0,0,0,0,0,0,0,0,0,0,1,0,0,0,0,0,1,0,0,1,0,0,1,0,0
3,62.2,36.63,3.6,140.0,10.4,4.4,0.8214285714285714,13,2,6.9,2026-01-07,1,0,0,0,0,0,0,1,0,0,0,1,0,0,0,0,0,0,0,0,0,0,1,0,0,0,0,0,0,1,0,0,0,1,1,0,0,0
3,79.9,13.71,2.0,140.0,10.4,2.0,0.9285714285714286,13,2,6.9,2026-01-07,1,0,0,0,0,0,0,1,0,0,0,1,0,0,0,0,0,0,0,0,0,0,1,0,0,0,0,0,0,0,0,1,0,1,1,0,0,0
3,65.6,3.27,6.4,140.0,10.4,2.0,1.0,13,2,6.9,2026-01-07,1,0,0,0,0,0,0,1,0,0,0,1,0,0,0,0,0,0,0,0,0,0,1,0,0,0,0,0,0,1,0,0,0,1,0,1,0,0
0,69.2,173.47,0.4,155.0,5.1,1.4,0.06451612903225806,13,2,0.7,2026-01-07,0,1,0,0,0,0,1,0,0,0,0,0,0,0,0,0,1,0,0,0,0,1,0,0,0,0,0,0,0,0,0,1,1,0,0,1,0,0
2,62.0,61.17,7.4,140.0,10.4,2.0,0.6785714285714286,12,2,6.9,2026-01-07,1,0,0,0,0,0,0,1,0,0,0,0,1,0,0,0,0,0,0,0,0,0,0,1,0,0,0,0,0,0,1,0,1,0,0,1,0,0
0,75.2,134.87,0.0,155.0,5.1,0.0,0.25806451612903225,14,2,0.7,2026-01-07,0,1,0,0,0,0,1,0,0,0,0,0,0,0,0,0,1,0,0,0,0,1,0,0,0,0,0,0,0,0,1,0,0,1,1,0,0,0
0,58.0,160.83,-1.2,155.0,5.1,0.0,0.16129032258064516,13,2,0.7,2026-01-07,0,1,0,0,0,0,1,0,0,0,0,0,0,0,0,0,1,0,0,0,0,1,0,0,0,0,0,0,0,1,0,0,0,1,1,0,0,0
1,63.0,163.75,6.4,205.0,3.8,2.0,0.3902439024390244,16,2,8.8,2026-01-07,0,0,1,0,0,0,0,0,1,1,0,0,0,0,0,0,0,0,0,0,0,0,0,0,0,0,1,0,0,1,0,0,1,0,1,0,0,0
1,61.3,179.78,4.5,205.0,3.8,4.2,0.3170731707317073,16,2,8.8,2026-01-07,0,0,1,0,0,0,0,0,1,1,0,0,0,0,0,0,0,0,0,0,0,0,0,0,0,0,1,0,0,1,0,0,0,1,0,0,0,1
0,66.1,220.93,5.2,205.0,3.8,0.0,0.1951219512195122,16,2,8.8,2026-01-07,0,0,1,0,0,0,0,0,1,0,0,0,0,0,0,0,0,1,0,0,0,0,0,0,0,0,0,0,1,0,1,0,1,0,0,1,0,0
0,64.2,238.25,1.7,205.0,3.8,0.0,0.12195121951219512,15,2,8.8,2026-01-07,0,0,1,0,0,0,0,0,1,0,0,0,0,0,0,0,0,1,0,0,0,0,0,0,0,0,0,0,1,1,0,0,0,1,0,0,0,1
0,70.4,253.27,3.7,205.0,3.8,1.7,0.04878048780487805,15,2,8.8,2026-01-07,0,0,1,0,0,0,0,0,1,0,0,0,0,0,0,0,0,1,0,0,0,0,0,0,0,0,0,0,1,0,0,1,1,0,0,1,0,0
1,72.6,141.6,4.6,205.0,3.8,2.0,0.4634146341463415,17,2,8.8,2026-01-07,0,0,1,0,0,0,0,0,1,1,0,0,0,0,0,0,0,0,0,0,0,0,0,0,0,0,1,0,0,1,0,0,1,0,1,0,0,0
2,71.1,39.38,-2.4,155.0,5.1,2.0,0.7935483870967742,15,2,0.7,2026-01-07,0,1,0,0,0,0,1,0,0,0,0,0,0,1,0,0,0,0,0,0,1,0,0,0,0,0,0,0,0,1,0,0,1,0,0,1,0,0
2,76.2,56.3,-1.1,155.0,5.1,4.4,0.6967741935483871,15,2,0.7,2026-01-07,0,1,0,0,0,0,1,0,0,0,0,0,0,1,0,0,0,0,0,0,1,0,0,0,0,0,0,0,0,0,0,1,1,0,0,1,0,0
1,66.6,88.6,-0.3,155.0,5.1,2.0,0.5290322580645161,14,2,0.7,2026-01-07,0,1,0,0,0,0,1,0,0,0,1,0,0,0,0,0,0,0,0,1,0,0,0,0,0,0,0,0,0,1,0,0,0,1,1,0,0,0
1,70.4,103.67,0.2,155.0,5.1,2.0,0.432258064516129,14,2,0.7,2026-01-07,0,1,0,0,0,0,1,0,0,0,1,0,0,0,0,0,0,0,0,1,0,0,0,0,0,0,0,0,0,1,0,0,1,0,0,1,0,0
1,78.6,119.9,-3.0,155.0,5.1,5.2,0.33548387096774196,14,2,0.7,2026-01-07,0,1,0,0,0,0,1,0,0,0,1,0,0,0,0,0,0,0,0,1,0,0,0,0,0,0,0,0,0,0,1,0,1,0,1,0,0,0
2,51.1,34.93,0.3,155.0,5.1,2.0,0.8903225806451613,15,2,0.7,2026-01-07,0,1,0,0,0,0,1,0,0,0,0,0,0,1,0,0,0,0,0,0,1,0,0,0,0,0,0,0,0,0,1,0,1,0,1,0,0,0
0,93.2,169.47,2.5,155.0,5.2,2.6,0.06451612903225806,8,3,5.1,2026-01-08,0,0,0,0,1,0,1,0,0,0,0,0,0,0,0,0,1,0,0,0,0,1,0,0,0,0,0,0,0,0,1,0,0,1,0,1,0,0
3,71.9,1.0,7.4,140.0,4.5,2.0,1.0,9,3,6.2,2026-01-08,0,0,0,1,0,0,0,1,0,0,0,1,0,0,0,0,0,0,0,0,0,0,1,0,0,0,0,0,0,0,0,1,1,0,0,0,1,0
3,79.8,13.75,6.4,140.0,4.5,2.0,0.9285714285714286,8,3,6.2,2026-01-08,0,0,0,1,0,0,0,1,0,0,0,1,0,0,0,0,0,0,0,0,0,0,1,0,0,0,0,0,0,1,0,0,1,0,1,0,0,0
3,82.8,33.2,6.4,140.0,4.5,4.6,0.8214285714285714,8,3,6.2,2026-01-08,0,0,0,1,0,0,0,1,0,0,0,1,0,0,0,0,0,0,0,0,0,0,1,0,0,0,0,0,0,1,0,0,0,1,0,1,0,0
2,74.7,37.2,3.6,140.0,4.5,2.0,0.7857142857142857,8,3,6.2,2026-01-08,0,0,0,1,0,0,0,1,0,0,0,0,1,0,0,0,0,0,0,0,0,0,0,1,0,0,0,0,0,0,0,1,1,0,0,0,1,0
1,72.0,80.0,2.9,140.0,4.5,2.0,0.5357142857142857,7,3,6.2,2026-01-08,0,0,0,1,0,0,0,1,0,0,0,0,0,0,0,1,0,0,0,0,0,0,0,0,1,0,0,0,0,0,1,0,1,0,0,1,0,0
2,68.4,75.6,6.6,140.0,4.5,3.0,0.5714285714285714,7,3,6.2,2026-01-08,0,0,0,1,0,0,0,1,0,0,0,0,1,0,0,0,0,0,0,0,0,0,0,1,0,0,0,0,0,1,0,0,0,1,1,0,0,0
1,75.2,96.67,3.4,140.0,4.5,2.0,0.42857142857142855,7,3,6.2,2026-01-08,0,0,0,1,0,0,0,1,0,0,0,0,0,0,0,1,0,0,0,0,0,0,0,0,1,0,0,0,0,0,0,1,0,1,0,0,0,1
1,65.9,117.02,-0.2,140.0,4.5,4.3,0.32142857142857145,7,3,6.2,2026-01-08,0,0,0,1,0,0,0,1,0,0,0,0,0,0,0,1,0,0,0,0,0,0,0,0,1,0,0,0,0,0,1,0,1,0,0,1,0,0
0,74.8,142.13,1.7,140.0,4.5,0.0,0.2857142857142857,7,3,6.2,2026-01-08,0,0,0,1,0,0,0,1,0,0,0,0,0,0,0,0,0,0,1,0,0,0,0,0,0,1,0,0,0,0,1,0,1,0,0,1,0,0
0,70.0,155.83,0.8,155.0,5.2,0.0,0.16129032258064516,9,3,5.1,2026-01-08,0,0,0,0,1,0,1,0,0,0,0,0,0,0,0,0,1,0,0,0,0,1,0,0,0,0,0,0,0,0,0,1,1,0,0,0,0,1
2,59.7,62.12,6.0,140.0,4.5,2.0,0.6785714285714286,8,3,6.2,2026-01-08,0,0,0,1,0,0,0,1,0,0,0,0,1,0,0,0,0,0,0,0,0,0,0,1,0,0,0,0,0,1,0,0,1,0,0,0,0,1
0,60.5,144.67,1.9,155.0,5.2,0.0,0.25806451612903225,9,3,5.1,2026-01-08,0,0,0,0,1,0,1,0,0,0,0,0,0,0,0,0,1,0,0,0,0,1,0,0,0,0,0,0,0,0,0,1,1,0,0,0,0,1
0,83.0,157.42,-1.6,140.0,4.5,0.0,0.17857142857142858,7,3,6.2,2026-01-08,0,0,0,1,0,0,0,1,0,0,0,0,0,0,0,0,0,0,1,0,0,0,0,0,0,1,0,0,0,1,0,0,1,0,0,0,0,1
1,68.3,87.47,4.1,155.0,5.2,2.0,0.5290322580645161,10,3,5.1,2026-01-08,0,0,0,0,1,0,1,0,0,0,1,0,0,0,0,0,0,0,0,1,0,0,0,0,0,0,0,0,0,0,0,1,1,0,0,1,0,0
2,52.6,60.23,6.6,155.0,5.2,4.4,0.6967741935483871,10,3,5.1,2026-01-08,0,0,0,0,1,0,1,0,0,0,0,0,0,1,0,0,0,0,0,0,1,0,0,0,0,0,0,0,0,1,0,0,1,0,1,0,0,0
2,66.5,41.29,3.8,155.0,5.2,2.0,0.7935483870967742,10,3,5.1,2026-01-08,0,0,0,0,1,0,1,0,0,0,0,0,0,1,0,0,0,0,0,0,1,0,0,0,0,0,0,0,0,0,1,0,1,0,0,0,1,0
2,59.3,29.47,3.2,155.0,5.2,2.0,0.8903225806451613,11,3,5.1,2026-01-08,0,0,0,0,1,0,1,0,0,0,0,0,0,1,0,0,0,0,0,0,1,0,0,0,0,0,0,0,0,1,0,0,1,0,0,1,0,0
0,57.9,255.35,3.7,205.0,9.8,1.5,0.04878048780487805,10,3,4.4,2026-01-08,0,0,0,0,0,1,0,0,1,0,0,0,0,0,0,0,0,1,0,0,0,0,0,0,0,0,0,0,1,1,0,0,1,0,0,0,0,1
0,69.5,236.04,4.2,205.0,9.8,0.0,0.12195121951219512,10,3,4.4,2026-01-08,0,0,0,0,0,1,0,0,1,0,0,0,0,0,0,0,0,1,0,0,0,0,0,0,0,0,0,0,1,1,0,0,1,0,0,1,0,0
0,51.3,230.8,2.7,205.0,9.8,0.0,0.1951219512195122,11,3,4.4,2026-01-08,0,0,0,0,0,1,0,0,1,0,0,0,0,0,0,0,0,1,0,0,0,0,0,0,0,0,0,0,1,0,0,1,1,0,1,0,0,0
1,76.8,177.2,-2.7,205.0,9.8,5.6,0.3170731707317073,11,3,4.4,2026-01-08,0,0,0,0,0,1,0,0,1,1,0,0,0,0,0,0,0,0,0,0,0,0,0,0,0,0,1,0,0,0,1,0,1,0,1,0,0,0
1,73.1,159.54,0.5,205.0,9.8,2.0,0.3902439024390244,11,3,4.4,2026-01-08,0,0,0,0,0,1,0,0,1,1,0,0,0,0,0,0,0,0,0,0,0,0,0,0,0,0,1,0,0,0,1,0,0,1,0,1,0,0
1,75.3,139.8,1.8,205.0,9.8,2.0,0.4634146341463415,11,3,4.4,2026-01-08,0,0,0,0,0,1,0,0,1,1,0,0,0,0,0,0,0,0,0,0,0,0,0,0,0,0,1,0,0,1,0,0,1,0,0,0,0,1
2,65.8,74.03,2.0,205.0,9.8,5.1,0.7073170731707317,12,3,4.4,2026-01-08,0,0,0,0,0,1,0,0,1,0,0,0,0,0,1,0,0,0,0,0,0,0,0,0,0,0,0,1,0,1,0,0,1,0,0,1,0,0
2,46.6,65.58,2.9,205.0,9.8,2.0,0.7804878048780488,13,3,4.4,2026-01-08,0,0,0,0,0,1,0,0,1,0,0,0,0,0,1,0,0,0,0,0,0,0,0,0,0,0,0,1,0,1,0,0,1,0,0,0,0,1
2,71.7,37.2,3.8,205.0,9.8,2.0,0.8536585365853658,13,3,4.4,2026-01-08,0,0,0,0,0,1,0,0,1,0,0,0,0,0,1,0,0,0,0,0,0,0,0,0,0,0,0,1,0,1,0,0,1,0,0,0,1,0
1,66.8,105.17,1.9,155.0,5.2,2.0,0.432258064516129,9,3,5.1,2026-01-08,0,0,0,0,1,0,1,0,0,0,1,0,0,0,0,0,0,0,0,1,0,0,0,0,0,0,0,0,0,1,0,0,0,1,0,1,0,0
0,71.0,180.17,2.0,140.0,4.5,4.0,0.07142857142857142,6,3,6.2,2026-01-08,0,0,0,1,0,0,0,1,0,0,0,0,0,0,0,0,0,0,1,0,0,0,0,0,0,1,0,0,0,0,1,0,1,0,1,0,0,0
1,74.9,120.52,-1.3,155.0,5.2,5.0,0.33548387096774196,9,3,5.1,2026-01-08,0,0,0,0,1,0,1,0,0,0,1,0,0,0,0,0,0,0,0,1,0,0,0,0,0,0,0,0,0,1,0,0,1,0,0,0,1,0
2,61.1,59.54,6.5,205.0,4.6,2.0,0.7804878048780488,19,3,8.1,2026-01-08,0,0,1,0,0,0,0,0,1,0,0,0,0,0,1,0,0,0,0,0,0,0,0,0,0,0,0,1,0,0,1,0,1,0,0,0,0,1
0,69.3,180.45,-3.0,140.0,7.6,3.0,0.07142857142857142,12,3,16.3,2026-01-08,1,0,0,0,0,0,0,1,0,0,0,0,0,0,0,0,0,0,1,0,0,0,0,0,0,1,0,0,0,0,1,0,1,0,0,0,0,1
0,79.8,158.75,0.4,140.0,7.6,0.0,0.17857142857142858,12,3,16.3,2026-01-08,1,0,0,0,0,0,0,1,0,0,0,0,0,0,0,0,0,0,1,0,0,0,0,0,0,1,0,0,0,1,0,0,1,0,0,1,0,0
0,63.2,149.87,6.5,140.0,7.6,0.0,0.2857142857142857,12,3,16.3,2026-01-08,1,0,0,0,0,0,0,1,0,0,0,0,0,0,0,0,0,0,1,0,0,0,0,0,0,1,0,0,0,0,1,0,1,0,0,0,1,0
1,81.3,114.45,2.4,140.0,7.6,4.1,0.32142857142857145,13,3,16.3,2026-01-08,1,0,0,0,0,0,0,1,0,0,0,0,0,0,0,1,0,0,0,0,0,0,0,0,1,0,0,0,0,0,1,0,0,1,0,1,0,0
1,72.4,97.83,6.5,140.0,7.6,2.0,0.42857142857142855,13,3,16.3,2026-01-08,1,0,0,0,0,0,0,1,0,0,0,0,0,0,0,1,0,0,0,0,0,0,0,0,1,0,0,0,0,1,0,0,1,0,1,0,0,0
1,56.7,90.2,10.3,140.0,7.6,2.0,0.5357142857142857,13,3,16.3,2026-01-08,1,0,0,0,0,0,0,1,0,0,0,0,0,0,0,1,0,0,0,0,0,0,0,0,1,0,0,0,0,1,0,0,1,0,0,0,1,0
2,58.4,77.27,7.8,140.0,7.6,4.8,0.5714285714285714,13,3,16.3,2026-01-08,1,0,0,0,0,0,0,1,0,0,0,0,1,0,0,0,0,0,0,0,0,0,0,1,0,0,0,0,0,1,0,0,1,0,0,0,0,1
2,57.7,62.96,12.0,140.0,7.6,2.0,0.6785714285714286,13,3,16.3,2026-01-08,1,0,0,0,0,0,0,1,0,0,0,0,1,0,0,0,0,0,0,0,0,0,0,1,0,0,0,0,0,0,1,0,1,0,0,0,1,0
2,58.3,48.13,12.4,140.0,7.6,2.0,0.7857142857142857,14,3,16.3,2026-01-08,1,0,0,0,0,0,0,1,0,0,0,0,1,0,0,0,0,0,0,0,0,0,0,1,0,0,0,0,0,1,0,0,1,0,0,1,0,0
3,77.7,34.05,10.2,140.0,7.6,4.5,0.8214285714285714,14,3,16.3,2026-01-08,1,0,0,0,0,0,0,1,0,0,0,1,0,0,0,0,0,0,0,0,0,0,1,0,0,0,0,0,0,0,0,1,1,0,1,0,0,0
3,64.6,20.08,14.2,140.0,7.6,2.0,0.9285714285714286,14,3,16.3,2026-01-08,1,0,0,0,0,0,0,1,0,0,0,1,0,0,0,0,0,0,0,0,0,0,1,0,0,0,0,0,0,1,0,0,0,1,1,0,0,0
3,44.9,17.07,16.3,140.0,7.6,2.0,1.0,14,3,16.3,2026-01-08,1,0,0,0,0,0,0,1,0,0,0,1,0,0,0,0,0,0,0,0,0,0,1,0,0,0,0,0,0,1,0,0,1,0,0,1,0,0
0,80.4,171.6,-0.3,155.0,12.8,2.5,0.06451612903225806,14,3,6.9,2026-01-08,0,1,0,0,0,0,1,0,0,0,0,0,0,0,0,0,1,0,0,0,0,1,0,0,0,0,0,0,0,1,0,0,1,0,0,1,0,0
0,52.9,162.96,4.0,155.0,12.8,0.0,0.16129032258064516,14,3,6.9,2026-01-08,0,1,0,0,0,0,1,0,0,0,0,0,0,0,0,0,1,0,0,0,0,1,0,0,0,0,0,0,0,0,0,1,1,0,0,1,0,0
2,72.1,36.93,5.2,205.0,4.6,2.0,0.8536585365853658,19,3,8.1,2026-01-08,0,0,1,0,0,0,0,0,1,0,0,0,0,0,1,0,0,0,0,0,0,0,0,0,0,0,0,1,0,0,0,1,1,0,0,1,0,0
0,70.0,138.33,1.0,155.0,12.8,0.0,0.25806451612903225,15,3,6.9,2026-01-08,0,1,0,0,0,0,1,0,0,0,0,0,0,0,0,0,1,0,0,0,0,1,0,0,0,0,0,0,0,1,0,0,1,0,1,0,0,0
1,57.7,151.53,9.5,205.0,4.6,2.0,0.4634146341463415,18,3,8.1,2026-01-08,0,0,1,0,0,0,0,0,1,1,0,0,0,0,0,0,0,0,0,0,0,0,0,0,0,0,1,0,0,1,0,0,0,1,0,0,0,1
1,54.3,167.38,2.7,205.0,4.6,2.0,0.3902439024390244,17,3,8.1,2026-01-08,0,0,1,0,0,0,0,0,1,1,0,0,0,0,0,0,0,0,0,0,0,0,0,0,0,0,1,0,0,1,0,0,1,0,0,1,0,0
1,58.0,180.33,3.8,205.0,4.6,4.7,0.3170731707317073,17,3,8.1,2026-01-08,0,0,1,0,0,0,0,0,1,1,0,0,0,0,0,0,0,0,0,0,0,0,0,0,0,0,1,0,0,0,0,1,1,0,0,0,1,0
0,58.7,225.87,4.4,205.0,4.6,0.0,0.1951219512195122,17,3,8.1,2026-01-08,0,0,1,0,0,0,0,0,1,0,0,0,0,0,0,0,0,1,0,0,0,0,0,0,0,0,0,0,1,0,1,0,1,0,0,1,0,0
0,67.3,236.96,2.7,205.0,4.6,0.0,0.12195121951219512,16,3,8.1,2026-01-08,0,0,1,0,0,0,0,0,1,0,0,0,0,0,0,0,0,1,0,0,0,0,0,0,0,0,0,0,1,1,0,0,1,0,0,0,0,1
0,66.3,253.95,3.0,205.0,4.6,2.0,0.04878048780487805,16,3,8.1,2026-01-08,0,0,1,0,0,0,0,0,1,0,0,0,0,0,0,0,0,1,0,0,0,0,0,0,0,0,0,0,1,0,0,1,1,0,0,0,0,1
2,52.5,76.25,6.2,205.0,4.6,3.6,0.7073170731707317,18,3,8.1,2026-01-08,0,0,1,0,0,0,0,0,1,0,0,0,0,0,1,0,0,0,0,0,0,0,0,0,0,0,0,1,0,0,1,0,0,1,0,0,0,1
2,65.2,41.83,5.9,155.0,12.8,2.0,0.7935483870967742,16,3,6.9,2026-01-08,0,1,0,0,0,0,1,0,0,0,0,0,0,1,0,0,0,0,0,0,1,0,0,0,0,0,0,0,0,1,0,0,1,0,0,1,0,0
2,61.9,58.68,3.9,155.0,12.8,5.2,0.6967741935483871,16,3,6.9,2026-01-08,0,1,0,0,0,0,1,0,0,0,0,0,0,1,0,0,0,0,0,0,1,0,0,0,0,0,0,0,0,1,0,0,0,1,0,1,0,0
1,44.0,103.67,6.3,155.0,12.8,2.0,0.5290322580645161,15,3,6.9,2026-01-08,0,1,0,0,0,0,1,0,0,0,1,0,0,0,0,0,0,0,0,1,0,0,0,0,0,0,0,0,0,0,1,0,1,0,0,1,0,0
1,64.1,106.29,3.2,155.0,12.8,2.0,0.432258064516129,15,3,6.9,2026-01-08,0,1,0,0,0,0,1,0,0,0,1,0,0,0,0,0,0,0,0,1,0,0,0,0,0,0,0,0,0,1,0,0,1,0,1,0,0,0
1,49.2,124.8,1.0,155.0,12.8,3.6,0.33548387096774196,15,3,6.9,2026-01-08,0,1,0,0,0,0,1,0,0,0,1,0,0,0,0,0,0,0,0,1,0,0,0,0,0,0,0,0,0,0,1,0,1,0,0,0,0,1
2,65.2,25.53,9.4,155.0,12.8,2.0,0.8903225806451613,16,3,6.9,2026-01-08,0,1,0,0,0,0,1,0,0,0,0,0,0,1,0,0,0,0,0,0,1,0,0,0,0,0,0,0,0,1,0,0,0,1,1,0,0,0
0,80.0,151.67,3.1,155.0,13.1,0.0,0.16129032258064516,10,4,18.9,2026-01-09,0,0,0,0,1,0,1,0,0,0,0,0,0,0,0,0,1,0,0,0,0,1,0,0,0,0,0,0,0,0,1,0,1,0,0,0,0,1
0,61.9,174.68,0.8,155.0,13.1,3.2,0.06451612903225806,9,4,18.9,2026-01-09,0,0,0,0,1,0,1,0,0,0,0,0,0,0,0,0,1,0,0,0,0,1,0,0,0,0,0,0,0,1,0,0,0,1,0,1,0,0
3,59.1,7.6,9.6,140.0,5.2,2.0,1.0,10,4,10.5,2026-01-09,0,0,0,1,0,0,0,1,0,0,0,1,0,0,0,0,0,0,0,0,0,0,1,0,0,0,0,0,0,0,1,0,1,0,0,0,1,0
3,69.1,18.21,9.2,140.0,5.2,2.0,0.9285714285714286,9,4,10.5,2026-01-09,0,0,0,1,0,0,0,1,0,0,0,1,0,0,0,0,0,0,0,0,0,0,1,0,0,0,0,0,0,1,0,0,0,1,0,0,0,1
3,63.3,36.45,5.9,140.0,5.2,5.1,0.8214285714285714,9,4,10.5,2026-01-09,0,0,0,1,0,0,0,1,0,0,0,1,0,0,0,0,0,0,0,0,0,0,1,0,0,0,0,0,0,1,0,0,1,0,0,1,0,0
1,37.4,103.07,3.4,140.0,5.2,2.0,0.5357142857142857,8,4,10.5,2026-01-09,0,0,0,1,0,0,0,1,0,0,0,0,0,0,0,1,0,0,0,0,0,0,0,0,1,0,0,0,0,0,0,1,1,0,0,0,1,0
2,67.7,75.72,5.5,140.0,5.2,2.9,0.5714285714285714,8,4,10.5,2026-01-09,0,0,0,1,0,0,0,1,0,0,0,0,1,0,0,0,0,0,0,0,0,0,0,1,0,0,0,0,0,0,1,0,1,0,1,0,0,0
1,67.3,99.96,7.0,140.0,5.2,2.0,0.42857142857142855,8,4,10.5,2026-01-09,0,0,0,1,0,0,0,1,0,0,0,0,0,0,0,1,0,0,0,0,0,0,0,0,1,0,0,0,0,0,0,1,0,1,0,1,0,0
1,75.4,115.43,1.8,140.0,5.2,4.2,0.32142857142857145,8,4,10.5,2026-01-09,0,0,0,1,0,0,0,1,0,0,0,0,0,0,0,1,0,0,0,0,0,0,0,0,1,0,0,0,0,0,1,0,1,0,0,0,0,1
0,77.9,140.07,-1.3,140.0,5.2,0.0,0.2857142857142857,8,4,10.5,2026-01-09,0,0,0,1,0,0,0,1,0,0,0,0,0,0,0,0,0,0,1,0,0,0,0,0,0,1,0,0,0,0,1,0,0,1,1,0,0,0
0,73.1,136.27,4.0,155.0,13.1,0.0,0.25806451612903225,10,4,18.9,2026-01-09,0,0,0,0,1,0,1,0,0,0,0,0,0,0,0,0,1,0,0,0,0,1,0,0,0,0,0,0,0,1,0,0,0,1,0,1,0,0
2,61.6,45.93,8.1,140.0,5.2,2.0,0.7857142857142857,9,4,10.5,2026-01-09,0,0,0,1,0,0,0,1,0,0,0,0,1,0,0,0,0,0,0,0,0,0,0,1,0,0,0,0,0,1,0,0,0,1,0,0,0,1
1,63.1,122.48,7.1,155.0,13.1,5.1,0.33548387096774196,10,4,18.9,2026-01-09,0,0,0,0,1,0,1,0,0,0,1,0,0,0,0,0,0,0,0,1,0,0,0,0,0,0,0,0,0,1,0,0,1,0,0,0,0,1
0,51.1,243.71,5.7,205.0,8.6,0.0,0.12195121951219512,11,4,10.9,2026-01-09,0,0,0,0,0,1,0,0,1,0,0,0,0,0,0,0,0,1,0,0,0,0,0,0,0,0,0,0,1,1,0,0,1,0,0,1,0,0
1,55.3,96.13,10.5,155.0,13.1,2.0,0.5290322580645161,11,4,18.9,2026-01-09,0,0,0,0,1,0,1,0,0,0,1,0,0,0,0,0,0,0,0,1,0,0,0,0,0,0,0,0,0,0,0,1,0,1,1,0,0,0
2,50.6,60.57,15.6,155.0,13.1,4.9,0.6967741935483871,11,4,18.9,2026-01-09,0,0,0,0,1,0,1,0,0,0,0,0,0,1,0,0,0,0,0,0,1,0,0,0,0,0,0,0,0,0,0,1,0,1,0,1,0,0
2,56.3,45.54,14.2,155.0,13.1,2.0,0.7935483870967742,11,4,18.9,2026-01-09,0,0,0,0,1,0,1,0,0,0,0,0,0,1,0,0,0,0,0,0,1,0,0,0,0,0,0,0,0,1,0,0,0,1,0,1,0,0
2,53.8,33.13,17.5,155.0,13.1,2.0,0.8903225806451613,12,4,18.9,2026-01-09,0,0,0,0,1,0,1,0,0,0,0,0,0,1,0,0,0,0,0,0,1,0,0,0,0,0,0,0,0,0,0,1,0,1,1,0,0,0
0,60.7,254.88,0.2,205.0,8.6,1.8,0.04878048780487805,11,4,10.9,2026-01-09,0,0,0,0,0,1,0,0,1,0,0,0,0,0,0,0,0,1,0,0,0,0,0,0,0,0,0,0,1,0,0,1,1,0,0,1,0,0
0,60.4,166.83,3.1,140.0,5.2,0.0,0.17857142857142858,8,4,10.5,2026-01-09,0,0,0,1,0,0,0,1,0,0,0,0,0,0,0,0,0,0,1,0,0,0,0,0,0,1,0,0,0,1,0,0,0,1,0,1,0,0
0,48.3,232.8,3.1,205.0,8.6,0.0,0.1951219512195122,12,4,10.9,2026-01-09,0,0,0,0,0,1,0,0,1,0,0,0,0,0,0,0,0,1,0,0,0,0,0,0,0,0,0,0,1,0,1,0,0,1,0,0,1,0
1,85.4,175.77,4.0,205.0,8.6,5.6,0.3170731707317073,12,4,10.9,2026-01-09,0,0,0,0,0,1,0,0,1,1,0,0,0,0,0,0,0,0,0,0,0,0,0,0,0,0,1,0,0,1,0,0,1,0,0,1,0,0
1,45.3,171.12,4.9,205.0,8.6,2.0,0.3902439024390244,12,4,10.9,2026-01-09,0,0,0,0,0,1,0,0,1,1,0,0,0,0,0,0,0,0,0,0,0,0,0,0,0,0,1,0,0,1,0,0,1,0,0,1,0,0
1,58.8,150.8,8.2,205.0,8.6,2.0,0.4634146341463415,12,4,10.9,2026-01-09,0,0,0,0,0,1,0,0,1,1,0,0,0,0,0,0,0,0,0,0,0,0,0,0,0,0,1,0,0,0,0,1,1,0,0,1,0,0
2,88.0,70.33,5.4,205.0,8.6,3.7,0.7073170731707317,13,4,10.9,2026-01-09,0,0,0,0,0,1,0,0,1,0,0,0,0,0,1,0,0,0,0,0,0,0,0,0,0,0,0,1,0,1,0,0,0,1,1,0,0,0
2,66.0,57.5,7.9,205.0,8.6,2.0,0.7804878048780488,14,4,10.9,2026-01-09,0,0,0,0,0,1,0,0,1,0,0,0,0,0,1,0,0,0,0,0,0,0,0,0,0,0,0,1,0,0,1,0,0,1,0,1,0,0
2,81.5,30.67,4.3,205.0,8.6,2.0,0.8536585365853658,14,4,10.9,2026-01-09,0,0,0,0,0,1,0,0,1,0,0,0,0,0,1,0,0,0,0,0,0,0,0,0,0,0,0,1,0,0,1,0,1,0,0,0,0,1
1,64.4,106.17,5.9,155.0,13.1,2.0,0.432258064516129,10,4,18.9,2026-01-09,0,0,0,0,1,0,1,0,0,0,1,0,0,0,0,0,0,0,0,1,0,0,0,0,0,0,0,0,0,0,0,1,0,1,0,1,0,0
0,54.6,182.9,-2.4,140.0,5.2,2.6,0.07142857142857142,7,4,10.5,2026-01-09,0,0,0,1,0,0,0,1,0,0,0,0,0,0,0,0,0,0,1,0,0,0,0,0,0,1,0,0,0,1,0,0,1,0,0,0,0,1
2,48.9,66.62,9.3,140.0,5.2,2.0,0.6785714285714286,9,4,10.5,2026-01-09,0,0,0,1,0,0,0,1,0,0,0,0,1,0,0,0,0,0,0,0,0,0,0,1,0,0,0,0,0,1,0,0,1,0,0,0,1,0
2,68.2,56.58,1.7,205.0,0.0,2.0,0.7804878048780488,8,4,1.0,2026-01-09,0,0,1,0,0,0,0,0,1,0,0,0,0,0,1,0,0,0,0,0,0,0,0,0,0,0,0,1,0,1,0,0,1,0,1,0,0,0
2,68.9,39.07,-1.7,205.0,0.0,2.0,0.8536585365853658,8,4,1.0,2026-01-09,0,0,1,0,0,0,0,0,1,0,0,0,0,0,1,0,0,0,0,0,0,0,0,0,0,0,0,1,0,1,0,0,1,0,0,1,0,0
0,56.9,168.29,0.8,140.0,9.7,0.0,0.17857142857142858,13,4,14.7,2026-01-09,1,0,0,0,0,0,0,1,0,0,0,0,0,0,0,0,0,0,1,0,0,0,0,0,0,1,0,0,0,0,0,1,1,0,0,1,0,0
0,63.0,150.0,5.9,140.0,9.7,0.0,0.2857142857142857,13,4,14.7,2026-01-09,1,0,0,0,0,0,0,1,0,0,0,0,0,0,0,0,0,0,1,0,0,0,0,0,0,1,0,0,0,0,0,1,1,0,1,0,0,0
1,53.9,119.02,5.9,140.0,9.7,3.5,0.32142857142857145,14,4,14.7,2026-01-09,1,0,0,0,0,0,0,1,0,0,0,0,0,0,0,1,0,0,0,0,0,0,0,0,1,0,0,0,0,1,0,0,1,0,0,1,0,0
1,51.2,106.67,6.3,140.0,9.7,2.0,0.42857142857142855,14,4,14.7,2026-01-09,1,0,0,0,0,0,0,1,0,0,0,0,0,0,0,1,0,0,0,0,0,0,0,0,1,0,0,0,0,0,1,0,1,0,0,1,0,0
1,74.0,78.67,4.6,140.0,9.7,2.0,0.5357142857142857,14,4,14.7,2026-01-09,1,0,0,0,0,0,0,1,0,0,0,0,0,0,0,1,0,0,0,0,0,0,0,0,1,0,0,0,0,1,0,0,1,0,0,1,0,0
2,56.7,77.55,10.6,140.0,9.7,3.3,0.5714285714285714,14,4,14.7,2026-01-09,1,0,0,0,0,0,0,1,0,0,0,0,1,0,0,0,0,0,0,0,0,0,0,1,0,0,0,0,0,0,0,1,1,0,1,0,0,0
2,57.6,63.0,8.8,140.0,9.7,2.0,0.6785714285714286,14,4,14.7,2026-01-09,1,0,0,0,0,0,0,1,0,0,0,0,1,0,0,0,0,0,0,0,0,0,0,1,0,0,0,0,0,0,1,0,0,1,0,0,0,1
2,41.1,59.6,14.9,140.0,9.7,2.0,0.7857142857142857,15,4,14.7,2026-01-09,1,0,0,0,0,0,0,1,0,0,0,0,1,0,0,0,0,0,0,0,0,0,0,1,0,0,0,0,0,0,1,0,0,1,0,1,0,0
3,65.5,36.08,12.0,140.0,9.7,3.6,0.8214285714285714,15,4,14.7,2026-01-09,1,0,0,0,0,0,0,1,0,0,0,1,0,0,0,0,0,0,0,0,0,0,1,0,0,0,0,0,0,0,1,0,0,1,0,0,1,0
3,48.7,26.71,15.7,140.0,9.7,2.0,0.9285714285714286,15,4,14.7,2026-01-09,1,0,0,0,0,0,0,1,0,0,0,1,0,0,0,0,0,0,0,0,0,0,1,0,0,0,0,0,0,0,1,0,1,0,1,0,0,0
3,65.1,3.6,17.3,140.0,9.7,2.0,1.0,15,4,14.7,2026-01-09,1,0,0,0,0,0,0,1,0,0,0,1,0,0,0,0,0,0,0,0,0,0,1,0,0,0,0,0,0,1,0,0,1,0,1,0,0,0
0,60.5,174.92,0.4,155.0,11.8,3.5,0.06451612903225806,15,4,21.6,2026-01-09,0,1,0,0,0,0,1,0,0,0,0,0,0,0,0,0,1,0,0,0,0,1,0,0,0,0,0,0,0,0,0,1,0,1,1,0,0,0
0,64.8,158.0,6.0,155.0,11.8,0.0,0.16129032258064516,15,4,21.6,2026-01-09,0,1,0,0,0,0,1,0,0,0,0,0,0,0,0,0,1,0,0,0,0,1,0,0,0,0,0,0,0,0,0,1,1,0,0,1,0,0
0,62.7,181.55,3.4,140.0,9.7,3.0,0.07142857142857142,13,4,14.7,2026-01-09,1,0,0,0,0,0,0,1,0,0,0,0,0,0,0,0,0,0,1,0,0,0,0,0,0,1,0,0,0,0,1,0,1,0,0,1,0,0
1,48.6,124.9,7.1,155.0,11.8,5.2,0.33548387096774196,16,4,21.6,2026-01-09,0,1,0,0,0,0,1,0,0,0,1,0,0,0,0,0,0,0,0,1,0,0,0,0,0,0,0,0,0,1,0,0,1,0,0,0,0,1
0,61.6,143.93,3.5,155.0,11.8,0.0,0.25806451612903225,16,4,21.6,2026-01-09,0,1,0,0,0,0,1,0,0,0,0,0,0,0,0,0,1,0,0,0,0,1,0,0,0,0,0,0,0,1,0,0,1,0,0,0,1,0
1,63.5,147.67,-2.7,205.0,0.0,2.0,0.4634146341463415,7,4,1.0,2026-01-09,0,0,1,0,0,0,0,0,1,1,0,0,0,0,0,0,0,0,0,0,0,0,0,0,0,0,1,0,0,1,0,0,0,1,0,1,0,0
1,52.8,168.0,1.3,205.0,0.0,2.0,0.3902439024390244,6,4,1.0,2026-01-09,0,0,1,0,0,0,0,0,1,1,0,0,0,0,0,0,0,0,0,0,0,0,0,0,0,0,1,0,0,0,1,0,1,0,0,1,0,0
1,71.3,178.12,1.6,205.0,0.0,3.9,0.3170731707317073,6,4,1.0,2026-01-09,0,0,1,0,0,0,0,0,1,1,0,0,0,0,0,0,0,0,0,0,0,0,0,0,0,0,1,0,0,0,0,1,1,0,0,1,0,0
0,67.6,219.93,-2.8,205.0,0.0,0.0,0.1951219512195122,6,4,1.0,2026-01-09,0,0,1,0,0,0,0,0,1,0,0,0,0,0,0,0,0,1,0,0,0,0,0,0,0,0,0,0,1,1,0,0,1,0,0,1,0,0
0,76.7,233.04,-3.0,205.0,0.0,0.0,0.12195121951219512,5,4,1.0,2026-01-09,0,0,1,0,0,0,0,0,1,0,0,0,0,0,0,0,0,1,0,0,0,0,0,0,0,0,0,0,1,1,0,0,1,0,0,0,1,0
2,73.1,72.82,-0.6,205.0,0.0,4.8,0.7073170731707317,7,4,1.0,2026-01-09,0,0,1,0,0,0,0,0,1,0,0,0,0,0,1,0,0,0,0,0,0,0,0,0,0,0,0,1,0,1,0,0,0,1,0,1,0,0
0,67.1,253.82,-0.8,205.0,0.0,2.2,0.04878048780487805,5,4,1.0,2026-01-09,0,0,1,0,0,0,0,0,1,0,0,0,0,0,0,0,0,1,0,0,0,0,0,0,0,0,0,0,1,0,1,0,1,0,0,0,0,1
2,54.6,32.6,16.2,155.0,11.8,2.0,0.8903225806451613,17,4,21.6,2026-01-09,0,1,0,0,0,0,1,0,0,0,0,0,0,1,0,0,0,0,0,0,1,0,0,0,0,0,0,0,0,0,1,0,1,0,0,1,0,0
2,65.1,41.88,17.4,155.0,11.8,2.0,0.7935483870967742,17,4,21.6,2026-01-09,0,1,0,0,0,0,1,0,0,0,0,0,0,1,0,0,0,0,0,0,1,0,0,0,0,0,0,0,0,1,0,0,0,1,0,0,0,1
2,48.6,60.9,15.5,155.0,11.8,5.0,0.6967741935483871,17,4,21.6,2026-01-09,0,1,0,0,0,0,1,0,0,0,0,0,0,1,0,0,0,0,0,0,1,0,0,0,0,0,0,0,0,1,0,0,1,0,0,0,1,0
1,52.3,98.13,13.5,155.0,11.8,2.0,0.5290322580645161,16,4,21.6,2026-01-09,0,1,0,0,0,0,1,0,0,0,1,0,0,0,0,0,0,0,0,1,0,0,0,0,0,0,0,0,0,1,0,0,1,0,0,0,0,1
1,54.7,110.21,10.4,155.0,11.8,2.0,0.432258064516129,16,4,21.6,2026-01-09,0,1,0,0,0,0,1,0,0,0,1,0,0,0,0,0,0,0,0,1,0,0,0,0,0,0,0,0,0,1,0,0,1,0,0,1,0,0
0,73.6,154.33,1.3,155.0,7.4,0.0,0.16129032258064516,11,5,9.3,2026-01-10,0,0,0,0,1,0,1,0,0,0,0,0,0,0,0,0,1,0,0,0,0,1,0,0,0,0,0,0,0,1,0,0,0,1,1,0,0,0
0,59.4,175.1,-1.0,155.0,7.4,3.3,0.06451612903225806,10,5,9.3,2026-01-10,0,0,0,0,1,0,1,0,0,0,0,0,0,0,0,0,1,0,0,0,0,1,0,0,0,0,0,0,0,1,0,0,1,0,1,0,0,0
3,70.1,1.0,6.6,140.0,9.3,2.0,1.0,11,5,5.2,2026-01-10,0,0,0,1,0,0,0,1,0,0,0,1,0,0,0,0,0,0,0,0,0,0,1,0,0,0,0,0,0,1,0,0,1,0,1,0,0,0
3,83.2,12.33,1.1,140.0,9.3,2.0,0.9285714285714286,10,5,5.2,2026-01-10,0,0,0,1,0,0,0,1,0,0,0,1,0,0,0,0,0,0,0,0,0,0,1,0,0,0,0,0,0,1,0,0,1,0,0,1,0,0
3,65.3,36.12,5.3,140.0,9.3,3.2,0.8214285714285714,10,5,5.2,2026-01-10,0,0,0,1,0,0,0,1,0,0,0,1,0,0,0,0,0,0,0,0,0,0,1,0,0,0,0,0,0,0,0,1,0,1,0,1,0,0
2,71.6,75.07,3.1,140.0,9.3,4.2,0.5714285714285714,9,5,5.2,2026-01-10,0,0,0,1,0,0,0,1,0,0,0,0,1,0,0,0,0,0,0,0,0,0,0,1,0,0,0,0,0,1,0,0,1,0,0,1,0,0
0,76.7,140.87,2.0,140.0,9.3,0.0,0.2857142857142857,9,5,5.2,2026-01-10,0,0,0,1,0,0,0,1,0,0,0,0,0,0,0,0,0,0,1,0,0,0,0,0,0,1,0,0,0,0,0,1,0,1,1,0,0,0
1,71.2,80.53,1.2,140.0,9.3,2.0,0.5357142857142857,9,5,5.2,2026-01-10,0,0,0,1,0,0,0,1,0,0,0,0,0,0,0,1,0,0,0,0,0,0,0,0,1,0,0,0,0,0,0,1,1,0,1,0,0,0
1,56.8,104.33,2.3,140.0,9.3,2.0,0.42857142857142855,9,5,5.2,2026-01-10,0,0,0,1,0,0,0,1,0,0,0,0,0,0,0,1,0,0,0,0,0,0,0,0,1,0,0,0,0,0,1,0,1,0,0,0,1,0
1,65.4,117.1,3.0,140.0,9.3,3.4,0.32142857142857145,9,5,5.2,2026-01-10,0,0,0,1,0,0,0,1,0,0,0,0,0,0,0,1,0,0,0,0,0,0,0,0,1,0,0,0,0,0,1,0,1,0,0,1,0,0
0,54.8,148.47,2.3,155.0,7.4,0.0,0.25806451612903225,11,5,9.3,2026-01-10,0,0,0,0,1,0,1,0,0,0,0,0,0,0,0,0,1,0,0,0,0,1,0,0,0,0,0,0,0,0,0,1,0,1,0,1,0,0
2,66.9,42.4,4.5,140.0,9.3,2.0,0.7857142857142857,10,5,5.2,2026-01-10,0,0,0,1,0,0,0,1,0,0,0,0,1,0,0,0,0,0,0,0,0,0,0,1,0,0,0,0,0,1,0,0,1,0,0,1,0,0
1,74.2,120.63,5.0,155.0,7.4,5.3,0.33548387096774196,11,5,9.3,2026-01-10,0,0,0,0,1,0,1,0,0,0,1,0,0,0,0,0,0,0,0,1,0,0,0,0,0,0,0,0,0,0,0,1,0,1,0,0,1,0
0,77.2,232.83,1.8,205.0,1.3,0.0,0.12195121951219512,12,5,4.3,2026-01-10,0,0,0,0,0,1,0,0,1,0,0,0,0,0,0,0,0,1,0,0,0,0,0,0,0,0,0,0,1,1,0,0,1,0,0,1,0,0
1,65.3,89.47,5.5,155.0,7.4,2.0,0.5290322580645161,12,5,9.3,2026-01-10,0,0,0,0,1,0,1,0,0,0,1,0,0,0,0,0,0,0,0,1,0,0,0,0,0,0,0,0,0,0,0,1,1,0,0,1,0,0
2,66.0,58.0,4.9,155.0,7.4,4.5,0.6967741935483871,12,5,9.3,2026-01-10,0,0,0,0,1,0,1,0,0,0,0,0,0,1,0,0,0,0,0,0,1,0,0,0,0,0,0,0,0,1,0,0,1,0,1,0,0,0
2,58.2,44.75,7.3,155.0,7.4,2.0,0.7935483870967742,12,5,9.3,2026-01-10,0,0,0,0,1,0,1,0,0,0,0,0,0,1,0,0,0,0,0,0,1,0,0,0,0,0,0,0,0,1,0,0,1,0,0,0,0,1
2,65.6,25.27,6.4,155.0,7.4,2.0,0.8903225806451613,13,5,9.3,2026-01-10,0,0,0,0,1,0,1,0,0,0,0,0,0,1,0,0,0,0,0,0,1,0,0,0,0,0,0,0,0,1,0,0,1,0,0,0,0,1
0,71.5,253.08,-1.5,205.0,1.3,4.6,0.04878048780487805,12,5,4.3,2026-01-10,0,0,0,0,0,1,0,0,1,0,0,0,0,0,0,0,0,1,0,0,0,0,0,0,0,0,0,0,1,0,0,1,1,0,0,0,1,0
0,72.7,216.53,0.7,205.0,1.3,0.0,0.1951219512195122,13,5,4.3,2026-01-10,0,0,0,0,0,1,0,0,1,0,0,0,0,0,0,0,0,1,0,0,0,0,0,0,0,0,0,0,1,1,0,0,0,1,1,0,0,0
1,77.5,177.08,3.2,205.0,1.3,4.3,0.3170731707317073,13,5,4.3,2026-01-10,0,0,0,0,0,1,0,0,1,1,0,0,0,0,0,0,0,0,0,0,0,0,0,0,0,0,1,0,0,1,0,0,1,0,0,0,0,1
1,63.0,163.75,1.1,205.0,1.3,2.0,0.3902439024390244,13,5,4.3,2026-01-10,0,0,0,0,0,1,0,0,1,1,0,0,0,0,0,0,0,0,0,0,0,0,0,0,0,0,1,0,0,0,0,1,1,0,0,0,0,1
1,69.4,143.73,-3.0,205.0,1.3,2.0,0.4634146341463415,13,5,4.3,2026-01-10,0,0,0,0,0,1,0,0,1,1,0,0,0,0,0,0,0,0,0,0,0,0,0,0,0,0,1,0,0,0,0,1,1,0,0,1,0,0
2,56.3,75.62,4.9,205.0,1.3,4.0,0.7073170731707317,14,5,4.3,2026-01-10,0,0,0,0,0,1,0,0,1,0,0,0,0,0,1,0,0,0,0,0,0,0,0,0,0,0,0,1,0,0,0,1,0,1,0,1,0,0
2,59.3,60.29,6.4,205.0,1.3,2.0,0.7804878048780488,15,5,4.3,2026-01-10,0,0,0,0,0,1,0,0,1,0,0,0,0,0,1,0,0,0,0,0,0,0,0,0,0,0,0,1,0,0,0,1,0,1,0,1,0,0
2,83.6,29.27,2.8,205.0,1.3,2.0,0.8536585365853658,15,5,4.3,2026-01-10,0,0,0,0,0,1,0,0,1,0,0,0,0,0,1,0,0,0,0,0,0,0,0,0,0,0,0,1,0,1,0,0,0,1,1,0,0,0
0,59.3,167.29,-2.8,140.0,9.3,0.0,0.17857142857142858,9,5,5.2,2026-01-10,0,0,0,1,0,0,0,1,0,0,0,0,0,0,0,0,0,0,1,0,0,0,0,0,0,1,0,0,0,0,0,1,1,0,0,1,0,0
1,67.2,105.0,1.8,155.0,7.4,2.0,0.432258064516129,11,5,9.3,2026-01-10,0,0,0,0,1,0,1,0,0,0,1,0,0,0,0,0,0,0,0,1,0,0,0,0,0,0,0,0,0,1,0,0,0,1,1,0,0,0
0,60.4,181.93,0.3,140.0,9.3,1.7,0.07142857142857142,8,5,5.2,2026-01-10,0,0,0,1,0,0,0,1,0,0,0,0,0,0,0,0,0,0,1,0,0,0,0,0,0,1,0,0,0,0,0,1,0,1,0,1,0,0
2,72.4,56.83,3.8,140.0,9.3,2.0,0.6785714285714286,10,5,5.2,2026-01-10,0,0,0,1,0,0,0,1,0,0,0,0,1,0,0,0,0,0,0,0,0,0,0,1,0,0,0,0,0,0,1,0,1,0,0,0,0,1
2,52.6,63.08,9.5,205.0,8.7,2.0,0.7804878048780488,9,5,13.6,2026-01-10,0,0,1,0,0,0,0,0,1,0,0,0,0,0,1,0,0,0,0,0,0,0,0,0,0,0,0,1,0,1,0,0,1,0,0,1,0,0
0,49.0,183.83,0.2,140.0,8.5,2.8,0.07142857142857142,14,5,5.7,2026-01-10,1,0,0,0,0,0,0,1,0,0,0,0,0,0,0,0,0,0,1,0,0,0,0,0,0,1,0,0,0,1,0,0,1,0,0,1,0,0
0,67.2,164.0,0.0,140.0,8.5,0.0,0.17857142857142858,14,5,5.7,2026-01-10,1,0,0,0,0,0,0,1,0,0,0,0,0,0,0,0,0,0,1,0,0,0,0,0,0,1,0,0,0,0,1,0,1,0,0,1,0,0
0,77.8,140.13,1.9,140.0,8.5,0.0,0.2857142857142857,14,5,5.7,2026-01-10,1,0,0,0,0,0,0,1,0,0,0,0,0,0,0,0,0,0,1,0,0,0,0,0,0,1,0,0,0,0,1,0,1,0,0,1,0,0
1,58.6,118.23,1.9,140.0,8.5,4.7,0.32142857142857145,15,5,5.7,2026-01-10,1,0,0,0,0,0,0,1,0,0,0,0,0,0,0,1,0,0,0,0,0,0,0,0,1,0,0,0,0,0,0,1,0,1,0,1,0,0
1,59.6,103.17,3.3,140.0,8.5,2.0,0.42857142857142855,15,5,5.7,2026-01-10,1,0,0,0,0,0,0,1,0,0,0,0,0,0,0,1,0,0,0,0,0,0,0,0,1,0,0,0,0,0,0,1,1,0,0,0,1,0
1,60.5,87.67,4.3,140.0,8.5,2.0,0.5357142857142857,15,5,5.7,2026-01-10,1,0,0,0,0,0,0,1,0,0,0,0,0,0,0,1,0,0,0,0,0,0,0,0,1,0,0,0,0,1,0,0,1,0,0,0,0,1
2,58.0,77.33,1.4,140.0,8.5,5.6,0.5714285714285714,15,5,5.7,2026-01-10,1,0,0,0,0,0,0,1,0,0,0,0,1,0,0,0,0,0,0,0,0,0,0,1,0,0,0,0,0,0,1,0,1,0,1,0,0,0
2,64.7,60.04,5.5,140.0,8.5,2.0,0.6785714285714286,15,5,5.7,2026-01-10,1,0,0,0,0,0,0,1,0,0,0,0,1,0,0,0,0,0,0,0,0,0,0,1,0,0,0,0,0,0,0,1,0,1,1,0,0,0
2,57.1,48.93,6.5,140.0,8.5,2.0,0.7857142857142857,16,5,5.7,2026-01-10,1,0,0,0,0,0,0,1,0,0,0,0,1,0,0,0,0,0,0,0,0,0,0,1,0,0,0,0,0,1,0,0,0,1,0,1,0,0
3,65.1,36.15,1.9,140.0,8.5,6.0,0.8214285714285714,16,5,5.7,2026-01-10,1,0,0,0,0,0,0,1,0,0,0,1,0,0,0,0,0,0,0,0,0,0,1,0,0,0,0,0,0,1,0,0,1,0,0,0,1,0
3,49.6,26.33,7.2,140.0,8.5,2.0,0.9285714285714286,16,5,5.7,2026-01-10,1,0,0,0,0,0,0,1,0,0,0,1,0,0,0,0,0,0,0,0,0,0,1,0,0,0,0,0,0,1,0,0,1,0,0,1,0,0
3,59.3,7.47,5.7,140.0,8.5,2.0,1.0,16,5,5.7,2026-01-10,1,0,0,0,0,0,0,1,0,0,0,1,0,0,0,0,0,0,0,0,0,0,1,0,0,0,0,0,0,0,0,1,1,0,1,0,0,0
0,79.8,171.7,-0.5,155.0,11.6,3.6,0.06451612903225806,16,5,26.2,2026-01-10,0,1,0,0,0,0,1,0,0,0,0,0,0,0,0,0,1,0,0,0,0,1,0,0,0,0,0,0,0,0,0,1,1,0,0,0,1,0
0,70.9,155.46,7.2,155.0,11.6,0.0,0.16129032258064516,16,5,26.2,2026-01-10,0,1,0,0,0,0,1,0,0,0,0,0,0,0,0,0,1,0,0,0,0,1,0,0,0,0,0,0,0,0,1,0,1,0,0,1,0,0
2,63.9,42.4,14.2,205.0,8.7,2.0,0.8536585365853658,9,5,13.6,2026-01-10,0,0,1,0,0,0,0,0,1,0,0,0,0,0,1,0,0,0,0,0,0,0,0,0,0,0,0,1,0,1,0,0,1,0,0,1,0,0
1,64.7,122.22,7.7,155.0,11.6,6.3,0.33548387096774196,17,5,26.2,2026-01-10,0,1,0,0,0,0,1,0,0,0,1,0,0,0,0,0,0,0,0,1,0,0,0,0,0,0,0,0,0,0,1,0,1,0,0,1,0,0
0,69.6,138.6,9.0,155.0,11.6,0.0,0.25806451612903225,17,5,26.2,2026-01-10,0,1,0,0,0,0,1,0,0,0,0,0,0,0,0,0,1,0,0,0,0,1,0,0,0,0,0,0,0,0,1,0,1,0,0,1,0,0
1,60.8,149.47,6.3,205.0,8.7,2.0,0.4634146341463415,8,5,13.6,2026-01-10,0,0,1,0,0,0,0,0,1,1,0,0,0,0,0,0,0,0,0,0,0,0,0,0,0,0,1,0,0,1,0,0,0,1,0,1,0,0
1,57.0,166.25,3.4,205.0,8.7,2.0,0.3902439024390244,7,5,13.6,2026-01-10,0,0,1,0,0,0,0,0,1,1,0,0,0,0,0,0,0,0,0,0,0,0,0,0,0,0,1,0,0,1,0,0,0,1,0,0,1,0
1,75.3,177.45,3.1,205.0,8.7,4.5,0.3170731707317073,7,5,13.6,2026-01-10,0,0,1,0,0,0,0,0,1,1,0,0,0,0,0,0,0,0,0,0,0,0,0,0,0,0,1,0,0,0,0,1,0,1,0,1,0,0
0,75.2,214.87,6.8,205.0,8.7,0.0,0.1951219512195122,7,5,13.6,2026-01-10,0,0,1,0,0,0,0,0,1,0,0,0,0,0,0,0,0,1,0,0,0,0,0,0,0,0,0,0,1,0,1,0,0,1,1,0,0,0
0,60.1,239.96,5.8,205.0,8.7,0.0,0.12195121951219512,6,5,13.6,2026-01-10,0,0,1,0,0,0,0,0,1,0,0,0,0,0,0,0,0,1,0,0,0,0,0,0,0,0,0,0,1,0,0,1,0,1,0,0,0,1
2,65.5,74.08,8.6,205.0,8.7,3.6,0.7073170731707317,8,5,13.6,2026-01-10,0,0,1,0,0,0,0,0,1,0,0,0,0,0,1,0,0,0,0,0,0,0,0,0,0,0,0,1,0,0,0,1,1,0,1,0,0,0
0,53.8,256.03,1.0,205.0,8.7,1.9,0.04878048780487805,6,5,13.6,2026-01-10,0,0,1,0,0,0,0,0,1,0,0,0,0,0,0,0,0,1,0,0,0,0,0,0,0,0,0,0,1,1,0,0,1,0,0,0,0,1
2,49.6,35.93,24.3,155.0,11.6,2.0,0.8903225806451613,18,5,26.2,2026-01-10,0,1,0,0,0,0,1,0,0,0,0,0,0,1,0,0,0,0,0,0,1,0,0,0,0,0,0,0,0,1,0,0,1,0,0,1,0,0
2,61.8,43.25,19.7,155.0,11.6,2.0,0.7935483870967742,18,5,26.2,2026-01-10,0,1,0,0,0,0,1,0,0,0,0,0,0,1,0,0,0,0,0,0,1,0,0,0,0,0,0,0,0,1,0,0,1,0,0,1,0,0
2,56.5,59.58,15.2,155.0,11.6,4.3,0.6967741935483871,18,5,26.2,2026-01-10,0,1,0,0,0,0,1,0,0,0,0,0,0,1,0,0,0,0,0,0,1,0,0,0,0,0,0,0,0,0,1,0,0,1,0,1,0,0
1,59.2,93.53,15.2,155.0,11.6,2.0,0.5290322580645161,17,5,26.2,2026-01-10,0,1,0,0,0,0,1,0,0,0,1,0,0,0,0,0,0,0,0,1,0,0,0,0,0,0,0,0,0,1,0,0,1,0,1,0,0,0
1,37.4,117.42,13.4,155.0,11.6,2.0,0.432258064516129,17,5,26.2,2026-01-10,0,1,0,0,0,0,1,0,0,0,1,0,0,0,0,0,0,0,0,1,0,0,0,0,0,0,0,0,0,0,1,0,1,0,0,0,1,0
0,82.2,150.75,-0.6,155.0,2.6,0.0,0.16129032258064516,12,6,0.4,2026-01-11,0,0,0,0,1,0,1,0,0,0,0,0,0,0,0,0,1,0,0,0,0,1,0,0,0,0,0,0,0,1,0,0,0,1,0,0,0,1
0,80.3,171.62,3.0,155.0,2.6,3.4,0.06451612903225806,11,6,0.4,2026-01-11,0,0,0,0,1,0,1,0,0,0,0,0,0,0,0,0,1,0,0,0,0,1,0,0,0,0,0,0,0,0,1,0,1,0,0,1,0,0
3,67.9,1.73,7.1,140.0,3.0,2.0,1.0,12,6,7.7,2026-01-11,0,0,0,1,0,0,0,1,0,0,0,1,0,0,0,0,0,0,0,0,0,0,1,0,0,0,0,0,0,1,0,0,1,0,0,1,0,0
3,71.2,17.33,9.1,140.0,3.0,2.0,0.9285714285714286,11,6,7.7,2026-01-11,0,0,0,1,0,0,0,1,0,0,0,1,0,0,0,0,0,0,0,0,0,0,1,0,0,0,0,0,0,0,1,0,0,1,0,1,0,0
3,67.2,35.8,5.0,140.0,3.0,3.5,0.8214285714285714,11,6,7.7,2026-01-11,0,0,0,1,0,0,0,1,0,0,0,1,0,0,0,0,0,0,0,0,0,0,1,0,0,0,0,0,0,1,0,0,0,1,0,1,0,0
2,71.5,75.08,7.7,140.0,3.0,3.8,0.5714285714285714,10,6,7.7,2026-01-11,0,0,0,1,0,0,0,1,0,0,0,0,1,0,0,0,0,0,0,0,0,0,0,1,0,0,0,0,0,0,1,0,1,0,1,0,0,0
0,48.5,159.67,0.6,140.0,3.0,0.0,0.2857142857142857,10,6,7.7,2026-01-11,0,0,0,1,0,0,0,1,0,0,0,0,0,0,0,0,0,0,1,0,0,0,0,0,0,1,0,0,0,1,0,0,0,1,0,1,0,0
1,64.2,85.2,4.4,140.0,3.0,2.0,0.5357142857142857,10,6,7.7,2026-01-11,0,0,0,1,0,0,0,1,0,0,0,0,0,0,0,1,0,0,0,0,0,0,0,0,1,0,0,0,0,1,0,0,1,0,0,1,0,0
1,62.1,102.12,3.1,140.0,3.0,2.0,0.42857142857142855,10,6,7.7,2026-01-11,0,0,0,1,0,0,0,1,0,0,0,0,0,0,0,1,0,0,0,0,0,0,0,0,1,0,0,0,0,0,0,1,1,0,0,0,0,1
1,53.2,119.13,4.3,140.0,3.0,5.3,0.32142857142857145,10,6,7.7,2026-01-11,0,0,0,1,0,0,0,1,0,0,0,0,0,0,0,1,0,0,0,0,0,0,0,0,1,0,0,0,0,1,0,0,0,1,1,0,0,0
0,71.3,137.47,-1.9,155.0,2.6,0.0,0.25806451612903225,12,6,0.4,2026-01-11,0,0,0,0,1,0,1,0,0,0,0,0,0,0,0,0,1,0,0,0,0,1,0,0,0,0,0,0,0,1,0,0,1,0,0,0,0,1
2,48.1,54.93,5.7,140.0,3.0,2.0,0.7857142857142857,11,6,7.7,2026-01-11,0,0,0,1,0,0,0,1,0,0,0,0,1,0,0,0,0,0,0,0,0,0,0,1,0,0,0,0,0,1,0,0,1,0,1,0,0,0
1,66.1,121.98,-1.1,155.0,2.6,5.6,0.33548387096774196,12,6,0.4,2026-01-11,0,0,0,0,1,0,1,0,0,0,1,0,0,0,0,0,0,0,0,1,0,0,0,0,0,0,0,0,0,0,1,0,1,0,0,0,0,1
0,68.7,253.55,-3.0,205.0,6.4,1.7,0.04878048780487805,13,6,6.4,2026-01-11,0,0,0,0,0,1,0,0,1,0,0,0,0,0,0,0,0,1,0,0,0,0,0,0,0,0,0,0,1,0,0,1,1,0,1,0,0,0
1,64.3,90.13,2.2,155.0,2.6,2.0,0.5290322580645161,13,6,0.4,2026-01-11,0,0,0,0,1,0,1,0,0,0,1,0,0,0,0,0,0,0,0,1,0,0,0,0,0,0,0,0,0,1,0,0,1,0,0,0,0,1
2,64.0,58.33,-0.9,155.0,2.6,4.3,0.6967741935483871,13,6,0.4,2026-01-11,0,0,0,0,1,0,1,0,0,0,0,0,0,1,0,0,0,0,0,0,1,0,0,0,0,0,0,0,0,1,0,0,0,1,0,0,0,1
2,67.8,40.75,4.0,155.0,2.6,2.0,0.7935483870967742,13,6,0.4,2026-01-11,0,0,0,0,1,0,1,0,0,0,0,0,0,1,0,0,0,0,0,0,1,0,0,0,0,0,0,0,0,0,0,1,1,0,0,1,0,0
2,67.7,23.87,-2.5,155.0,2.6,2.0,0.8903225806451613,14,6,0.4,2026-01-11,0,0,0,0,1,0,1,0,0,0,0,0,0,1,0,0,0,0,0,0,1,0,0,0,0,0,0,0,0,1,0,0,0,1,0,1,0,0
0,62.2,166.08,3.1,140.0,3.0,0.0,0.17857142857142858,10,6,7.7,2026-01-11,0,0,0,1,0,0,0,1,0,0,0,0,0,0,0,0,0,0,1,0,0,0,0,0,0,1,0,0,0,1,0,0,1,0,0,0,1,0
0,66.8,237.17,0.6,205.0,6.4,0.0,0.12195121951219512,13,6,6.4,2026-01-11,0,0,0,0,0,1,0,0,1,0,0,0,0,0,0,0,0,1,0,0,0,0,0,0,0,0,0,0,1,0,0,1,1,0,0,1,0,0
0,70.8,217.8,2.7,205.0,6.4,0.0,0.1951219512195122,14,6,6.4,2026-01-11,0,0,0,0,0,1,0,0,1,0,0,0,0,0,0,0,0,1,0,0,0,0,0,0,0,0,0,0,1,0,0,1,1,0,0,1,0,0
1,72.6,177.9,3.1,205.0,6.4,5.9,0.3170731707317073,14,6,6.4,2026-01-11,0,0,0,0,0,1,0,0,1,1,0,0,0,0,0,0,0,0,0,0,0,0,0,0,0,0,1,0,0,1,0,0,1,0,1,0,0,0
1,48.0,170.0,3.9,205.0,6.4,2.0,0.3902439024390244,14,6,6.4,2026-01-11,0,0,0,0,0,1,0,0,1,1,0,0,0,0,0,0,0,0,0,0,0,0,0,0,0,0,1,0,0,0,1,0,1,0,0,0,0,1
1,59.3,150.47,3.7,205.0,6.4,2.0,0.4634146341463415,14,6,6.4,2026-01-11,0,0,0,0,0,1,0,0,1,1,0,0,0,0,0,0,0,0,0,0,0,0,0,0,0,0,1,0,0,1,0,0,1,0,0,0,1,0
2,67.1,73.82,4.7,205.0,6.4,5.2,0.7073170731707317,15,6,6.4,2026-01-11,0,0,0,0,0,1,0,0,1,0,0,0,0,0,1,0,0,0,0,0,0,0,0,0,0,0,0,1,0,1,0,0,0,1,0,0,1,0
2,69.5,56.04,4.8,205.0,6.4,2.0,0.7804878048780488,16,6,6.4,2026-01-11,0,0,0,0,0,1,0,0,1,0,0,0,0,0,1,0,0,0,0,0,0,0,0,0,0,0,0,1,0,0,0,1,0,1,1,0,0,0
2,51.6,50.6,3.6,205.0,6.4,2.0,0.8536585365853658,16,6,6.4,2026-01-11,0,0,0,0,0,1,0,0,1,0,0,0,0,0,1,0,0,0,0,0,0,0,0,0,0,0,0,1,0,1,0,0,1,0,0,0,1,0
1,78.0,100.5,-1.0,155.0,2.6,2.0,0.432258064516129,12,6,0.4,2026-01-11,0,0,0,0,1,0,1,0,0,0,1,0,0,0,0,0,0,0,0,1,0,0,0,0,0,0,0,0,0,0,0,1,1,0,0,0,0,1
0,58.8,182.2,2.7,140.0,3.0,2.9,0.07142857142857142,9,6,7.7,2026-01-11,0,0,0,1,0,0,0,1,0,0,0,0,0,0,0,0,0,0,1,0,0,0,0,0,0,1,0,0,0,0,1,0,1,0,0,1,0,0
2,68.1,58.62,6.8,140.0,3.0,2.0,0.6785714285714286,11,6,7.7,2026-01-11,0,0,0,1,0,0,0,1,0,0,0,0,1,0,0,0,0,0,0,0,0,0,0,1,0,0,0,0,0,1,0,0,1,0,0,1,0,0
2,58.7,60.54,7.2,205.0,9.1,2.0,0.7804878048780488,10,6,8.5,2026-01-11,0,0,1,0,0,0,0,0,1,0,0,0,0,0,1,0,0,0,0,0,0,0,0,0,0,0,0,1,0,0,0,1,1,0,1,0,0,0
0,72.0,180.0,0.9,140.0,2.4,3.1,0.07142857142857142,15,6,10.4,2026-01-11,1,0,0,0,0,0,0,1,0,0,0,0,0,0,0,0,0,0,1,0,0,0,0,0,0,1,0,0,0,1,0,0,1,0,0,0,0,1
0,75.5,160.54,2.9,140.0,2.4,0.0,0.17857142857142858,15,6,10.4,2026-01-11,1,0,0,0,0,0,0,1,0,0,0,0,0,0,0,0,0,0,1,0,0,0,0,0,0,1,0,0,0,0,0,1,0,1,0,0,1,0
0,61.3,151.13,5.5,140.0,2.4,0.0,0.2857142857142857,15,6,10.4,2026-01-11,1,0,0,0,0,0,0,1,0,0,0,0,0,0,0,0,0,0,1,0,0,0,0,0,0,1,0,0,0,1,0,0,0,1,0,0,1,0
1,49.2,119.8,4.4,140.0,2.4,4.9,0.32142857142857145,16,6,10.4,2026-01-11,1,0,0,0,0,0,0,1,0,0,0,0,0,0,0,1,0,0,0,0,0,0,0,0,1,0,0,0,0,1,0,0,1,0,0,0,1,0
1,69.6,99.0,2.0,140.0,2.4,2.0,0.42857142857142855,16,6,10.4,2026-01-11,1,0,0,0,0,0,0,1,0,0,0,0,0,0,0,1,0,0,0,0,0,0,0,0,1,0,0,0,0,0,1,0,1,0,1,0,0,0
1,80.7,74.2,4.8,140.0,2.4,2.0,0.5357142857142857,16,6,10.4,2026-01-11,1,0,0,0,0,0,0,1,0,0,0,0,0,0,0,1,0,0,0,0,0,0,0,0,1,0,0,0,0,0,1,0,0,1,0,0,1,0
2,58.4,77.27,4.3,140.0,2.4,3.7,0.5714285714285714,16,6,10.4,2026-01-11,1,0,0,0,0,0,0,1,0,0,0,0,1,0,0,0,0,0,0,0,0,0,0,1,0,0,0,0,0,0,0,1,1,0,0,1,0,0
2,61.0,61.58,10.4,140.0,2.4,2.0,0.6785714285714286,16,6,10.4,2026-01-11,1,0,0,0,0,0,0,1,0,0,0,0,1,0,0,0,0,0,0,0,0,0,0,1,0,0,0,0,0,1,0,0,1,0,0,0,0,1
2,63.8,44.47,7.7,140.0,2.4,2.0,0.7857142857142857,17,6,10.4,2026-01-11,1,0,0,0,0,0,0,1,0,0,0,0,1,0,0,0,0,0,0,0,0,0,0,1,0,0,0,0,0,0,0,1,1,0,1,0,0,0
3,55.3,37.78,6.5,140.0,2.4,3.5,0.8214285714285714,17,6,10.4,2026-01-11,1,0,0,0,0,0,0,1,0,0,0,1,0,0,0,0,0,0,0,0,0,0,1,0,0,0,0,0,0,0,0,1,1,0,0,0,1,0
3,73.9,16.21,12.0,140.0,2.4,2.0,0.9285714285714286,17,6,10.4,2026-01-11,1,0,0,0,0,0,0,1,0,0,0,1,0,0,0,0,0,0,0,0,0,0,1,0,0,0,0,0,0,0,0,1,0,1,0,0,0,1
3,50.6,13.27,13.2,140.0,2.4,2.0,1.0,17,6,10.4,2026-01-11,1,0,0,0,0,0,0,1,0,0,0,1,0,0,0,0,0,0,0,0,0,0,1,0,0,0,0,0,0,0,1,0,0,1,0,1,0,0
0,71.2,173.13,0.2,155.0,3.0,2.7,0.06451612903225806,5,6,2.7,2026-01-11,0,1,0,0,0,0,1,0,0,0,0,0,0,0,0,0,1,0,0,0,0,1,0,0,0,0,0,0,0,0,0,1,1,0,0,0,0,1
0,68.8,156.33,0.5,155.0,3.0,0.0,0.16129032258064516,5,6,2.7,2026-01-11,0,1,0,0,0,0,1,0,0,0,0,0,0,0,0,0,1,0,0,0,0,1,0,0,0,0,0,0,0,0,1,0,0,1,0,1,0,0
2,48.3,52.8,8.4,205.0,9.1,2.0,0.8536585365853658,10,6,8.5,2026-01-11,0,0,1,0,0,0,0,0,1,0,0,0,0,0,1,0,0,0,0,0,0,0,0,0,0,0,0,1,0,0,0,1,0,1,1,0,0,0
1,82.1,119.32,-1.8,155.0,3.0,4.4,0.33548387096774196,6,6,2.7,2026-01-11,0,1,0,0,0,0,1,0,0,0,1,0,0,0,0,0,0,0,0,1,0,0,0,0,0,0,0,0,0,0,1,0,0,1,0,0,1,0
2,71.7,73.05,4.9,205.0,9.1,6.9,0.7073170731707317,9,6,8.5,2026-01-11,0,0,1,0,0,0,0,0,1,0,0,0,0,0,1,0,0,0,0,0,0,0,0,0,0,0,0,1,0,1,0,0,1,0,0,0,1,0
1,68.1,144.6,3.0,205.0,9.1,2.0,0.4634146341463415,9,6,8.5,2026-01-11,0,0,1,0,0,0,0,0,1,1,0,0,0,0,0,0,0,0,0,0,0,0,0,0,0,0,1,0,0,1,0,0,1,0,0,0,0,1
1,57.4,166.08,6.2,205.0,9.1,2.0,0.3902439024390244,8,6,8.5,2026-01-11,0,0,1,0,0,0,0,0,1,1,0,0,0,0,0,0,0,0,0,0,0,0,0,0,0,0,1,0,0,1,0,0,1,0,1,0,0,0
0,62.5,143.33,-2.0,155.0,3.0,0.0,0.25806451612903225,6,6,2.7,2026-01-11,0,1,0,0,0,0,1,0,0,0,0,0,0,0,0,0,1,0,0,0,0,1,0,0,0,0,0,0,0,1,0,0,1,0,1,0,0,0
0,57.9,226.4,4.2,205.0,9.1,0.0,0.1951219512195122,8,6,8.5,2026-01-11,0,0,1,0,0,0,0,0,1,0,0,0,0,0,0,0,0,1,0,0,0,0,0,0,0,0,0,0,1,1,0,0,1,0,0,0,1,0
0,59.0,240.42,0.2,205.0,9.1,0.0,0.12195121951219512,7,6,8.5,2026-01-11,0,0,1,0,0,0,0,0,1,0,0,0,0,0,0,0,0,1,0,0,0,0,0,0,0,0,0,0,1,0,1,0,0,1,1,0,0,0
1,61.8,179.7,-1.0,205.0,9.1,4.6,0.3170731707317073,8,6,8.5,2026-01-11,0,0,1,0,0,0,0,0,1,1,0,0,0,0,0,0,0,0,0,0,0,0,0,0,0,0,1,0,0,0,0,1,1,0,0,1,0,0
2,50.7,35.2,3.9,155.0,3.0,2.0,0.8903225806451613,7,6,2.7,2026-01-11,0,1,0,0,0,0,1,0,0,0,0,0,0,1,0,0,0,0,0,0,1,0,0,0,0,0,0,0,0,0,1,0,0,1,0,0,1,0
2,62.2,43.08,0.2,155.0,3.0,2.0,0.7935483870967742,7,6,2.7,2026-01-11,0,1,0,0,0,0,1,0,0,0,0,0,0,1,0,0,0,0,0,0,1,0,0,0,0,0,0,0,0,1,0,0,0,1,0,1,0,0
2,59.0,59.17,4.5,155.0,3.0,4.2,0.6967741935483871,7,6,2.7,2026-01-11,0,1,0,0,0,0,1,0,0,0,0,0,0,1,0,0,0,0,0,0,1,0,0,0,0,0,0,0,0,1,0,0,1,0,0,1,0,0
1,71.0,85.67,-1.2,155.0,3.0,2.0,0.5290322580645161,6,6,2.7,2026-01-11,0,1,0,0,0,0,1,0,0,0,1,0,0,0,0,0,0,0,0,1,0,0,0,0,0,0,0,0,0,0,1,0,1,0,0,0,1,0
1,61.1,107.54,3.0,155.0,3.0,2.0,0.432258064516129,6,6,2.7,2026-01-11,0,1,0,0,0,0,1,0,0,0,1,0,0,0,0,0,0,0,0,1,0,0,0,0,0,0,0,0,0,0,0,1,1,0,0,1,0,0
0,73.2,252.8,0.2,205.0,9.1,1.1,0.04878048780487805,7,6,8.5,2026-01-11,0,0,1,0,0,0,0,0,1,0,0,0,0,0,0,0,0,1,0,0,0,0,0,0,0,0,0,0,1,1,0,0,1,0,0,1,0,0
0,64.0,174.33,1.4,155.0,5.0,2.9,0.06451612903225806,12,0,10.6,2026-01-12,0,0,0,0,1,0,1,0,0,0,0,0,0,0,0,0,1,0,0,0,0,1,0,0,0,0,0,0,0,1,0,0,1,0,0,1,0,0
3,51.2,12.87,17.4,140.0,7.1,2.0,1.0,13,0,13.0,2026-01-12,0,0,0,1,0,0,0,1,0,0,0,1,0,0,0,0,0,0,0,0,0,0,1,0,0,0,0,0,0,0,0,1,0,1,0,0,1,0
3,63.2,20.67,10.9,140.0,7.1,2.0,0.9285714285714286,12,0,13.0,2026-01-12,0,0,0,1,0,0,0,1,0,0,0,1,0,0,0,0,0,0,0,0,0,0,1,0,0,0,0,0,0,0,0,1,1,0,0,0,1,0
3,53.6,38.07,13.6,140.0,7.1,3.9,0.8214285714285714,12,0,13.0,2026-01-12,0,0,0,1,0,0,0,1,0,0,0,1,0,0,0,0,0,0,0,0,0,0,1,0,0,0,0,0,0,0,0,1,1,0,1,0,0,0
2,71.1,39.6,9.1,140.0,7.1,2.0,0.7857142857142857,12,0,13.0,2026-01-12,0,0,0,1,0,0,0,1,0,0,0,0,1,0,0,0,0,0,0,0,0,0,0,1,0,0,0,0,0,0,0,1,1,0,0,0,0,1
0,80.9,158.29,3.8,140.0,7.1,0.0,0.17857142857142858,11,0,13.0,2026-01-12,0,0,0,1,0,0,0,1,0,0,0,0,0,0,0,0,0,0,1,0,0,0,0,0,0,1,0,0,0,0,0,1,0,1,0,0,1,0
2,58.9,77.18,8.0,140.0,7.1,3.4,0.5714285714285714,11,0,13.0,2026-01-12,0,0,0,1,0,0,0,1,0,0,0,0,1,0,0,0,0,0,0,0,0,0,0,1,0,0,0,0,0,1,0,0,0,1,0,0,0,1
1,63.3,85.8,8.8,140.0,7.1,2.0,0.5357142857142857,11,0,13.0,2026-01-12,0,0,0,1,0,0,0,1,0,0,0,0,0,0,0,1,0,0,0,0,0,0,0,0,1,0,0,0,0,1,0,0,0,1,0,0,0,1
1,63.9,101.38,5.8,140.0,7.1,2.0,0.42857142857142855,11,0,13.0,2026-01-12,0,0,0,1,0,0,0,1,0,0,0,0,0,0,0,1,0,0,0,0,0,0,0,0,1,0,0,0,0,0,0,1,0,1,0,0,0,1
1,60.4,117.93,6.5,140.0,7.1,5.1,0.32142857142857145,11,0,13.0,2026-01-12,0,0,0,1,0,0,0,1,0,0,0,0,0,0,0,1,0,0,0,0,0,0,0,0,1,0,0,0,0,1,0,0,1,0,1,0,0,0
0,72.2,143.87,1.0,140.0,7.1,0.0,0.2857142857142857,11,0,13.0,2026-01-12,0,0,0,1,0,0,0,1,0,0,0,0,0,0,0,0,0,0,1,0,0,0,0,0,0,1,0,0,0,0,1,0,1,0,0,1,0,0
0,62.5,158.96,-0.3,155.0,5.0,0.0,0.16129032258064516,13,0,10.6,2026-01-12,0,0,0,0,1,0,1,0,0,0,0,0,0,0,0,0,1,0,0,0,0,1,0,0,0,0,0,0,0,0,0,1,0,1,0,0,1,0
2,63.8,60.42,11.2,140.0,7.1,2.0,0.6785714285714286,12,0,13.0,2026-01-12,0,0,0,1,0,0,0,1,0,0,0,0,1,0,0,0,0,0,0,0,0,0,0,1,0,0,0,0,0,0,1,0,1,0,0,1,0,0
0,53.7,149.2,3.5,155.0,5.0,0.0,0.25806451612903225,13,0,10.6,2026-01-12,0,0,0,0,1,0,1,0,0,0,0,0,0,0,0,0,1,0,0,0,0,1,0,0,0,0,0,0,0,0,0,1,0,1,0,0,1,0
0,62.0,254.67,-2.1,205.0,6.2,2.0,0.04878048780487805,14,0,9.5,2026-01-12,0,0,0,0,0,1,0,0,1,0,0,0,0,0,0,0,0,1,0,0,0,0,0,0,0,0,0,0,1,0,1,0,1,0,0,1,0,0
1,74.5,101.96,6.1,155.0,5.0,2.0,0.432258064516129,13,0,10.6,2026-01-12,0,0,0,0,1,0,1,0,0,0,1,0,0,0,0,0,0,0,0,1,0,0,0,0,0,0,0,0,0,1,0,0,1,0,0,1,0,0
1,78.9,80.4,4.5,155.0,5.0,2.0,0.5290322580645161,14,0,10.6,2026-01-12,0,0,0,0,1,0,1,0,0,0,1,0,0,0,0,0,0,0,0,1,0,0,0,0,0,0,0,0,0,0,0,1,1,0,0,1,0,0
2,70.9,57.18,12.6,155.0,5.0,4.4,0.6967741935483871,14,0,10.6,2026-01-12,0,0,0,0,1,0,1,0,0,0,0,0,0,1,0,0,0,0,0,0,1,0,0,0,0,0,0,0,0,0,1,0,0,1,0,0,1,0
2,73.3,38.46,7.7,155.0,5.0,2.0,0.7935483870967742,14,0,10.6,2026-01-12,0,0,0,0,1,0,1,0,0,0,0,0,0,1,0,0,0,0,0,0,1,0,0,0,0,0,0,0,0,0,1,0,1,0,0,1,0,0
2,73.7,19.87,7.6,155.0,5.0,2.0,0.8903225806451613,15,0,10.6,2026-01-12,0,0,0,0,1,0,1,0,0,0,0,0,0,1,0,0,0,0,0,0,1,0,0,0,0,0,0,0,0,0,1,0,1,0,0,1,0,0
0,53.7,242.62,3.7,205.0,6.2,0.0,0.12195121951219512,14,0,9.5,2026-01-12,0,0,0,0,0,1,0,0,1,0,0,0,0,0,0,0,0,1,0,0,0,0,0,0,0,0,0,0,1,0,1,0,1,0,1,0,0,0
0,62.3,223.47,2.2,205.0,6.2,0.0,0.1951219512195122,15,0,9.5,2026-01-12,0,0,0,0,0,1,0,0,1,0,0,0,0,0,0,0,0,1,0,0,0,0,0,0,0,0,0,0,1,1,0,0,1,0,0,1,0,0
1,84.8,175.87,2.5,205.0,6.2,4.3,0.3170731707317073,15,0,9.5,2026-01-12,0,0,0,0,0,1,0,0,1,1,0,0,0,0,0,0,0,0,0,0,0,0,0,0,0,0,1,0,0,1,0,0,1,0,0,0,1,0
1,72.6,159.75,1.7,205.0,6.2,2.0,0.3902439024390244,15,0,9.5,2026-01-12,0,0,0,0,0,1,0,0,1,1,0,0,0,0,0,0,0,0,0,0,0,0,0,0,0,0,1,0,0,1,0,0,0,1,0,1,0,0
1,86.4,132.4,2.8,205.0,6.2,2.0,0.4634146341463415,15,0,9.5,2026-01-12,0,0,0,0,0,1,0,0,1,1,0,0,0,0,0,0,0,0,0,0,0,0,0,0,0,0,1,0,0,1,0,0,1,0,0,0,0,1
2,49.8,76.7,9.7,205.0,6.2,3.3,0.7073170731707317,16,0,9.5,2026-01-12,0,0,0,0,0,1,0,0,1,0,0,0,0,0,1,0,0,0,0,0,0,0,0,0,0,0,0,1,0,1,0,0,1,0,0,0,0,1
2,67.6,56.83,5.6,205.0,6.2,2.0,0.7804878048780488,17,0,9.5,2026-01-12,0,0,0,0,0,1,0,0,1,0,0,0,0,0,1,0,0,0,0,0,0,0,0,0,0,0,0,1,0,1,0,0,1,0,0,1,0,0
0,61.5,181.75,1.3,140.0,7.1,3.4,0.07142857142857142,10,0,13.0,2026-01-12,0,0,0,1,0,0,0,1,0,0,0,0,0,0,0,0,0,0,1,0,0,0,0,0,0,1,0,0,0,1,0,0,0,1,0,1,0,0
1,52.2,124.3,2.9,155.0,5.0,4.9,0.33548387096774196,13,0,10.6,2026-01-12,0,0,0,0,1,0,1,0,0,0,1,0,0,0,0,0,0,0,0,1,0,0,0,0,0,0,0,0,0,0,1,0,0,1,0,1,0,0
2,64.7,41.87,6.4,205.0,6.2,2.0,0.8536585365853658,17,0,9.5,2026-01-12,0,0,0,0,0,1,0,0,1,0,0,0,0,0,1,0,0,0,0,0,0,0,0,0,0,0,0,1,0,1,0,0,0,1,0,1,0,0
2,51.7,50.53,6.6,205.0,8.2,2.0,0.8536585365853658,11,0,10.1,2026-01-12,0,0,1,0,0,0,0,0,1,0,0,0,0,0,1,0,0,0,0,0,0,0,0,0,0,0,0,1,0,0,1,0,0,1,0,1,0,0
2,59.2,75.13,8.8,205.0,8.2,3.9,0.7073170731707317,10,0,10.1,2026-01-12,0,0,1,0,0,0,0,0,1,0,0,0,0,0,1,0,0,0,0,0,0,0,0,0,0,0,0,1,0,1,0,0,1,0,0,0,1,0
0,53.6,183.07,-3.0,140.0,6.4,2.5,0.07142857142857142,16,0,3.0,2026-01-12,1,0,0,0,0,0,0,1,0,0,0,0,0,0,0,0,0,0,1,0,0,0,0,0,0,1,0,0,0,1,0,0,1,0,0,0,1,0
0,61.1,166.54,2.0,140.0,6.4,0.0,0.17857142857142858,16,0,3.0,2026-01-12,1,0,0,0,0,0,0,1,0,0,0,0,0,0,0,0,0,0,1,0,0,0,0,0,0,1,0,0,0,0,0,1,1,0,1,0,0,0
0,51.6,157.6,1.5,140.0,6.4,0.0,0.2857142857142857,16,0,3.0,2026-01-12,1,0,0,0,0,0,0,1,0,0,0,0,0,0,0,0,0,0,1,0,0,0,0,0,0,1,0,0,0,1,0,0,0,1,0,1,0,0
1,49.6,119.73,-1.2,140.0,6.4,2.8,0.32142857142857145,17,0,3.0,2026-01-12,1,0,0,0,0,0,0,1,0,0,0,0,0,0,0,1,0,0,0,0,0,0,0,0,1,0,0,0,0,0,0,1,0,1,0,1,0,0
1,74.2,97.08,-1.0,140.0,6.4,2.0,0.42857142857142855,17,0,3.0,2026-01-12,1,0,0,0,0,0,0,1,0,0,0,0,0,0,0,1,0,0,0,0,0,0,0,0,1,0,0,0,0,0,0,1,1,0,0,1,0,0
1,58.7,88.87,1.4,140.0,6.4,2.0,0.5357142857142857,17,0,3.0,2026-01-12,1,0,0,0,0,0,0,1,0,0,0,0,0,0,0,1,0,0,0,0,0,0,0,0,1,0,0,0,0,1,0,0,1,0,0,1,0,0
2,53.1,78.15,2.3,140.0,6.4,3.6,0.5714285714285714,17,0,3.0,2026-01-12,1,0,0,0,0,0,0,1,0,0,0,0,1,0,0,0,0,0,0,0,0,0,0,1,0,0,0,0,0,1,0,0,1,0,0,1,0,0
2,55.6,63.83,3.1,140.0,6.4,2.0,0.6785714285714286,17,0,3.0,2026-01-12,1,0,0,0,0,0,0,1,0,0,0,0,1,0,0,0,0,0,0,0,0,0,0,1,0,0,0,0,0,1,0,0,1,0,0,0,0,1
2,67.4,42.07,5.7,140.0,6.4,2.0,0.7857142857142857,18,0,3.0,2026-01-12,1,0,0,0,0,0,0,1,0,0,0,0,1,0,0,0,0,0,0,0,0,0,0,1,0,0,0,0,0,1,0,0,1,0,1,0,0,0
3,49.3,38.78,0.6,140.0,6.4,5.0,0.8214285714285714,18,0,3.0,2026-01-12,1,0,0,0,0,0,0,1,0,0,0,1,0,0,0,0,0,0,0,0,0,0,1,0,0,0,0,0,0,1,0,0,1,0,0,1,0,0
3,46.0,27.83,3.8,140.0,6.4,2.0,0.9285714285714286,18,0,3.0,2026-01-12,1,0,0,0,0,0,0,1,0,0,0,1,0,0,0,0,0,0,0,0,0,0,1,0,0,0,0,0,0,0,0,1,0,1,1,0,0,0
3,74.3,1.0,2.3,140.0,6.4,2.0,1.0,18,0,3.0,2026-01-12,1,0,0,0,0,0,0,1,0,0,0,1,0,0,0,0,0,0,0,0,0,0,1,0,0,0,0,0,0,0,0,1,0,1,1,0,0,0
0,59.0,175.17,4.0,155.0,8.5,0.3,0.06451612903225806,6,0,6.4,2026-01-12,0,1,0,0,0,0,1,0,0,0,0,0,0,0,0,0,1,0,0,0,0,1,0,0,0,0,0,0,0,1,0,0,1,0,1,0,0,0
2,75.4,53.58,9.4,205.0,8.2,2.0,0.7804878048780488,11,0,10.1,2026-01-12,0,0,1,0,0,0,0,0,1,0,0,0,0,0,1,0,0,0,0,0,0,0,0,0,0,0,0,1,0,0,1,0,0,1,1,0,0,0
0,61.4,144.07,-2.7,155.0,8.5,0.0,0.25806451612903225,7,0,6.4,2026-01-12,0,1,0,0,0,0,1,0,0,0,0,0,0,0,0,0,1,0,0,0,0,1,0,0,0,0,0,0,0,0,0,1,1,0,1,0,0,0
1,53.0,154.67,3.7,205.0,8.2,2.0,0.4634146341463415,10,0,10.1,2026-01-12,0,0,1,0,0,0,0,0,1,1,0,0,0,0,0,0,0,0,0,0,0,0,0,0,0,0,1,0,0,1,0,0,1,0,0,0,1,0
1,53.1,167.88,5.7,205.0,8.2,2.0,0.3902439024390244,9,0,10.1,2026-01-12,0,0,1,0,0,0,0,0,1,1,0,0,0,0,0,0,0,0,0,0,0,0,0,0,0,0,1,0,0,1,0,0,1,0,1,0,0,0
1,74.5,177.58,2.2,205.0,8.2,4.6,0.3170731707317073,9,0,10.1,2026-01-12,0,0,1,0,0,0,0,0,1,1,0,0,0,0,0,0,0,0,0,0,0,0,0,0,0,0,1,0,0,0,1,0,0,1,0,1,0,0
0,65.4,237.75,1.3,205.0,8.2,0.0,0.12195121951219512,8,0,10.1,2026-01-12,0,0,1,0,0,0,0,0,1,0,0,0,0,0,0,0,0,1,0,0,0,0,0,0,0,0,0,0,1,1,0,0,0,1,0,0,1,0
0,58.9,255.18,0.7,205.0,8.2,2.3,0.04878048780487805,8,0,10.1,2026-01-12,0,0,1,0,0,0,0,0,1,0,0,0,0,0,0,0,0,1,0,0,0,0,0,0,0,0,0,0,1,0,0,1,0,1,0,0,0,1
0,78.4,212.73,4.2,205.0,8.2,0.0,0.1951219512195122,9,0,10.1,2026-01-12,0,0,1,0,0,0,0,0,1,0,0,0,0,0,0,0,0,1,0,0,0,0,0,0,0,0,0,0,1,0,1,0,0,1,1,0,0,0
2,65.1,41.88,3.7,155.0,8.5,2.0,0.7935483870967742,8,0,6.4,2026-01-12,0,1,0,0,0,0,1,0,0,0,0,0,0,1,0,0,0,0,0,0,1,0,0,0,0,0,0,0,0,0,1,0,0,1,1,0,0,0
2,65.8,58.03,5.4,155.0,8.5,4.7,0.6967741935483871,8,0,6.4,2026-01-12,0,1,0,0,0,0,1,0,0,0,0,0,0,1,0,0,0,0,0,0,1,0,0,0,0,0,0,0,0,1,0,0,0,1,0,0,1,0
1,74.2,83.53,5.2,155.0,8.5,2.0,0.5290322580645161,7,0,6.4,2026-01-12,0,1,0,0,0,0,1,0,0,0,1,0,0,0,0,0,0,0,0,1,0,0,0,0,0,0,0,0,0,1,0,0,1,0,1,0,0,0
1,65.1,105.88,1.7,155.0,8.5,2.0,0.432258064516129,7,0,6.4,2026-01-12,0,1,0,0,0,0,1,0,0,0,1,0,0,0,0,0,0,0,0,1,0,0,0,0,0,0,0,0,0,0,1,0,1,0,0,0,0,1
1,61.4,122.77,7.1,155.0,8.5,6.2,0.33548387096774196,7,0,6.4,2026-01-12,0,1,0,0,0,0,1,0,0,0,1,0,0,0,0,0,0,0,0,1,0,0,0,0,0,0,0,0,0,1,0,0,1,0,0,0,0,1
2,71.0,21.67,4.6,155.0,8.5,2.0,0.8903225806451613,8,0,6.4,2026-01-12,0,1,0,0,0,0,1,0,0,0,0,0,0,1,0,0,0,0,0,0,1,0,0,0,0,0,0,0,0,1,0,0,0,1,0,1,0,0
0,63.5,158.54,4.6,155.0,8.5,0.0,0.16129032258064516,6,0,6.4,2026-01-12,0,1,0,0,0,0,1,0,0,0,0,0,0,0,0,0,1,0,0,0,0,1,0,0,0,0,0,0,0,0,1,0,1,0,0,1,0,0
3,66.6,35.9,16.3,140.0,7.6,2.8,0.8214285714285714,13,1,19.4,2026-01-13,0,0,0,1,0,0,0,1,0,0,0,1,0,0,0,0,0,0,0,0,0,0,1,0,0,0,0,0,0,1,0,0,0,1,0,1,0,0
0,68.2,156.58,6.3,155.0,9.8,0.0,0.16129032258064516,14,1,15.4,2026-01-13,0,0,0,0,1,0,1,0,0,0,0,0,0,0,0,0,1,0,0,0,0,1,0,0,0,0,0,0,0,1,0,0,0,1,0,0,0,1
0,54.3,175.95,0.7,155.0,9.8,3.3,0.06451612903225806,13,1,15.4,2026-01-13,0,0,0,0,1,0,1,0,0,0,0,0,0,0,0,0,1,0,0,0,0,1,0,0,0,0,0,0,0,0,1,0,0,1,1,0,0,0
3,53.5,11.33,22.2,140.0,7.6,2.0,1.0,14,1,19.4,2026-01-13,0,0,0,1,0,0,0,1,0,0,0,1,0,0,0,0,0,0,0,0,0,0,1,0,0,0,0,0,0,1,0,0,0,1,0,1,0,0
3,60.6,21.75,18.7,140.0,7.6,2.0,0.9285714285714286,13,1,19.4,2026-01-13,0,0,0,1,0,0,0,1,0,0,0,1,0,0,0,0,0,0,0,0,0,0,1,0,0,0,0,0,0,0,1,0,1,0,1,0,0,0
0,75.9,141.4,6.9,140.0,7.6,0.0,0.2857142857142857,12,1,19.4,2026-01-13,0,0,0,1,0,0,0,1,0,0,0,0,0,0,0,0,0,0,1,0,0,0,0,0,0,1,0,0,0,0,1,0,1,0,0,0,1,0
2,72.1,74.98,10.3,140.0,7.6,3.4,0.5714285714285714,12,1,19.4,2026-01-13,0,0,0,1,0,0,0,1,0,0,0,0,1,0,0,0,0,0,0,0,0,0,0,1,0,0,0,0,0,0,1,0,0,1,0,1,0,0
1,58.4,89.07,9.3,140.0,7.6,2.0,0.5357142857142857,12,1,19.4,2026-01-13,0,0,0,1,0,0,0,1,0,0,0,0,0,0,0,1,0,0,0,0,0,0,0,0,1,0,0,0,0,0,0,1,1,0,0,1,0,0
1,74.0,97.17,5.8,140.0,7.6,2.0,0.42857142857142855,12,1,19.4,2026-01-13,0,0,0,1,0,0,0,1,0,0,0,0,0,0,0,1,0,0,0,0,0,0,0,0,1,0,0,0,0,0,0,1,0,1,0,0,0,1
1,59.5,118.08,11.4,140.0,7.6,3.9,0.32142857142857145,12,1,19.4,2026-01-13,0,0,0,1,0,0,0,1,0,0,0,0,0,0,0,1,0,0,0,0,0,0,0,0,1,0,0,0,0,1,0,0,1,0,0,1,0,0
0,66.1,140.93,4.6,155.0,9.8,0.0,0.25806451612903225,14,1,15.4,2026-01-13,0,0,0,0,1,0,1,0,0,0,0,0,0,0,0,0,1,0,0,0,0,1,0,0,0,0,0,0,0,0,1,0,0,1,0,1,0,0
2,38.0,61.67,16.2,140.0,7.6,2.0,0.7857142857142857,13,1,19.4,2026-01-13,0,0,0,1,0,0,0,1,0,0,0,0,1,0,0,0,0,0,0,0,0,0,0,1,0,0,0,0,0,0,1,0,1,0,0,0,1,0
1,68.9,121.52,6.6,155.0,9.8,6.2,0.33548387096774196,14,1,15.4,2026-01-13,0,0,0,0,1,0,1,0,0,0,1,0,0,0,0,0,0,0,0,1,0,0,0,0,0,0,0,0,0,1,0,0,1,0,0,0,0,1
0,70.1,253.32,1.1,205.0,6.3,1.9,0.04878048780487805,15,1,11.5,2026-01-13,0,0,0,0,0,1,0,0,1,0,0,0,0,0,0,0,0,1,0,0,0,0,0,0,0,0,0,0,1,0,0,1,1,0,0,0,1,0
1,54.2,96.87,9.7,155.0,9.8,2.0,0.5290322580645161,15,1,15.4,2026-01-13,0,0,0,0,1,0,1,0,0,0,1,0,0,0,0,0,0,0,0,1,0,0,0,0,0,0,0,0,0,1,0,0,1,0,0,1,0,0
2,58.2,59.3,11.7,155.0,9.8,4.5,0.6967741935483871,15,1,15.4,2026-01-13,0,0,0,0,1,0,1,0,0,0,0,0,0,1,0,0,0,0,0,0,1,0,0,0,0,0,0,0,0,1,0,0,1,0,0,0,1,0
2,50.5,47.96,10.5,155.0,9.8,2.0,0.7935483870967742,15,1,15.4,2026-01-13,0,0,0,0,1,0,1,0,0,0,0,0,0,1,0,0,0,0,0,0,1,0,0,0,0,0,0,0,0,0,0,1,1,0,0,1,0,0
2,64.9,25.73,17.8,155.0,9.8,2.0,0.8903225806451613,16,1,15.4,2026-01-13,0,0,0,0,1,0,1,0,0,0,0,0,0,1,0,0,0,0,0,0,1,0,0,0,0,0,0,0,0,0,1,0,1,0,0,1,0,0
0,64.8,165.0,1.4,140.0,7.6,0.0,0.17857142857142858,12,1,19.4,2026-01-13,0,0,0,1,0,0,0,1,0,0,0,0,0,0,0,0,0,0,1,0,0,0,0,0,0,1,0,0,0,0,0,1,1,0,0,1,0,0
0,63.6,238.5,1.8,205.0,6.3,0.0,0.12195121951219512,15,1,11.5,2026-01-13,0,0,0,0,0,1,0,0,1,0,0,0,0,0,0,0,0,1,0,0,0,0,0,0,0,0,0,0,1,0,0,1,1,0,0,1,0,0
0,63.5,222.67,1.1,205.0,6.3,0.0,0.1951219512195122,16,1,11.5,2026-01-13,0,0,0,0,0,1,0,0,1,0,0,0,0,0,0,0,0,1,0,0,0,0,0,0,0,0,0,0,1,1,0,0,0,1,0,1,0,0
1,59.4,180.1,3.6,205.0,6.3,3.1,0.3170731707317073,16,1,11.5,2026-01-13,0,0,0,0,0,1,0,0,1,1,0,0,0,0,0,0,0,0,0,0,0,0,0,0,0,0,1,0,0,1,0,0,0,1,0,0,1,0
1,62.5,163.96,4.1,205.0,6.3,2.0,0.3902439024390244,16,1,11.5,2026-01-13,0,0,0,0,0,1,0,0,1,1,0,0,0,0,0,0,0,0,0,0,0,0,0,0,0,0,1,0,0,0,1,0,1,0,0,1,0,0
1,53.0,154.67,4.7,205.0,6.3,2.0,0.4634146341463415,16,1,11.5,2026-01-13,0,0,0,0,0,1,0,0,1,1,0,0,0,0,0,0,0,0,0,0,0,0,0,0,0,0,1,0,0,1,0,0,1,0,0,0,0,1
2,72.5,72.92,11.5,205.0,6.3,3.0,0.7073170731707317,17,1,11.5,2026-01-13,0,0,0,0,0,1,0,0,1,0,0,0,0,0,1,0,0,0,0,0,0,0,0,0,0,0,0,1,0,0,0,1,1,0,0,1,0,0
2,50.5,63.96,10.2,205.0,6.3,2.0,0.7804878048780488,18,1,11.5,2026-01-13,0,0,0,0,0,1,0,0,1,0,0,0,0,0,1,0,0,0,0,0,0,0,0,0,0,0,0,1,0,1,0,0,1,0,1,0,0,0
2,66.2,40.87,8.2,205.0,6.3,2.0,0.8536585365853658,18,1,11.5,2026-01-13,0,0,0,0,0,1,0,0,1,0,0,0,0,0,1,0,0,0,0,0,0,0,0,0,0,0,0,1,0,1,0,0,0,1,0,0,1,0
1,65.5,105.71,5.6,155.0,9.8,2.0,0.432258064516129,14,1,15.4,2026-01-13,0,0,0,0,1,0,1,0,0,0,1,0,0,0,0,0,0,0,0,1,0,0,0,0,0,0,0,0,0,1,0,0,1,0,0,0,0,1
0,69.9,180.35,3.3,140.0,7.6,2.8,0.07142857142857142,11,1,19.4,2026-01-13,0,0,0,1,0,0,0,1,0,0,0,0,0,0,0,0,0,0,1,0,0,0,0,0,0,1,0,0,0,0,1,0,1,0,0,1,0,0
2,47.2,67.33,12.9,140.0,7.6,2.0,0.6785714285714286,13,1,19.4,2026-01-13,0,0,0,1,0,0,0,1,0,0,0,0,1,0,0,0,0,0,0,0,0,0,0,1,0,0,0,0,0,1,0,0,0,1,1,0,0,0
2,78.1,52.46,2.7,205.0,7.7,2.0,0.7804878048780488,12,1,6.4,2026-01-13,0,0,1,0,0,0,0,0,1,0,0,0,0,0,1,0,0,0,0,0,0,0,0,0,0,0,0,1,0,0,0,1,1,0,0,1,0,0
0,96.4,175.93,0.1,140.0,0.0,2.1,0.07142857142857142,5,1,3.8,2026-01-13,1,0,0,0,0,0,0,1,0,0,0,0,0,0,0,0,0,0,1,0,0,0,0,0,0,1,0,0,0,1,0,0,1,0,0,1,0,0
0,74.5,160.96,0.3,140.0,0.0,0.0,0.17857142857142858,5,1,3.8,2026-01-13,1,0,0,0,0,0,0,1,0,0,0,0,0,0,0,0,0,0,1,0,0,0,0,0,0,1,0,0,0,0,1,0,0,1,0,1,0,0
0,71.4,144.4,2.3,140.0,0.0,0.0,0.2857142857142857,5,1,3.8,2026-01-13,1,0,0,0,0,0,0,1,0,0,0,0,0,0,0,0,0,0,1,0,0,0,0,0,0,1,0,0,0,1,0,0,0,1,0,0,1,0
1,74.0,115.67,-0.5,140.0,0.0,4.3,0.32142857142857145,6,1,3.8,2026-01-13,1,0,0,0,0,0,0,1,0,0,0,0,0,0,0,1,0,0,0,0,0,0,0,0,1,0,0,0,0,1,0,0,1,0,0,0,1,0
1,62.9,101.79,3.5,140.0,0.0,2.0,0.42857142857142855,6,1,3.8,2026-01-13,1,0,0,0,0,0,0,1,0,0,0,0,0,0,0,1,0,0,0,0,0,0,0,0,1,0,0,0,0,0,1,0,1,0,0,0,1,0
1,55.9,90.73,5.2,140.0,0.0,2.0,0.5357142857142857,6,1,3.8,2026-01-13,1,0,0,0,0,0,0,1,0,0,0,0,0,0,0,1,0,0,0,0,0,0,0,0,1,0,0,0,0,1,0,0,1,0,0,1,0,0
2,59.0,77.17,5.6,140.0,0.0,4.8,0.5714285714285714,6,1,3.8,2026-01-13,1,0,0,0,0,0,0,1,0,0,0,0,1,0,0,0,0,0,0,0,0,0,0,1,0,0,0,0,0,0,1,0,1,0,0,0,0,1
2,68.3,58.54,3.5,140.0,0.0,2.0,0.6785714285714286,6,1,3.8,2026-01-13,1,0,0,0,0,0,0,1,0,0,0,0,1,0,0,0,0,0,0,0,0,0,0,1,0,0,0,0,0,1,0,0,1,0,1,0,0,0
2,61.4,46.07,1.6,140.0,0.0,2.0,0.7857142857142857,7,1,3.8,2026-01-13,1,0,0,0,0,0,0,1,0,0,0,0,1,0,0,0,0,0,0,0,0,0,0,1,0,0,0,0,0,1,0,0,0,1,1,0,0,0
3,65.5,36.08,2.9,140.0,0.0,3.2,0.8214285714285714,7,1,3.8,2026-01-13,1,0,0,0,0,0,0,1,0,0,0,1,0,0,0,0,0,0,0,0,0,0,1,0,0,0,0,0,0,1,0,0,0,1,0,0,1,0
3,61.7,21.29,1.8,140.0,0.0,2.0,0.9285714285714286,7,1,3.8,2026-01-13,1,0,0,0,0,0,0,1,0,0,0,1,0,0,0,0,0,0,0,0,0,0,1,0,0,0,0,0,0,1,0,0,1,0,0,0,1,0
3,68.9,1.07,2.8,140.0,0.0,2.0,1.0,7,1,3.8,2026-01-13,1,0,0,0,0,0,0,1,0,0,0,1,0,0,0,0,0,0,0,0,0,0,1,0,0,0,0,0,0,0,1,0,1,0,1,0,0,0
0,76.7,172.22,3.0,155.0,9.9,3.8,0.06451612903225806,7,1,7.3,2026-01-13,0,1,0,0,0,0,1,0,0,0,0,0,0,0,0,0,1,0,0,0,0,1,0,0,0,0,0,0,0,0,0,1,1,0,0,1,0,0
0,77.5,152.71,-1.5,155.0,9.9,0.0,0.16129032258064516,7,1,7.3,2026-01-13,0,1,0,0,0,0,1,0,0,0,0,0,0,0,0,0,1,0,0,0,0,1,0,0,0,0,0,0,0,1,0,0,1,0,0,1,0,0
2,73.9,35.73,6.7,205.0,7.7,2.0,0.8536585365853658,12,1,6.4,2026-01-13,0,0,1,0,0,0,0,0,1,0,0,0,0,0,1,0,0,0,0,0,0,0,0,0,0,0,0,1,0,0,1,0,1,0,0,1,0,0
1,62.3,122.62,0.5,155.0,9.9,4.2,0.33548387096774196,8,1,7.3,2026-01-13,0,1,0,0,0,0,1,0,0,0,1,0,0,0,0,0,0,0,0,1,0,0,0,0,0,0,0,0,0,0,0,1,1,0,0,1,0,0
0,73.9,135.73,0.9,155.0,9.9,0.0,0.25806451612903225,8,1,7.3,2026-01-13,0,1,0,0,0,0,1,0,0,0,0,0,0,0,0,0,1,0,0,0,0,1,0,0,0,0,0,0,0,0,0,1,1,0,0,1,0,0
2,58.1,75.32,5.1,205.0,7.7,5.6,0.7073170731707317,11,1,6.4,2026-01-13,0,0,1,0,0,0,0,0,1,0,0,0,0,0,1,0,0,0,0,0,0,0,0,0,0,0,0,1,0,0,0,1,1,0,0,1,0,0
1,69.9,143.4,3.4,205.0,7.7,2.0,0.4634146341463415,11,1,6.4,2026-01-13,0,0,1,0,0,0,0,0,1,1,0,0,0,0,0,0,0,0,0,0,0,0,0,0,0,0,1,0,0,1,0,0,1,0,0,0,1,0
1,72.0,160.0,2.5,205.0,7.7,2.0,0.3902439024390244,10,1,6.4,2026-01-13,0,0,1,0,0,0,0,0,1,1,0,0,0,0,0,0,0,0,0,0,0,0,0,0,0,0,1,0,0,1,0,0,1,0,0,0,0,1
0,80.1,211.6,0.2,205.0,7.7,0.0,0.1951219512195122,10,1,6.4,2026-01-13,0,0,1,0,0,0,0,0,1,0,0,0,0,0,0,0,0,1,0,0,0,0,0,0,0,0,0,0,1,1,0,0,0,1,0,0,0,1
0,69.0,236.25,1.0,205.0,7.7,0.0,0.12195121951219512,9,1,6.4,2026-01-13,0,0,1,0,0,0,0,0,1,0,0,0,0,0,0,0,0,1,0,0,0,0,0,0,0,0,0,0,1,0,0,1,1,0,0,0,1,0
1,48.9,181.85,2.8,205.0,7.7,4.3,0.3170731707317073,10,1,6.4,2026-01-13,0,0,1,0,0,0,0,0,1,1,0,0,0,0,0,0,0,0,0,0,0,0,0,0,0,0,1,0,0,0,1,0,1,0,1,0,0,0
2,58.8,29.8,4.9,155.0,9.9,2.0,0.8903225806451613,9,1,7.3,2026-01-13,0,1,0,0,0,0,1,0,0,0,0,0,0,1,0,0,0,0,0,0,1,0,0,0,0,0,0,0,0,1,0,0,1,0,0,0,0,1
2,53.5,46.71,6.3,155.0,9.9,2.0,0.7935483870967742,9,1,7.3,2026-01-13,0,1,0,0,0,0,1,0,0,0,0,0,0,1,0,0,0,0,0,0,1,0,0,0,0,0,0,0,0,0,1,0,0,1,0,0,1,0
2,58.4,59.27,4.2,155.0,9.9,4.2,0.6967741935483871,9,1,7.3,2026-01-13,0,1,0,0,0,0,1,0,0,0,0,0,0,1,0,0,0,0,0,0,1,0,0,0,0,0,0,0,0,1,0,0,1,0,1,0,0,0
1,85.9,75.73,3.5,155.0,9.9,2.0,0.5290322580645161,8,1,7.3,2026-01-13,0,1,0,0,0,0,1,0,0,0,1,0,0,0,0,0,0,0,0,1,0,0,0,0,0,0,0,0,0,0,0,1,1,0,0,1,0,0
1,71.0,103.42,2.6,155.0,9.9,2.0,0.432258064516129,8,1,7.3,2026-01-13,0,1,0,0,0,0,1,0,0,0,1,0,0,0,0,0,0,0,0,1,0,0,0,0,0,0,0,0,0,1,0,0,0,1,0,0,1,0
0,78.7,251.88,-0.9,205.0,7.7,2.3,0.04878048780487805,9,1,6.4,2026-01-13,0,0,1,0,0,0,0,0,1,0,0,0,0,0,0,0,0,1,0,0,0,0,0,0,0,0,0,0,1,0,0,1,0,1,1,0,0,0
3,49.1,38.82,10.5,140.0,8.0,6.7,0.8214285714285714,14,2,14.3,2026-01-14,0,0,0,1,0,0,0,1,0,0,0,1,0,0,0,0,0,0,0,0,0,0,1,0,0,0,0,0,0,1,0,0,1,0,1,0,0,0
0,66.8,173.87,0.8,155.0,8.9,1.7,0.06451612903225806,14,2,21.3,2026-01-14,0,0,0,0,1,0,1,0,0,0,0,0,0,0,0,0,1,0,0,0,0,1,0,0,0,0,0,0,0,0,0,1,1,0,1,0,0,0
3,48.5,14.67,15.6,140.0,8.0,2.0,1.0,15,2,14.3,2026-01-14,0,0,0,1,0,0,0,1,0,0,0,1,0,0,0,0,0,0,0,0,0,0,1,0,0,0,0,0,0,0,1,0,1,0,0,1,0,0
3,56.8,23.33,12.5,140.0,8.0,2.0,0.9285714285714286,14,2,14.3,2026-01-14,0,0,0,1,0,0,0,1,0,0,0,1,0,0,0,0,0,0,0,0,0,0,1,0,0,0,0,0,0,0,0,1,1,0,0,0,1,0
2,68.0,41.67,11.1,140.0,8.0,2.0,0.7857142857142857,14,2,14.3,2026-01-14,0,0,0,1,0,0,0,1,0,0,0,0,1,0,0,0,0,0,0,0,0,0,0,1,0,0,0,0,0,1,0,0,1,0,1,0,0,0
0,71.3,144.47,5.9,140.0,8.0,0.0,0.2857142857142857,13,2,14.3,2026-01-14,0,0,0,1,0,0,0,1,0,0,0,0,0,0,0,0,0,0,1,0,0,0,0,0,0,1,0,0,0,1,0,0,1,0,1,0,0,0
2,67.8,75.7,5.7,140.0,8.0,3.0,0.5714285714285714,13,2,14.3,2026-01-14,0,0,0,1,0,0,0,1,0,0,0,0,1,0,0,0,0,0,0,0,0,0,0,1,0,0,0,0,0,1,0,0,0,1,0,1,0,0
1,73.1,79.27,5.1,140.0,8.0,2.0,0.5357142857142857,13,2,14.3,2026-01-14,0,0,0,1,0,0,0,1,0,0,0,0,0,0,0,1,0,0,0,0,0,0,0,0,1,0,0,0,0,0,0,1,0,1,0,1,0,0
1,50.3,107.04,6.4,140.0,8.0,2.0,0.42857142857142855,13,2,14.3,2026-01-14,0,0,0,1,0,0,0,1,0,0,0,0,0,0,0,1,0,0,0,0,0,0,0,0,1,0,0,0,0,1,0,0,1,0,0,1,0,0
1,64.8,117.2,5.3,140.0,8.0,5.2,0.32142857142857145,13,2,14.3,2026-01-14,0,0,0,1,0,0,0,1,0,0,0,0,0,0,0,1,0,0,0,0,0,0,0,0,1,0,0,0,0,0,0,1,0,1,0,0,0,1
0,70.4,155.67,5.5,155.0,8.9,0.0,0.16129032258064516,15,2,21.3,2026-01-14,0,0,0,0,1,0,1,0,0,0,0,0,0,0,0,0,1,0,0,0,0,1,0,0,0,0,0,0,0,1,0,0,1,0,0,1,0,0
2,57.2,63.17,6.6,140.0,8.0,2.0,0.6785714285714286,14,2,14.3,2026-01-14,0,0,0,1,0,0,0,1,0,0,0,0,1,0,0,0,0,0,0,0,0,0,0,1,0,0,0,0,0,0,1,0,1,0,0,1,0,0
0,61.7,143.87,4.9,155.0,8.9,0.0,0.25806451612903225,15,2,21.3,2026-01-14,0,0,0,0,1,0,1,0,0,0,0,0,0,0,0,0,1,0,0,0,0,1,0,0,0,0,0,0,0,0,1,0,0,1,0,1,0,0
0,79.5,251.75,0.2,205.0,14.7,2.2,0.04878048780487805,16,2,17.1,2026-01-14,0,0,0,0,0,1,0,0,1,0,0,0,0,0,0,0,0,1,0,0,0,0,0,0,0,0,0,0,1,0,0,1,0,1,0,1,0,0
1,64.4,106.17,8.3,155.0,8.9,2.0,0.432258064516129,15,2,21.3,2026-01-14,0,0,0,0,1,0,1,0,0,0,1,0,0,0,0,0,0,0,0,1,0,0,0,0,0,0,0,0,0,0,0,1,1,0,0,0,1,0
1,68.7,87.2,11.8,155.0,8.9,2.0,0.5290322580645161,16,2,21.3,2026-01-14,0,0,0,0,1,0,1,0,0,0,1,0,0,0,0,0,0,0,0,1,0,0,0,0,0,0,0,0,0,1,0,0,1,0,1,0,0,0
2,62.0,58.67,14.1,155.0,8.9,5.4,0.6967741935483871,16,2,21.3,2026-01-14,0,0,0,0,1,0,1,0,0,0,0,0,0,1,0,0,0,0,0,0,1,0,0,0,0,0,0,0,0,0,0,1,0,1,0,1,0,0
2,55.3,45.96,16.1,155.0,8.9,2.0,0.7935483870967742,16,2,21.3,2026-01-14,0,0,0,0,1,0,1,0,0,0,0,0,0,1,0,0,0,0,0,0,1,0,0,0,0,0,0,0,0,0,0,1,1,0,0,1,0,0
2,64.6,25.93,18.9,155.0,8.9,2.0,0.8903225806451613,17,2,21.3,2026-01-14,0,0,0,0,1,0,1,0,0,0,0,0,0,1,0,0,0,0,0,0,1,0,0,0,0,0,0,0,0,0,0,1,1,0,0,0,1,0
0,63.2,238.67,1.7,205.0,14.7,0.0,0.12195121951219512,16,2,17.1,2026-01-14,0,0,0,0,0,1,0,0,1,0,0,0,0,0,0,0,0,1,0,0,0,0,0,0,0,0,0,0,1,1,0,0,1,0,0,0,0,1
0,71.8,217.13,3.3,205.0,14.7,0.0,0.1951219512195122,17,2,17.1,2026-01-14,0,0,0,0,0,1,0,0,1,0,0,0,0,0,0,0,0,1,0,0,0,0,0,0,0,0,0,0,1,0,0,1,1,0,0,0,0,1
1,46.1,182.32,4.9,205.0,14.7,5.0,0.3170731707317073,17,2,17.1,2026-01-14,0,0,0,0,0,1,0,0,1,1,0,0,0,0,0,0,0,0,0,0,0,0,0,0,0,0,1,0,0,1,0,0,1,0,1,0,0,0
1,52.6,168.08,9.2,205.0,14.7,2.0,0.3902439024390244,17,2,17.1,2026-01-14,0,0,0,0,0,1,0,0,1,1,0,0,0,0,0,0,0,0,0,0,0,0,0,0,0,0,1,0,0,1,0,0,0,1,0,0,1,0
1,54.6,153.6,6.6,205.0,14.7,2.0,0.4634146341463415,17,2,17.1,2026-01-14,0,0,0,0,0,1,0,0,1,1,0,0,0,0,0,0,0,0,0,0,0,0,0,0,0,0,1,0,0,1,0,0,0,1,0,1,0,0
2,39.5,78.42,16.8,205.0,14.7,3.8,0.7073170731707317,18,2,17.1,2026-01-14,0,0,0,0,0,1,0,0,1,0,0,0,0,0,1,0,0,0,0,0,0,0,0,0,0,0,0,1,0,1,0,0,0,1,0,1,0,0
2,66.5,57.29,10.3,205.0,14.7,2.0,0.7804878048780488,19,2,17.1,2026-01-14,0,0,0,0,0,1,0,0,1,0,0,0,0,0,1,0,0,0,0,0,0,0,0,0,0,0,0,1,0,1,0,0,1,0,0,0,1,0
0,57.4,168.08,2.3,140.0,8.0,0.0,0.17857142857142858,13,2,14.3,2026-01-14,0,0,0,1,0,0,0,1,0,0,0,0,0,0,0,0,0,0,1,0,0,0,0,0,0,1,0,0,0,1,0,0,1,0,0,0,0,1
1,63.5,122.42,6.7,155.0,8.9,4.5,0.33548387096774196,15,2,21.3,2026-01-14,0,0,0,0,1,0,1,0,0,0,1,0,0,0,0,0,0,0,0,1,0,0,0,0,0,0,0,0,0,1,0,0,0,1,0,0,1,0
2,48.9,52.4,16.5,205.0,14.7,2.0,0.8536585365853658,19,2,17.1,2026-01-14,0,0,0,0,0,1,0,0,1,0,0,0,0,0,1,0,0,0,0,0,0,0,0,0,0,0,0,1,0,1,0,0,0,1,0,0,0,1
0,63.2,181.47,-1.0,140.0,8.0,2.0,0.07142857142857142,12,2,14.3,2026-01-14,0,0,0,1,0,0,0,1,0,0,0,0,0,0,0,0,0,0,1,0,0,0,0,0,0,1,0,0,0,0,0,1,1,0,0,1,0,0
2,52.5,63.12,-1.1,205.0,3.6,2.0,0.7804878048780488,13,2,4.6,2026-01-14,0,0,1,0,0,0,0,0,1,0,0,0,0,0,1,0,0,0,0,0,0,0,0,0,0,0,0,1,0,1,0,0,1,0,0,1,0,0
0,74.3,179.62,0.5,140.0,12.0,3.6,0.07142857142857142,6,2,13.5,2026-01-14,1,0,0,0,0,0,0,1,0,0,0,0,0,0,0,0,0,0,1,0,0,0,0,0,0,1,0,0,0,1,0,0,0,1,0,0,1,0
0,63.9,165.38,3.6,140.0,12.0,0.0,0.17857142857142858,6,2,13.5,2026-01-14,1,0,0,0,0,0,0,1,0,0,0,0,0,0,0,0,0,0,1,0,0,0,0,0,0,1,0,0,0,1,0,0,1,0,0,1,0,0
0,59.5,152.33,3.0,140.0,12.0,0.0,0.2857142857142857,6,2,13.5,2026-01-14,1,0,0,0,0,0,0,1,0,0,0,0,0,0,0,0,0,0,1,0,0,0,0,0,0,1,0,0,0,1,0,0,1,0,0,0,1,0
1,58.2,118.3,1.9,140.0,12.0,2.8,0.32142857142857145,7,2,13.5,2026-01-14,1,0,0,0,0,0,0,1,0,0,0,0,0,0,0,1,0,0,0,0,0,0,0,0,1,0,0,0,0,1,0,0,1,0,0,0,0,1
1,54.9,105.12,6.7,140.0,12.0,2.0,0.42857142857142855,7,2,13.5,2026-01-14,1,0,0,0,0,0,0,1,0,0,0,0,0,0,0,1,0,0,0,0,0,0,0,0,1,0,0,0,0,0,0,1,1,0,1,0,0,0
1,57.3,89.8,8.0,140.0,12.0,2.0,0.5357142857142857,7,2,13.5,2026-01-14,1,0,0,0,0,0,0,1,0,0,0,0,0,0,0,1,0,0,0,0,0,0,0,0,1,0,0,0,0,0,0,1,1,0,0,1,0,0
2,46.5,79.25,10.2,140.0,12.0,3.5,0.5714285714285714,7,2,13.5,2026-01-14,1,0,0,0,0,0,0,1,0,0,0,0,1,0,0,0,0,0,0,0,0,0,0,1,0,0,0,0,0,0,1,0,0,1,0,0,0,1
2,60.8,61.67,8.8,140.0,12.0,2.0,0.6785714285714286,7,2,13.5,2026-01-14,1,0,0,0,0,0,0,1,0,0,0,0,1,0,0,0,0,0,0,0,0,0,0,1,0,0,0,0,0,1,0,0,1,0,0,0,1,0
2,50.2,53.53,10.0,140.0,12.0,2.0,0.7857142857142857,8,2,13.5,2026-01-14,1,0,0,0,0,0,0,1,0,0,0,0,1,0,0,0,0,0,0,0,0,0,0,1,0,0,0,0,0,1,0,0,1,0,0,1,0,0
3,44.4,39.6,13.2,140.0,12.0,2.9,0.8214285714285714,8,2,13.5,2026-01-14,1,0,0,0,0,0,0,1,0,0,0,1,0,0,0,0,0,0,0,0,0,0,1,0,0,0,0,0,0,1,0,0,1,0,1,0,0,0
3,62.5,20.96,11.1,140.0,12.0,2.0,0.9285714285714286,8,2,13.5,2026-01-14,1,0,0,0,0,0,0,1,0,0,0,1,0,0,0,0,0,0,0,0,0,0,1,0,0,0,0,0,0,1,0,0,0,1,0,1,0,0
3,55.8,9.8,13.2,140.0,12.0,2.0,1.0,8,2,13.5,2026-01-14,1,0,0,0,0,0,0,1,0,0,0,1,0,0,0,0,0,0,0,0,0,0,1,0,0,0,0,0,0,1,0,0,1,0,0,0,1,0
0,88.4,170.27,-0.1,155.0,10.3,1.9,0.06451612903225806,8,2,12.2,2026-01-14,0,1,0,0,0,0,1,0,0,0,0,0,0,0,0,0,1,0,0,0,0,1,0,0,0,0,0,0,0,0,1,0,1,0,0,0,1,0
0,74.7,153.88,0.5,155.0,10.3,0.0,0.16129032258064516,8,2,12.2,2026-01-14,0,1,0,0,0,0,1,0,0,0,0,0,0,0,0,0,1,0,0,0,0,1,0,0,0,0,0,0,0,0,1,0,1,0,0,0,0,1
2,57.1,46.93,3.0,205.0,3.6,2.0,0.8536585365853658,13,2,4.6,2026-01-14,0,0,1,0,0,0,0,0,1,0,0,0,0,0,1,0,0,0,0,0,0,0,0,0,0,0,0,1,0,0,1,0,1,0,0,1,0,0
1,59.8,123.03,6.3,155.0,10.3,3.6,0.33548387096774196,9,2,12.2,2026-01-14,0,1,0,0,0,0,1,0,0,0,1,0,0,0,0,0,0,0,0,1,0,0,0,0,0,0,0,0,0,0,0,1,1,0,1,0,0,0
2,63.3,74.45,0.7,205.0,3.6,4.4,0.7073170731707317,12,2,4.6,2026-01-14,0,0,1,0,0,0,0,0,1,0,0,0,0,0,1,0,0,0,0,0,0,0,0,0,0,0,0,1,0,1,0,0,0,1,0,1,0,0
1,64.1,147.27,-1.3,205.0,3.6,2.0,0.4634146341463415,12,2,4.6,2026-01-14,0,0,1,0,0,0,0,0,1,1,0,0,0,0,0,0,0,0,0,0,0,0,0,0,0,0,1,0,0,0,0,1,0,1,0,1,0,0
1,53.3,167.79,3.2,205.0,3.6,2.0,0.3902439024390244,11,2,4.6,2026-01-14,0,0,1,0,0,0,0,0,1,1,0,0,0,0,0,0,0,0,0,0,0,0,0,0,0,0,1,0,0,1,0,0,1,0,1,0,0,0
0,48.0,153.0,3.7,155.0,10.3,0.0,0.25806451612903225,9,2,12.2,2026-01-14,0,1,0,0,0,0,1,0,0,0,0,0,0,0,0,0,1,0,0,0,0,1,0,0,0,0,0,0,0,1,0,0,0,1,0,0,1,0
0,55.4,228.07,5.2,205.0,3.6,0.0,0.1951219512195122,11,2,4.6,2026-01-14,0,0,1,0,0,0,0,0,1,0,0,0,0,0,0,0,0,1,0,0,0,0,0,0,0,0,0,0,1,0,0,1,1,0,0,0,0,1
0,76.4,233.17,-0.6,205.0,3.6,0.0,0.12195121951219512,10,2,4.6,2026-01-14,0,0,1,0,0,0,0,0,1,0,0,0,0,0,0,0,0,1,0,0,0,0,0,0,0,0,0,0,1,1,0,0,1,0,1,0,0,0
1,70.6,178.23,1.5,205.0,3.6,4.8,0.3170731707317073,11,2,4.6,2026-01-14,0,0,1,0,0,0,0,0,1,1,0,0,0,0,0,0,0,0,0,0,0,0,0,0,0,0,1,0,0,0,1,0,1,0,1,0,0,0
2,63.3,26.8,10.2,155.0,10.3,2.0,0.8903225806451613,10,2,12.2,2026-01-14,0,1,0,0,0,0,1,0,0,0,0,0,0,1,0,0,0,0,0,0,1,0,0,0,0,0,0,0,0,0,1,0,1,0,1,0,0,0
2,61.0,43.58,10.4,155.0,10.3,2.0,0.7935483870967742,10,2,12.2,2026-01-14,0,1,0,0,0,0,1,0,0,0,0,0,0,1,0,0,0,0,0,0,1,0,0,0,0,0,0,0,0,1,0,0,1,0,0,1,0,0
2,78.6,55.9,5.9,155.0,10.3,4.1,0.6967741935483871,10,2,12.2,2026-01-14,0,1,0,0,0,0,1,0,0,0,0,0,0,1,0,0,0,0,0,0,1,0,0,0,0,0,0,0,0,1,0,0,1,0,1,0,0,0
1,67.5,88.0,8.9,155.0,10.3,2.0,0.5290322580645161,9,2,12.2,2026-01-14,0,1,0,0,0,0,1,0,0,0,1,0,0,0,0,0,0,0,0,1,0,0,0,0,0,0,0,0,0,0,0,1,1,0,0,1,0,0
1,72.4,102.83,4.8,155.0,10.3,2.0,0.432258064516129,9,2,12.2,2026-01-14,0,1,0,0,0,0,1,0,0,0,1,0,0,0,0,0,0,0,0,1,0,0,0,0,0,0,0,0,0,1,0,0,0,1,0,1,0,0
0,68.8,253.53,-1.2,205.0,3.6,1.3,0.04878048780487805,10,2,4.6,2026-01-14,0,0,1,0,0,0,0,0,1,0,0,0,0,0,0,0,0,1,0,0,0,0,0,0,0,0,0,0,1,0,1,0,1,0,0,1,0,0
0,66.9,173.85,0.8,155.0,15.3,2.1,0.06451612903225806,15,3,14.8,2026-01-15,0,0,0,0,1,0,1,0,0,0,0,0,0,0,0,0,1,0,0,0,0,1,0,0,0,0,0,0,0,0,0,1,1,0,0,1,0,0
3,68.9,1.07,15.7,140.0,10.8,2.0,1.0,16,3,14.5,2026-01-15,0,0,0,1,0,0,0,1,0,0,0,1,0,0,0,0,0,0,0,0,0,0,1,0,0,0,0,0,0,1,0,0,1,0,0,0,0,1
3,50.3,26.04,12.9,140.0,10.8,2.0,0.9285714285714286,15,3,14.5,2026-01-15,0,0,0,1,0,0,0,1,0,0,0,1,0,0,0,0,0,0,0,0,0,0,1,0,0,0,0,0,0,1,0,0,1,0,0,0,1,0
3,75.0,34.5,10.5,140.0,10.8,5.4,0.8214285714285714,15,3,14.5,2026-01-15,0,0,0,1,0,0,0,1,0,0,0,1,0,0,0,0,0,0,0,0,0,0,1,0,0,0,0,0,0,1,0,0,1,0,0,1,0,0
2,67.9,41.73,8.7,140.0,10.8,2.0,0.7857142857142857,15,3,14.5,2026-01-15,0,0,0,1,0,0,0,1,0,0,0,0,1,0,0,0,0,0,0,0,0,0,0,1,0,0,0,0,0,1,0,0,1,0,1,0,0,0
0,58.3,167.71,6.5,140.0,10.8,0.0,0.17857142857142858,14,3,14.5,2026-01-15,0,0,0,1,0,0,0,1,0,0,0,0,0,0,0,0,0,0,1,0,0,0,0,0,0,1,0,0,0,0,0,1,1,0,1,0,0,0
2,58.7,77.22,6.4,140.0,10.8,4.7,0.5714285714285714,14,3,14.5,2026-01-15,0,0,0,1,0,0,0,1,0,0,0,0,1,0,0,0,0,0,0,0,0,0,0,1,0,0,0,0,0,0,1,0,1,0,0,1,0,0
1,59.3,88.47,5.0,140.0,10.8,2.0,0.5357142857142857,14,3,14.5,2026-01-15,0,0,0,1,0,0,0,1,0,0,0,0,0,0,0,1,0,0,0,0,0,0,0,0,1,0,0,0,0,1,0,0,1,0,0,0,1,0
1,54.5,105.29,7.6,140.0,10.8,2.0,0.42857142857142855,14,3,14.5,2026-01-15,0,0,0,1,0,0,0,1,0,0,0,0,0,0,0,1,0,0,0,0,0,0,0,0,1,0,0,0,0,1,0,0,1,0,0,0,0,1
1,64.9,117.18,3.3,140.0,10.8,4.2,0.32142857142857145,14,3,14.5,2026-01-15,0,0,0,1,0,0,0,1,0,0,0,0,0,0,0,1,0,0,0,0,0,0,0,0,1,0,0,0,0,0,0,1,1,0,1,0,0,0
0,68.9,146.07,2.1,140.0,10.8,0.0,0.2857142857142857,14,3,14.5,2026-01-15,0,0,0,1,0,0,0,1,0,0,0,0,0,0,0,0,0,0,1,0,0,0,0,0,0,1,0,0,0,1,0,0,1,0,0,1,0,0
0,67.4,156.92,0.0,155.0,15.3,0.0,0.16129032258064516,16,3,14.8,2026-01-15,0,0,0,0,1,0,1,0,0,0,0,0,0,0,0,0,1,0,0,0,0,1,0,0,0,0,0,0,0,0,1,0,1,0,0,1,0,0
2,63.9,60.38,8.8,140.0,10.8,2.0,0.6785714285714286,15,3,14.5,2026-01-15,0,0,0,1,0,0,0,1,0,0,0,0,1,0,0,0,0,0,0,0,0,0,0,1,0,0,0,0,0,1,0,0,1,0,0,1,0,0
0,54.6,148.6,6.0,155.0,15.3,0.0,0.25806451612903225,16,3,14.8,2026-01-15,0,0,0,0,1,0,1,0,0,0,0,0,0,0,0,0,1,0,0,0,0,1,0,0,0,0,0,0,0,0,1,0,0,1,0,1,0,0
0,65.4,254.1,-1.6,205.0,5.7,1.9,0.04878048780487805,5,3,6.8,2026-01-15,0,0,0,0,0,1,0,0,1,0,0,0,0,0,0,0,0,1,0,0,0,0,0,0,0,0,0,0,1,1,0,0,1,0,1,0,0,0
1,55.2,110.0,5.4,155.0,15.3,2.0,0.432258064516129,16,3,14.8,2026-01-15,0,0,0,0,1,0,1,0,0,0,1,0,0,0,0,0,0,0,0,1,0,0,0,0,0,0,0,0,0,0,0,1,0,1,0,1,0,0
1,57.9,94.4,9.6,155.0,15.3,2.0,0.5290322580645161,17,3,14.8,2026-01-15,0,0,0,0,1,0,1,0,0,0,1,0,0,0,0,0,0,0,0,1,0,0,0,0,0,0,0,0,0,1,0,0,1,0,0,1,0,0
2,55.9,59.68,5.8,155.0,15.3,5.5,0.6967741935483871,17,3,14.8,2026-01-15,0,0,0,0,1,0,1,0,0,0,0,0,0,1,0,0,0,0,0,0,1,0,0,0,0,0,0,0,0,1,0,0,1,0,0,1,0,0
2,61.2,43.5,13.1,155.0,15.3,2.0,0.7935483870967742,17,3,14.8,2026-01-15,0,0,0,0,1,0,1,0,0,0,0,0,0,1,0,0,0,0,0,0,1,0,0,0,0,0,0,0,0,0,0,1,1,0,0,0,1,0
2,58.6,29.93,11.2,155.0,15.3,2.0,0.8903225806451613,18,3,14.8,2026-01-15,0,0,0,0,1,0,1,0,0,0,0,0,0,1,0,0,0,0,0,0,1,0,0,0,0,0,0,0,0,1,0,0,0,1,0,1,0,0
0,66.2,237.42,-0.5,205.0,5.7,0.0,0.12195121951219512,5,3,6.8,2026-01-15,0,0,0,0,0,1,0,0,1,0,0,0,0,0,0,0,0,1,0,0,0,0,0,0,0,0,0,0,1,0,1,0,1,0,0,1,0,0
0,66.3,220.8,2.8,205.0,5.7,0.0,0.1951219512195122,6,3,6.8,2026-01-15,0,0,0,0,0,1,0,0,1,0,0,0,0,0,0,0,0,1,0,0,0,0,0,0,0,0,0,0,1,0,0,1,0,1,0,0,1,0
1,75.1,177.48,1.6,205.0,5.7,4.4,0.3170731707317073,6,3,6.8,2026-01-15,0,0,0,0,0,1,0,0,1,1,0,0,0,0,0,0,0,0,0,0,0,0,0,0,0,0,1,0,0,1,0,0,0,1,0,1,0,0
1,66.5,162.29,4.4,205.0,5.7,2.0,0.3902439024390244,6,3,6.8,2026-01-15,0,0,0,0,0,1,0,0,1,1,0,0,0,0,0,0,0,0,0,0,0,0,0,0,0,0,1,0,0,1,0,0,0,1,0,1,0,0
1,71.5,142.33,1.9,205.0,5.7,2.0,0.4634146341463415,6,3,6.8,2026-01-15,0,0,0,0,0,1,0,0,1,1,0,0,0,0,0,0,0,0,0,0,0,0,0,0,0,0,1,0,0,0,1,0,1,0,0,0,0,1
2,43.0,77.83,6.7,205.0,5.7,4.7,0.7073170731707317,7,3,6.8,2026-01-15,0,0,0,0,0,1,0,0,1,0,0,0,0,0,1,0,0,0,0,0,0,0,0,0,0,0,0,1,0,0,0,1,1,0,0,1,0,0
2,47.0,65.42,4.9,205.0,5.7,2.0,0.7804878048780488,8,3,6.8,2026-01-15,0,0,0,0,0,1,0,0,1,0,0,0,0,0,1,0,0,0,0,0,0,0,0,0,0,0,0,1,0,0,1,0,1,0,0,1,0,0
0,82.5,178.25,2.8,140.0,10.8,1.7,0.07142857142857142,13,3,14.5,2026-01-15,0,0,0,1,0,0,0,1,0,0,0,0,0,0,0,0,0,0,1,0,0,0,0,0,0,1,0,0,0,1,0,0,1,0,0,1,0,0
1,58.7,123.22,6.3,155.0,15.3,3.7,0.33548387096774196,16,3,14.8,2026-01-15,0,0,0,0,1,0,1,0,0,0,1,0,0,0,0,0,0,0,0,1,0,0,0,0,0,0,0,0,0,1,0,0,1,0,0,1,0,0
2,64.4,42.07,8.5,205.0,5.7,2.0,0.8536585365853658,8,3,6.8,2026-01-15,0,0,0,0,0,1,0,0,1,0,0,0,0,0,1,0,0,0,0,0,0,0,0,0,0,0,0,1,0,1,0,0,0,1,0,0,0,1
2,73.6,35.93,-0.8,205.0,6.7,2.0,0.8536585365853658,14,3,0.8,2026-01-15,0,0,1,0,0,0,0,0,1,0,0,0,0,0,1,0,0,0,0,0,0,0,0,0,0,0,0,1,0,1,0,0,1,0,0,0,0,1
2,78.2,71.97,-1.6,205.0,6.7,4.5,0.7073170731707317,13,3,0.8,2026-01-15,0,0,1,0,0,0,0,0,1,0,0,0,0,0,1,0,0,0,0,0,0,0,0,0,0,0,0,1,0,1,0,0,1,0,0,0,1,0
2,68.9,56.29,0.2,205.0,6.7,2.0,0.7804878048780488,14,3,0.8,2026-01-15,0,0,1,0,0,0,0,0,1,0,0,0,0,0,1,0,0,0,0,0,0,0,0,0,0,0,0,1,0,0,1,0,0,1,1,0,0,0
0,66.8,180.87,2.0,140.0,8.1,2.5,0.07142857142857142,7,3,17.4,2026-01-15,1,0,0,0,0,0,0,1,0,0,0,0,0,0,0,0,0,0,1,0,0,0,0,0,0,1,0,0,0,0,0,1,1,0,1,0,0,0
0,57.2,168.17,6.6,140.0,8.1,0.0,0.17857142857142858,7,3,17.4,2026-01-15,1,0,0,0,0,0,0,1,0,0,0,0,0,0,0,0,0,0,1,0,0,0,0,0,0,1,0,0,0,0,1,0,1,0,0,1,0,0
0,62.3,150.47,4.3,140.0,8.1,0.0,0.2857142857142857,7,3,17.4,2026-01-15,1,0,0,0,0,0,0,1,0,0,0,0,0,0,0,0,0,0,1,0,0,0,0,0,0,1,0,0,0,1,0,0,1,0,1,0,0,0
1,68.2,116.63,7.0,140.0,8.1,3.6,0.32142857142857145,8,3,17.4,2026-01-15,1,0,0,0,0,0,0,1,0,0,0,0,0,0,0,1,0,0,0,0,0,0,0,0,1,0,0,0,0,0,1,0,1,0,0,1,0,0
1,51.4,106.58,4.3,140.0,8.1,2.0,0.42857142857142855,8,3,17.4,2026-01-15,1,0,0,0,0,0,0,1,0,0,0,0,0,0,0,1,0,0,0,0,0,0,0,0,1,0,0,0,0,0,1,0,1,0,0,1,0,0
1,71.0,80.67,10.5,140.0,8.1,2.0,0.5357142857142857,8,3,17.4,2026-01-15,1,0,0,0,0,0,0,1,0,0,0,0,0,0,0,1,0,0,0,0,0,0,0,0,1,0,0,0,0,1,0,0,0,1,0,0,0,1
2,56.6,63.42,13.5,140.0,8.1,2.0,0.6785714285714286,8,3,17.4,2026-01-15,1,0,0,0,0,0,0,1,0,0,0,0,1,0,0,0,0,0,0,0,0,0,0,1,0,0,0,0,0,1,0,0,0,1,0,1,0,0
2,54.9,50.4,12.3,140.0,8.1,2.0,0.7857142857142857,9,3,17.4,2026-01-15,1,0,0,0,0,0,0,1,0,0,0,0,1,0,0,0,0,0,0,0,0,0,0,1,0,0,0,0,0,0,0,1,1,0,0,0,1,0
3,53.9,38.02,14.5,140.0,8.1,4.6,0.8214285714285714,9,3,17.4,2026-01-15,1,0,0,0,0,0,0,1,0,0,0,1,0,0,0,0,0,0,0,0,0,0,1,0,0,0,0,0,0,1,0,0,1,0,0,1,0,0
3,48.6,26.75,17.5,140.0,8.1,2.0,0.9285714285714286,9,3,17.4,2026-01-15,1,0,0,0,0,0,0,1,0,0,0,1,0,0,0,0,0,0,0,0,0,0,1,0,0,0,0,0,0,1,0,0,0,1,0,0,0,1
3,55.9,9.73,15.7,140.0,8.1,2.0,1.0,9,3,17.4,2026-01-15,1,0,0,0,0,0,0,1,0,0,0,1,0,0,0,0,0,0,0,0,0,0,1,0,0,0,0,0,0,0,0,1,1,0,0,1,0,0
0,61.2,174.8,1.3,155.0,10.2,4.1,0.06451612903225806,9,3,16.4,2026-01-15,0,1,0,0,0,0,1,0,0,0,0,0,0,0,0,0,1,0,0,0,0,1,0,0,0,0,0,0,0,1,0,0,1,0,0,0,0,1
2,63.1,76.48,7.0,140.0,8.1,4.7,0.5714285714285714,8,3,17.4,2026-01-15,1,0,0,0,0,0,0,1,0,0,0,0,1,0,0,0,0,0,0,0,0,0,0,1,0,0,0,0,0,1,0,0,0,1,0,0,1,0
0,66.1,140.93,7.5,155.0,10.2,0.0,0.25806451612903225,10,3,16.4,2026-01-15,0,1,0,0,0,0,1,0,0,0,0,0,0,0,0,0,1,0,0,0,0,1,0,0,0,0,0,0,0,1,0,0,1,0,0,1,0,0
1,89.0,130.67,-1.8,205.0,6.7,2.0,0.4634146341463415,13,3,0.8,2026-01-15,0,0,1,0,0,0,0,0,1,1,0,0,0,0,0,0,0,0,0,0,0,0,0,0,0,0,1,0,0,0,1,0,1,0,0,1,0,0
0,70.6,155.58,1.7,155.0,10.2,0.0,0.16129032258064516,9,3,16.4,2026-01-15,0,1,0,0,0,0,1,0,0,0,0,0,0,0,0,0,1,0,0,0,0,1,0,0,0,0,0,0,0,0,0,1,0,1,0,0,0,1
1,66.0,162.5,0.6,205.0,6.7,2.0,0.3902439024390244,12,3,0.8,2026-01-15,0,0,1,0,0,0,0,0,1,1,0,0,0,0,0,0,0,0,0,0,0,0,0,0,0,0,1,0,0,1,0,0,1,0,0,0,0,1
1,64.1,179.32,-0.5,205.0,6.7,4.5,0.3170731707317073,12,3,0.8,2026-01-15,0,0,1,0,0,0,0,0,1,1,0,0,0,0,0,0,0,0,0,0,0,0,0,0,0,0,1,0,0,1,0,0,1,0,0,1,0,0
0,48.3,232.8,-0.5,205.0,6.7,0.0,0.1951219512195122,12,3,0.8,2026-01-15,0,0,1,0,0,0,0,0,1,0,0,0,0,0,0,0,0,1,0,0,0,0,0,0,0,0,0,0,1,1,0,0,0,1,1,0,0,0
0,60.8,254.87,0.5,205.0,6.7,4.6,0.04878048780487805,11,3,0.8,2026-01-15,0,0,1,0,0,0,0,0,1,0,0,0,0,0,0,0,0,1,0,0,0,0,0,0,0,0,0,0,1,1,0,0,1,0,0,1,0,0
0,57.1,241.21,1.0,205.0,6.7,0.0,0.12195121951219512,11,3,0.8,2026-01-15,0,0,1,0,0,0,0,0,1,0,0,0,0,0,0,0,0,1,0,0,0,0,0,0,0,0,0,0,1,0,1,0,0,1,0,0,0,1
2,79.6,35.83,10.8,155.0,10.2,2.0,0.7935483870967742,11,3,16.4,2026-01-15,0,1,0,0,0,0,1,0,0,0,0,0,0,1,0,0,0,0,0,0,1,0,0,0,0,0,0,0,0,0,0,1,1,0,0,0,0,1
2,40.0,62.33,9.2,155.0,10.2,4.0,0.6967741935483871,11,3,16.4,2026-01-15,0,1,0,0,0,0,1,0,0,0,0,0,0,1,0,0,0,0,0,0,1,0,0,0,0,0,0,0,0,0,1,0,0,1,1,0,0,0
1,55.6,95.93,7.0,155.0,10.2,2.0,0.5290322580645161,10,3,16.4,2026-01-15,0,1,0,0,0,0,1,0,0,0,1,0,0,0,0,0,0,0,0,1,0,0,0,0,0,0,0,0,0,1,0,0,0,1,0,0,0,1
1,69.2,104.17,7.8,155.0,10.2,2.0,0.432258064516129,10,3,16.4,2026-01-15,0,1,0,0,0,0,1,0,0,0,1,0,0,0,0,0,0,0,0,1,0,0,0,0,0,0,0,0,0,1,0,0,0,1,0,1,0,0
1,77.6,120.07,7.3,155.0,10.2,2.9,0.33548387096774196,10,3,16.4,2026-01-15,0,1,0,0,0,0,1,0,0,0,1,0,0,0,0,0,0,0,0,1,0,0,0,0,0,0,0,0,0,1,0,0,1,0,0,1,0,0
2,45.4,38.73,14.8,155.0,10.2,2.0,0.8903225806451613,11,3,16.4,2026-01-15,0,1,0,0,0,0,1,0,0,0,0,0,0,1,0,0,0,0,0,0,1,0,0,0,0,0,0,0,0,0,0,1,0,1,0,1,0,0
0,66.0,157.5,-3.0,155.0,7.3,0.0,0.16129032258064516,17,4,10.7,2026-01-16,0,0,0,0,1,0,1,0,0,0,0,0,0,0,0,0,1,0,0,0,0,1,0,0,0,0,0,0,0,0,0,1,1,0,0,1,0,0
3,68.1,35.65,-1.7,140.0,1.1,4.6,0.8214285714285714,16,4,0.2,2026-01-16,0,0,0,1,0,0,0,1,0,0,0,1,0,0,0,0,0,0,0,0,0,0,1,0,0,0,0,0,0,1,0,0,0,1,0,0,0,1
0,58.6,175.23,-1.6,155.0,7.3,1.1,0.06451612903225806,16,4,10.7,2026-01-16,0,0,0,0,1,0,1,0,0,0,0,0,0,0,0,0,1,0,0,0,0,1,0,0,0,0,0,0,0,0,0,1,1,0,0,1,0,0
3,68.4,1.4,-3.0,140.0,1.1,2.0,1.0,17,4,0.2,2026-01-16,0,0,0,1,0,0,0,1,0,0,0,1,0,0,0,0,0,0,0,0,0,0,1,0,0,0,0,0,0,0,0,1,1,0,0,1,0,0
3,68.3,18.54,-1.3,140.0,1.1,2.0,0.9285714285714286,16,4,0.2,2026-01-16,0,0,0,1,0,0,0,1,0,0,0,1,0,0,0,0,0,0,0,0,0,0,1,0,0,0,0,0,0,1,0,0,1,0,0,0,1,0
2,57.4,48.73,1.7,140.0,1.1,2.0,0.7857142857142857,16,4,0.2,2026-01-16,0,0,0,1,0,0,0,1,0,0,0,0,1,0,0,0,0,0,0,0,0,0,0,1,0,0,0,0,0,1,0,0,1,0,0,0,1,0
0,58.0,153.33,0.9,140.0,1.1,0.0,0.2857142857142857,15,4,0.2,2026-01-16,0,0,0,1,0,0,0,1,0,0,0,0,0,0,0,0,0,0,1,0,0,0,0,0,0,1,0,0,0,1,0,0,1,0,0,0,1,0
2,79.3,73.78,-0.0,140.0,1.1,4.4,0.5714285714285714,15,4,0.2,2026-01-16,0,0,0,1,0,0,0,1,0,0,0,0,1,0,0,0,0,0,0,0,0,0,0,1,0,0,0,0,0,1,0,0,1,0,0,0,0,1
1,63.0,86.0,1.7,140.0,1.1,2.0,0.5357142857142857,15,4,0.2,2026-01-16,0,0,0,1,0,0,0,1,0,0,0,0,0,0,0,1,0,0,0,0,0,0,0,0,1,0,0,0,0,1,0,0,1,0,1,0,0,0
1,59.5,103.21,-1.1,140.0,1.1,2.0,0.42857142857142855,15,4,0.2,2026-01-16,0,0,0,1,0,0,0,1,0,0,0,0,0,0,0,1,0,0,0,0,0,0,0,0,1,0,0,0,0,1,0,0,0,1,0,1,0,0
1,73.0,115.83,-0.7,140.0,1.1,4.0,0.32142857142857145,15,4,0.2,2026-01-16,0,0,0,1,0,0,0,1,0,0,0,0,0,0,0,1,0,0,0,0,0,0,0,0,1,0,0,0,0,0,1,0,1,0,1,0,0,0
0,77.0,133.67,1.8,155.0,7.3,0.0,0.25806451612903225,17,4,10.7,2026-01-16,0,0,0,0,1,0,1,0,0,0,0,0,0,0,0,0,1,0,0,0,0,1,0,0,0,0,0,0,0,0,1,0,1,0,0,0,1,0
2,55.5,63.88,0.9,140.0,1.1,2.0,0.6785714285714286,16,4,0.2,2026-01-16,0,0,0,1,0,0,0,1,0,0,0,0,1,0,0,0,0,0,0,0,0,0,0,1,0,0,0,0,0,0,1,0,0,1,0,0,0,1
1,58.5,123.25,4.1,155.0,7.3,3.5,0.33548387096774196,17,4,10.7,2026-01-16,0,0,0,0,1,0,1,0,0,0,1,0,0,0,0,0,0,0,0,1,0,0,0,0,0,0,0,0,0,0,0,1,0,1,0,1,0,0
2,57.6,46.6,9.2,205.0,1.5,2.0,0.8536585365853658,9,4,6.2,2026-01-16,0,0,0,0,0,1,0,0,1,0,0,0,0,0,1,0,0,0,0,0,0,0,0,0,0,0,0,1,0,0,1,0,1,0,0,0,1,0
1,78.6,80.6,3.5,155.0,7.3,2.0,0.5290322580645161,18,4,10.7,2026-01-16,0,0,0,0,1,0,1,0,0,0,1,0,0,0,0,0,0,0,0,1,0,0,0,0,0,0,0,0,0,0,0,1,1,0,0,0,1,0
2,55.4,59.77,7.4,155.0,7.3,4.4,0.6967741935483871,18,4,10.7,2026-01-16,0,0,0,0,1,0,1,0,0,0,0,0,0,1,0,0,0,0,0,0,1,0,0,0,0,0,0,0,0,1,0,0,0,1,0,1,0,0
2,66.2,41.42,9.3,155.0,7.3,2.0,0.7935483870967742,18,4,10.7,2026-01-16,0,0,0,0,1,0,1,0,0,0,0,0,0,1,0,0,0,0,0,0,1,0,0,0,0,0,0,0,0,1,0,0,0,1,0,0,0,1
2,61.3,28.13,10.9,155.0,7.3,2.0,0.8903225806451613,19,4,10.7,2026-01-16,0,0,0,0,1,0,1,0,0,0,0,0,0,1,0,0,0,0,0,0,1,0,0,0,0,0,0,0,0,1,0,0,1,0,1,0,0,0
0,76.2,252.3,-1.3,205.0,1.5,2.1,0.04878048780487805,6,4,6.2,2026-01-16,0,0,0,0,0,1,0,0,1,0,0,0,0,0,0,0,0,1,0,0,0,0,0,0,0,0,0,0,1,1,0,0,0,1,0,0,0,1
0,79.4,231.92,3.9,205.0,1.5,0.0,0.12195121951219512,6,4,6.2,2026-01-16,0,0,0,0,0,1,0,0,1,0,0,0,0,0,0,0,0,1,0,0,0,0,0,0,0,0,0,0,1,1,0,0,1,0,1,0,0,0
0,63.5,222.67,1.2,205.0,1.5,0.0,0.1951219512195122,7,4,6.2,2026-01-16,0,0,0,0,0,1,0,0,1,0,0,0,0,0,0,0,0,1,0,0,0,0,0,0,0,0,0,0,1,0,0,1,0,1,0,0,1,0
1,76.4,177.27,4.0,205.0,1.5,4.7,0.3170731707317073,7,4,6.2,2026-01-16,0,0,0,0,0,1,0,0,1,1,0,0,0,0,0,0,0,0,0,0,0,0,0,0,0,0,1,0,0,1,0,0,1,0,0,1,0,0
1,71.9,160.04,3.1,205.0,1.5,2.0,0.3902439024390244,7,4,6.2,2026-01-16,0,0,0,0,0,1,0,0,1,1,0,0,0,0,0,0,0,0,0,0,0,0,0,0,0,0,1,0,0,1,0,0,1,0,0,1,0,0
1,57.5,151.67,3.1,205.0,1.5,2.0,0.4634146341463415,7,4,6.2,2026-01-16,0,0,0,0,0,1,0,0,1,1,0,0,0,0,0,0,0,0,0,0,0,0,0,0,0,0,1,0,0,1,0,0,1,0,0,1,0,0
2,60.0,75.0,3.9,205.0,1.5,4.6,0.7073170731707317,8,4,6.2,2026-01-16,0,0,0,0,0,1,0,0,1,0,0,0,0,0,1,0,0,0,0,0,0,0,0,0,0,0,0,1,0,0,0,1,1,0,0,1,0,0
2,51.9,63.38,5.8,205.0,1.5,2.0,0.7804878048780488,9,4,6.2,2026-01-16,0,0,0,0,0,1,0,0,1,0,0,0,0,0,1,0,0,0,0,0,0,0,0,0,0,0,0,1,0,0,1,0,1,0,0,1,0,0
0,89.5,154.71,-1.2,140.0,1.1,0.0,0.17857142857142858,15,4,0.2,2026-01-16,0,0,0,1,0,0,0,1,0,0,0,0,0,0,0,0,0,0,1,0,0,0,0,0,0,1,0,0,0,0,1,0,1,0,0,1,0,0
1,65.3,105.79,2.2,155.0,7.3,2.0,0.432258064516129,17,4,10.7,2026-01-16,0,0,0,0,1,0,1,0,0,0,1,0,0,0,0,0,0,0,0,1,0,0,0,0,0,0,0,0,0,1,0,0,0,1,0,0,0,1
0,75.9,179.35,-2.0,140.0,1.1,0.6,0.07142857142857142,14,4,0.2,2026-01-16,0,0,0,1,0,0,0,1,0,0,0,0,0,0,0,0,0,0,1,0,0,0,0,0,0,1,0,0,0,1,0,0,1,0,0,0,0,1
1,63.7,122.38,3.8,155.0,4.8,4.2,0.33548387096774196,11,4,16.5,2026-01-16,0,1,0,0,0,0,1,0,0,0,1,0,0,0,0,0,0,0,0,1,0,0,0,0,0,0,0,0,0,0,1,0,1,0,0,0,0,1
2,70.5,55.62,2.6,205.0,6.2,2.0,0.7804878048780488,15,4,3.0,2026-01-16,0,0,1,0,0,0,0,0,1,0,0,0,0,0,1,0,0,0,0,0,0,0,0,0,0,0,0,1,0,0,1,0,0,1,1,0,0,0
0,57.7,167.96,4.2,140.0,7.6,0.0,0.17857142857142858,8,4,14.4,2026-01-16,1,0,0,0,0,0,0,1,0,0,0,0,0,0,0,0,0,0,1,0,0,0,0,0,0,1,0,0,0,0,0,1,1,0,1,0,0,0
0,69.2,145.87,2.0,140.0,7.6,0.0,0.2857142857142857,8,4,14.4,2026-01-16,1,0,0,0,0,0,0,1,0,0,0,0,0,0,0,0,0,0,1,0,0,0,0,0,0,1,0,0,0,0,1,0,1,0,0,0,1,0
1,69.0,116.5,2.2,140.0,7.6,4.3,0.32142857142857145,9,4,14.4,2026-01-16,1,0,0,0,0,0,0,1,0,0,0,0,0,0,0,1,0,0,0,0,0,0,0,0,1,0,0,0,0,1,0,0,1,0,0,0,0,1
1,60.6,102.75,4.5,140.0,7.6,2.0,0.42857142857142855,9,4,14.4,2026-01-16,1,0,0,0,0,0,0,1,0,0,0,0,0,0,0,1,0,0,0,0,0,0,0,0,1,0,0,0,0,0,1,0,0,1,1,0,0,0
1,82.1,73.27,6.8,140.0,7.6,2.0,0.5357142857142857,9,4,14.4,2026-01-16,1,0,0,0,0,0,0,1,0,0,0,0,0,0,0,1,0,0,0,0,0,0,0,0,1,0,0,0,0,0,0,1,0,1,0,0,0,1
2,62.2,76.63,6.8,140.0,7.6,4.3,0.5714285714285714,9,4,14.4,2026-01-16,1,0,0,0,0,0,0,1,0,0,0,0,1,0,0,0,0,0,0,0,0,0,0,1,0,0,0,0,0,1,0,0,0,1,1,0,0,0
2,56.5,63.46,8.4,140.0,7.6,2.0,0.6785714285714286,9,4,14.4,2026-01-16,1,0,0,0,0,0,0,1,0,0,0,0,1,0,0,0,0,0,0,0,0,0,0,1,0,0,0,0,0,1,0,0,1,0,0,1,0,0
2,73.4,38.07,11.3,140.0,7.6,2.0,0.7857142857142857,10,4,14.4,2026-01-16,1,0,0,0,0,0,0,1,0,0,0,0,1,0,0,0,0,0,0,0,0,0,0,1,0,0,0,0,0,1,0,0,1,0,0,1,0,0
3,49.9,38.68,9.0,140.0,7.6,5.4,0.8214285714285714,10,4,14.4,2026-01-16,1,0,0,0,0,0,0,1,0,0,0,1,0,0,0,0,0,0,0,0,0,0,1,0,0,0,0,0,0,1,0,0,1,0,0,1,0,0
3,54.6,24.25,12.8,140.0,7.6,2.0,0.9285714285714286,10,4,14.4,2026-01-16,1,0,0,0,0,0,0,1,0,0,0,1,0,0,0,0,0,0,0,0,0,0,1,0,0,0,0,0,0,1,0,0,1,0,0,1,0,0
3,51.1,12.93,17.9,140.0,7.6,2.0,1.0,10,4,14.4,2026-01-16,1,0,0,0,0,0,0,1,0,0,0,1,0,0,0,0,0,0,0,0,0,0,1,0,0,0,0,0,0,1,0,0,1,0,1,0,0,0
0,55.5,175.75,-1.0,155.0,4.8,1.9,0.06451612903225806,10,4,16.5,2026-01-16,0,1,0,0,0,0,1,0,0,0,0,0,0,0,0,0,1,0,0,0,0,1,0,0,0,0,0,0,0,0,1,0,1,0,0,0,0,1
0,54.5,162.29,4.0,155.0,4.8,0.0,0.16129032258064516,10,4,16.5,2026-01-16,0,1,0,0,0,0,1,0,0,0,0,0,0,0,0,0,1,0,0,0,0,1,0,0,0,0,0,0,0,0,0,1,1,0,0,0,0,1
0,64.6,181.23,0.8,140.0,7.6,2.5,0.07142857142857142,8,4,14.4,2026-01-16,1,0,0,0,0,0,0,1,0,0,0,0,0,0,0,0,0,0,1,0,0,0,0,0,0,1,0,0,0,0,0,1,1,0,0,0,0,1
2,72.4,36.73,0.1,205.0,6.2,2.0,0.8536585365853658,15,4,3.0,2026-01-16,0,0,1,0,0,0,0,0,1,0,0,0,0,0,1,0,0,0,0,0,0,0,0,0,0,0,0,1,0,0,0,1,1,0,0,1,0,0
0,66.6,140.6,3.8,155.0,4.8,0.0,0.25806451612903225,11,4,16.5,2026-01-16,0,1,0,0,0,0,1,0,0,0,0,0,0,0,0,0,1,0,0,0,0,1,0,0,0,0,0,0,0,0,1,0,1,0,0,0,1,0
2,68.6,73.57,3.0,205.0,6.2,2.8,0.7073170731707317,14,4,3.0,2026-01-16,0,0,1,0,0,0,0,0,1,0,0,0,0,0,1,0,0,0,0,0,0,0,0,0,0,0,0,1,0,0,1,0,0,1,0,0,1,0
1,76.8,138.8,1.9,205.0,6.2,2.0,0.4634146341463415,14,4,3.0,2026-01-16,0,0,1,0,0,0,0,0,1,1,0,0,0,0,0,0,0,0,0,0,0,0,0,0,0,0,1,0,0,1,0,0,1,0,0,1,0,0
1,72.1,159.96,1.7,205.0,6.2,2.0,0.3902439024390244,13,4,3.0,2026-01-16,0,0,1,0,0,0,0,0,1,1,0,0,0,0,0,0,0,0,0,0,0,0,0,0,0,0,1,0,0,1,0,0,0,1,0,1,0,0
0,76.0,214.33,1.7,205.0,6.2,0.0,0.1951219512195122,13,4,3.0,2026-01-16,0,0,1,0,0,0,0,0,1,0,0,0,0,0,0,0,0,1,0,0,0,0,0,0,0,0,0,0,1,1,0,0,1,0,0,0,1,0
0,90.7,227.21,-1.0,205.0,6.2,0.0,0.12195121951219512,12,4,3.0,2026-01-16,0,0,1,0,0,0,0,0,1,0,0,0,0,0,0,0,0,1,0,0,0,0,0,0,0,0,0,0,1,0,0,1,0,1,0,0,1,0
1,66.6,178.9,0.5,205.0,6.2,3.7,0.3170731707317073,13,4,3.0,2026-01-16,0,0,1,0,0,0,0,0,1,1,0,0,0,0,0,0,0,0,0,0,0,0,0,0,0,0,1,0,0,0,0,1,1,0,0,0,1,0
2,53.0,33.67,11.6,155.0,4.8,2.0,0.8903225806451613,12,4,16.5,2026-01-16,0,1,0,0,0,0,1,0,0,0,0,0,0,1,0,0,0,0,0,0,1,0,0,0,0,0,0,0,0,0,0,1,1,0,0,0,0,1
2,63.2,42.67,12.7,155.0,4.8,2.0,0.7935483870967742,12,4,16.5,2026-01-16,0,1,0,0,0,0,1,0,0,0,0,0,0,1,0,0,0,0,0,0,1,0,0,0,0,0,0,0,0,0,1,0,0,1,0,1,0,0
2,53.9,60.02,11.4,155.0,4.8,5.3,0.6967741935483871,12,4,16.5,2026-01-16,0,1,0,0,0,0,1,0,0,0,0,0,0,1,0,0,0,0,0,0,1,0,0,0,0,0,0,0,0,1,0,0,1,0,1,0,0,0
1,59.6,93.27,5.9,155.0,4.8,2.0,0.5290322580645161,11,4,16.5,2026-01-16,0,1,0,0,0,0,1,0,0,0,1,0,0,0,0,0,0,0,0,1,0,0,0,0,0,0,0,0,0,0,0,1,1,0,0,1,0,0
1,81.8,98.92,4.8,155.0,4.8,2.0,0.432258064516129,11,4,16.5,2026-01-16,0,1,0,0,0,0,1,0,0,0,1,0,0,0,0,0,0,0,0,1,0,0,0,0,0,0,0,0,0,1,0,0,1,0,0,1,0,0
0,58.5,255.25,0.7,205.0,6.2,3.9,0.04878048780487805,12,4,3.0,2026-01-16,0,0,1,0,0,0,0,0,1,0,0,0,0,0,0,0,0,1,0,0,0,0,0,0,0,0,0,0,1,0,0,1,1,0,0,1,0,0
3,72.1,16.96,2.7,140.0,3.2,2.0,0.9285714285714286,17,5,4.1,2026-01-17,0,0,0,1,0,0,0,1,0,0,0,1,0,0,0,0,0,0,0,0,0,0,1,0,0,0,0,0,0,0,0,1,1,0,0,1,0,0
0,70.0,155.83,1.9,155.0,0.0,0.0,0.16129032258064516,6,5,14.5,2026-01-17,0,0,0,0,1,0,1,0,0,0,0,0,0,0,0,0,1,0,0,0,0,1,0,0,0,0,0,0,0,1,0,0,1,0,0,0,1,0
0,78.7,171.88,2.4,155.0,0.0,0.7,0.06451612903225806,5,5,14.5,2026-01-17,0,0,0,0,1,0,1,0,0,0,0,0,0,0,0,0,1,0,0,0,0,1,0,0,0,0,0,0,0,0,1,0,1,0,0,1,0,0
3,57.5,8.67,4.6,140.0,3.2,2.0,1.0,18,5,4.1,2026-01-17,0,0,0,1,0,0,0,1,0,0,0,1,0,0,0,0,0,0,0,0,0,0,1,0,0,0,0,0,0,1,0,0,1,0,0,1,0,0
3,79.2,33.8,2.3,140.0,3.2,4.2,0.8214285714285714,17,5,4.1,2026-01-17,0,0,0,1,0,0,0,1,0,0,0,1,0,0,0,0,0,0,0,0,0,0,1,0,0,0,0,0,0,0,1,0,1,0,0,0,0,1
1,71.1,116.15,-2.2,140.0,3.2,4.4,0.32142857142857145,16,5,4.1,2026-01-17,0,0,0,1,0,0,0,1,0,0,0,0,0,0,0,1,0,0,0,0,0,0,0,0,1,0,0,0,0,0,0,1,1,0,0,0,0,1
2,78.3,54.38,5.5,140.0,3.2,2.0,0.6785714285714286,17,5,4.1,2026-01-17,0,0,0,1,0,0,0,1,0,0,0,0,1,0,0,0,0,0,0,0,0,0,0,1,0,0,0,0,0,0,0,1,1,0,0,1,0,0
2,66.2,75.97,1.6,140.0,3.2,3.6,0.5714285714285714,16,5,4.1,2026-01-17,0,0,0,1,0,0,0,1,0,0,0,0,1,0,0,0,0,0,0,0,0,0,0,1,0,0,0,0,0,1,0,0,1,0,0,0,0,1
1,62.4,86.4,6.1,140.0,3.2,2.0,0.5357142857142857,16,5,4.1,2026-01-17,0,0,0,1,0,0,0,1,0,0,0,0,0,0,0,1,0,0,0,0,0,0,0,0,1,0,0,0,0,0,1,0,0,1,1,0,0,0
1,62.2,102.08,3.5,140.0,3.2,2.0,0.42857142857142855,16,5,4.1,2026-01-17,0,0,0,1,0,0,0,1,0,0,0,0,0,0,0,1,0,0,0,0,0,0,0,0,1,0,0,0,0,0,0,1,0,1,0,0,1,0
0,55.2,148.2,3.2,155.0,0.0,0.0,0.25806451612903225,6,5,14.5,2026-01-17,0,0,0,0,1,0,1,0,0,0,0,0,0,0,0,0,1,0,0,0,0,1,0,0,0,0,0,0,0,0,0,1,0,1,1,0,0,0
2,68.2,41.53,1.4,140.0,3.2,2.0,0.7857142857142857,17,5,4.1,2026-01-17,0,0,0,1,0,0,0,1,0,0,0,0,1,0,0,0,0,0,0,0,0,0,0,1,0,0,0,0,0,1,0,0,0,1,0,0,0,1
1,68.5,121.58,7.6,155.0,0.0,4.7,0.33548387096774196,6,5,14.5,2026-01-17,0,0,0,0,1,0,1,0,0,0,1,0,0,0,0,0,0,0,0,1,0,0,0,0,0,0,0,0,0,1,0,0,0,1,0,0,1,0
0,69.1,236.21,1.7,205.0,5.3,0.0,0.12195121951219512,7,5,13.9,2026-01-17,0,0,0,0,0,1,0,0,1,0,0,0,0,0,0,0,0,1,0,0,0,0,0,0,0,0,0,0,1,1,0,0,1,0,0,1,0,0
1,46.2,102.2,8.7,155.0,0.0,2.0,0.5290322580645161,7,5,14.5,2026-01-17,0,0,0,0,1,0,1,0,0,0,1,0,0,0,0,0,0,0,0,1,0,0,0,0,0,0,0,0,0,1,0,0,1,0,0,1,0,0
2,55.2,59.8,11.6,155.0,0.0,4.5,0.6967741935483871,7,5,14.5,2026-01-17,0,0,0,0,1,0,1,0,0,0,0,0,0,1,0,0,0,0,0,0,1,0,0,0,0,0,0,0,0,0,0,1,1,0,0,0,0,1
2,56.8,45.33,9.7,155.0,0.0,2.0,0.7935483870967742,7,5,14.5,2026-01-17,0,0,0,0,1,0,1,0,0,0,0,0,0,1,0,0,0,0,0,0,1,0,0,0,0,0,0,0,0,0,0,1,1,0,1,0,0,0
2,59.3,29.47,13.9,155.0,0.0,2.0,0.8903225806451613,8,5,14.5,2026-01-17,0,0,0,0,1,0,1,0,0,0,0,0,0,1,0,0,0,0,0,0,1,0,0,0,0,0,0,0,0,0,1,0,0,1,0,1,0,0
0,80.1,251.65,-3.0,205.0,5.3,2.8,0.04878048780487805,7,5,13.9,2026-01-17,0,0,0,0,0,1,0,0,1,0,0,0,0,0,0,0,0,1,0,0,0,0,0,0,0,0,0,0,1,1,0,0,0,1,0,0,0,1
0,53.4,229.4,3.3,205.0,5.3,0.0,0.1951219512195122,8,5,13.9,2026-01-17,0,0,0,0,0,1,0,0,1,0,0,0,0,0,0,0,0,1,0,0,0,0,0,0,0,0,0,0,1,1,0,0,1,0,1,0,0,0
1,56.4,180.6,3.6,205.0,5.3,5.1,0.3170731707317073,8,5,13.9,2026-01-17,0,0,0,0,0,1,0,0,1,1,0,0,0,0,0,0,0,0,0,0,0,0,0,0,0,0,1,0,0,1,0,0,0,1,0,1,0,0
1,67.6,161.83,8.2,205.0,5.3,2.0,0.3902439024390244,8,5,13.9,2026-01-17,0,0,0,0,0,1,0,0,1,1,0,0,0,0,0,0,0,0,0,0,0,0,0,0,0,0,1,0,0,0,0,1,1,0,1,0,0,0
1,46.8,158.8,4.4,205.0,5.3,2.0,0.4634146341463415,8,5,13.9,2026-01-17,0,0,0,0,0,1,0,0,1,1,0,0,0,0,0,0,0,0,0,0,0,0,0,0,0,0,1,0,0,1,0,0,1,0,0,0,1,0
2,54.1,75.98,10.0,205.0,5.3,4.4,0.7073170731707317,9,5,13.9,2026-01-17,0,0,0,0,0,1,0,0,1,0,0,0,0,0,1,0,0,0,0,0,0,0,0,0,0,0,0,1,0,1,0,0,1,0,0,1,0,0
2,70.9,55.46,9.4,205.0,5.3,2.0,0.7804878048780488,10,5,13.9,2026-01-17,0,0,0,0,0,1,0,0,1,0,0,0,0,0,1,0,0,0,0,0,0,0,0,0,0,0,0,1,0,1,0,0,0,1,0,1,0,0
2,62.6,43.27,12.1,205.0,5.3,2.0,0.8536585365853658,10,5,13.9,2026-01-17,0,0,0,0,0,1,0,0,1,0,0,0,0,0,1,0,0,0,0,0,0,0,0,0,0,0,0,1,0,0,1,0,0,1,0,0,0,1
0,66.1,147.93,-0.2,140.0,3.2,0.0,0.2857142857142857,16,5,4.1,2026-01-17,0,0,0,1,0,0,0,1,0,0,0,0,0,0,0,0,0,0,1,0,0,0,0,0,0,1,0,0,0,1,0,0,1,0,1,0,0,0
1,72.3,102.88,5.7,155.0,0.0,2.0,0.432258064516129,6,5,14.5,2026-01-17,0,0,0,0,1,0,1,0,0,0,1,0,0,0,0,0,0,0,0,1,0,0,0,0,0,0,0,0,0,1,0,0,0,1,0,1,0,0
0,63.4,165.58,-2.0,140.0,3.2,0.0,0.17857142857142858,16,5,4.1,2026-01-17,0,0,0,1,0,0,0,1,0,0,0,0,0,0,0,0,0,0,1,0,0,0,0,0,0,1,0,0,0,0,1,0,1,0,0,1,0,0
0,67.2,180.8,0.2,140.0,3.2,2.6,0.07142857142857142,15,5,4.1,2026-01-17,0,0,0,1,0,0,0,1,0,0,0,0,0,0,0,0,0,0,1,0,0,0,0,0,0,1,0,0,0,1,0,0,0,1,0,0,0,1
0,47.8,184.03,4.2,140.0,3.9,3.1,0.07142857142857142,9,5,5.0,2026-01-17,1,0,0,0,0,0,0,1,0,0,0,0,0,0,0,0,0,0,1,0,0,0,0,0,0,1,0,0,0,1,0,0,0,1,0,0,0,1
2,72.9,36.4,5.2,205.0,6.3,2.0,0.8536585365853658,16,5,3.9,2026-01-17,0,0,1,0,0,0,0,0,1,0,0,0,0,0,1,0,0,0,0,0,0,0,0,0,0,0,0,1,0,0,0,1,0,1,0,1,0,0
0,71.8,162.08,2.3,140.0,3.9,0.0,0.17857142857142858,9,5,5.0,2026-01-17,1,0,0,0,0,0,0,1,0,0,0,0,0,0,0,0,0,0,1,0,0,0,0,0,0,1,0,0,0,0,0,1,0,1,0,1,0,0
0,55.8,154.8,5.3,140.0,3.9,0.0,0.2857142857142857,9,5,5.0,2026-01-17,1,0,0,0,0,0,0,1,0,0,0,0,0,0,0,0,0,0,1,0,0,0,0,0,0,1,0,0,0,1,0,0,1,0,0,1,0,0
1,58.8,118.2,-0.1,140.0,3.9,2.7,0.32142857142857145,10,5,5.0,2026-01-17,1,0,0,0,0,0,0,1,0,0,0,0,0,0,0,1,0,0,0,0,0,0,0,0,1,0,0,0,0,1,0,0,0,1,1,0,0,0
1,63.8,101.42,0.9,140.0,3.9,2.0,0.42857142857142855,10,5,5.0,2026-01-17,1,0,0,0,0,0,0,1,0,0,0,0,0,0,0,1,0,0,0,0,0,0,0,0,1,0,0,0,0,0,0,1,1,0,0,0,1,0
1,74.8,78.13,1.5,140.0,3.9,2.0,0.5357142857142857,10,5,5.0,2026-01-17,1,0,0,0,0,0,0,1,0,0,0,0,0,0,0,1,0,0,0,0,0,0,0,0,1,0,0,0,0,1,0,0,0,1,1,0,0,0
2,68.4,75.6,5.1,140.0,3.9,5.2,0.5714285714285714,10,5,5.0,2026-01-17,1,0,0,0,0,0,0,1,0,0,0,0,1,0,0,0,0,0,0,0,0,0,0,1,0,0,0,0,0,1,0,0,1,0,0,0,0,1
2,52.3,65.21,5.3,140.0,3.9,2.0,0.6785714285714286,10,5,5.0,2026-01-17,1,0,0,0,0,0,0,1,0,0,0,0,1,0,0,0,0,0,0,0,0,0,0,1,0,0,0,0,0,0,0,1,1,0,0,0,0,1
3,70.1,35.32,8.2,140.0,3.9,4.8,0.8214285714285714,11,5,5.0,2026-01-17,1,0,0,0,0,0,0,1,0,0,0,1,0,0,0,0,0,0,0,0,0,0,1,0,0,0,0,0,0,1,0,0,1,0,1,0,0,0
3,60.4,21.83,6.9,140.0,3.9,2.0,0.9285714285714286,11,5,5.0,2026-01-17,1,0,0,0,0,0,0,1,0,0,0,1,0,0,0,0,0,0,0,0,0,0,1,0,0,0,0,0,0,0,0,1,0,1,0,0,0,1
3,67.7,1.87,9.7,140.0,3.9,2.0,1.0,11,5,5.0,2026-01-17,1,0,0,0,0,0,0,1,0,0,0,1,0,0,0,0,0,0,0,0,0,0,1,0,0,0,0,0,0,0,0,1,1,0,1,0,0,0
0,63.3,174.45,-3.0,155.0,14.5,1.9,0.06451612903225806,11,5,16.1,2026-01-17,0,1,0,0,0,0,1,0,0,0,0,0,0,0,0,0,1,0,0,0,0,1,0,0,0,0,0,0,0,0,1,0,0,1,0,0,0,1
0,78.5,152.29,-1.5,155.0,14.5,0.0,0.16129032258064516,11,5,16.1,2026-01-17,0,1,0,0,0,0,1,0,0,0,0,0,0,0,0,0,1,0,0,0,0,1,0,0,0,0,0,0,0,0,1,0,0,1,0,0,1,0
0,62.3,143.47,6.6,155.0,14.5,0.0,0.25806451612903225,12,5,16.1,2026-01-17,0,1,0,0,0,0,1,0,0,0,0,0,0,0,0,0,1,0,0,0,0,1,0,0,0,0,0,0,0,1,0,0,1,0,0,0,1,0
2,60.4,46.73,6.9,140.0,3.9,2.0,0.7857142857142857,11,5,5.0,2026-01-17,1,0,0,0,0,0,0,1,0,0,0,0,1,0,0,0,0,0,0,0,0,0,0,1,0,0,0,0,0,0,1,0,1,0,0,0,0,1
1,51.0,111.75,11.9,155.0,14.5,2.0,0.432258064516129,12,5,16.1,2026-01-17,0,1,0,0,0,0,1,0,0,0,1,0,0,0,0,0,0,0,0,1,0,0,0,0,0,0,0,0,0,0,1,0,1,0,0,1,0,0
1,76.1,120.32,6.1,155.0,14.5,3.5,0.33548387096774196,12,5,16.1,2026-01-17,0,1,0,0,0,0,1,0,0,0,1,0,0,0,0,0,0,0,0,1,0,0,0,0,0,0,0,0,0,1,0,0,1,0,0,0,1,0
2,60.0,75.0,4.6,205.0,6.3,4.9,0.7073170731707317,15,5,3.9,2026-01-17,0,0,1,0,0,0,0,0,1,0,0,0,0,0,1,0,0,0,0,0,0,0,0,0,0,0,0,1,0,0,1,0,0,1,1,0,0,0
1,74.3,140.47,0.6,205.0,6.3,2.0,0.4634146341463415,15,5,3.9,2026-01-17,0,0,1,0,0,0,0,0,1,1,0,0,0,0,0,0,0,0,0,0,0,0,0,0,0,0,1,0,0,1,0,0,1,0,0,1,0,0
1,61.3,164.46,-0.2,205.0,6.3,2.0,0.3902439024390244,14,5,3.9,2026-01-17,0,0,1,0,0,0,0,0,1,1,0,0,0,0,0,0,0,0,0,0,0,0,0,0,0,0,1,0,0,1,0,0,1,0,0,0,1,0
1,43.2,182.8,2.7,205.0,6.3,4.6,0.3170731707317073,14,5,3.9,2026-01-17,0,0,1,0,0,0,0,0,1,1,0,0,0,0,0,0,0,0,0,0,0,0,0,0,0,0,1,0,0,0,0,1,0,1,0,0,0,1
0,68.5,219.33,1.1,205.0,6.3,0.0,0.1951219512195122,14,5,3.9,2026-01-17,0,0,1,0,0,0,0,0,1,0,0,0,0,0,0,0,0,1,0,0,0,0,0,0,0,0,0,0,1,1,0,0,1,0,0,0,0,1
2,55.0,62.08,0.4,205.0,6.3,2.0,0.7804878048780488,16,5,3.9,2026-01-17,0,0,1,0,0,0,0,0,1,0,0,0,0,0,1,0,0,0,0,0,0,0,0,0,0,0,0,1,0,1,0,0,1,0,0,1,0,0
0,84.2,250.97,2.7,205.0,6.3,3.4,0.04878048780487805,13,5,3.9,2026-01-17,0,0,1,0,0,0,0,0,1,0,0,0,0,0,0,0,0,1,0,0,0,0,0,0,0,0,0,0,1,1,0,0,0,1,0,1,0,0
2,67.8,23.8,14.8,155.0,14.5,2.0,0.8903225806451613,13,5,16.1,2026-01-17,0,1,0,0,0,0,1,0,0,0,0,0,0,1,0,0,0,0,0,0,1,0,0,0,0,0,0,0,0,0,0,1,1,0,0,1,0,0
2,71.5,39.21,12.9,155.0,14.5,2.0,0.7935483870967742,13,5,16.1,2026-01-17,0,1,0,0,0,0,1,0,0,0,0,0,0,1,0,0,0,0,0,0,1,0,0,0,0,0,0,0,0,1,0,0,1,0,0,1,0,0
2,64.8,58.2,8.5,155.0,14.5,4.9,0.6967741935483871,13,5,16.1,2026-01-17,0,1,0,0,0,0,1,0,0,0,0,0,0,1,0,0,0,0,0,0,1,0,0,0,0,0,0,0,0,1,0,0,0,1,0,1,0,0
1,71.4,85.4,6.8,155.0,14.5,2.0,0.5290322580645161,12,5,16.1,2026-01-17,0,1,0,0,0,0,1,0,0,0,1,0,0,0,0,0,0,0,0,1,0,0,0,0,0,0,0,0,0,0,0,1,1,0,0,1,0,0
0,68.4,236.5,-0.1,205.0,6.3,0.0,0.12195121951219512,13,5,3.9,2026-01-17,0,0,1,0,0,0,0,0,1,0,0,0,0,0,0,0,0,1,0,0,0,0,0,0,0,0,0,0,1,0,1,0,1,0,0,0,1,0
0,68.7,156.38,-0.1,155.0,1.0,0.0,0.16129032258064516,7,6,1.2,2026-01-18,0,0,0,0,1,0,1,0,0,0,0,0,0,0,0,0,1,0,0,0,0,1,0,0,0,0,0,0,0,0,0,1,1,0,0,0,0,1
0,69.5,173.42,-0.8,155.0,1.0,2.9,0.06451612903225806,6,6,1.2,2026-01-18,0,0,0,0,1,0,1,0,0,0,0,0,0,0,0,0,1,0,0,0,0,1,0,0,0,0,0,0,0,1,0,0,1,0,0,1,0,0
3,65.7,3.2,2.8,140.0,2.8,2.0,1.0,19,6,2.6,2026-01-18,0,0,0,1,0,0,0,1,0,0,0,1,0,0,0,0,0,0,0,0,0,0,1,0,0,0,0,0,0,0,0,1,1,0,0,0,0,1
3,66.1,19.46,0.6,140.0,2.8,2.0,0.9285714285714286,18,6,2.6,2026-01-18,0,0,0,1,0,0,0,1,0,0,0,1,0,0,0,0,0,0,0,0,0,0,1,0,0,0,0,0,0,0,1,0,1,0,0,1,0,0
3,68.0,35.67,0.6,140.0,2.8,4.5,0.8214285714285714,18,6,2.6,2026-01-18,0,0,0,1,0,0,0,1,0,0,0,1,0,0,0,0,0,0,0,0,0,0,1,0,0,0,0,0,0,0,0,1,0,1,0,0,0,1
2,70.9,39.73,1.2,140.0,2.8,2.0,0.7857142857142857,18,6,2.6,2026-01-18,0,0,0,1,0,0,0,1,0,0,0,0,1,0,0,0,0,0,0,0,0,0,0,1,0,0,0,0,0,0,0,1,1,0,1,0,0,0
1,79.3,75.13,1.0,140.0,2.8,2.0,0.5357142857142857,17,6,2.6,2026-01-18,0,0,0,1,0,0,0,1,0,0,0,0,0,0,0,1,0,0,0,0,0,0,0,0,1,0,0,0,0,1,0,0,0,1,1,0,0,0
2,73.3,74.78,3.7,140.0,2.8,5.5,0.5714285714285714,17,6,2.6,2026-01-18,0,0,0,1,0,0,0,1,0,0,0,0,1,0,0,0,0,0,0,0,0,0,0,1,0,0,0,0,0,1,0,0,0,1,0,0,0,1
1,77.2,95.83,3.1,140.0,2.8,2.0,0.42857142857142855,17,6,2.6,2026-01-18,0,0,0,1,0,0,0,1,0,0,0,0,0,0,0,1,0,0,0,0,0,0,0,0,1,0,0,0,0,0,1,0,1,0,1,0,0,0
1,68.0,116.67,-1.2,140.0,2.8,4.2,0.32142857142857145,17,6,2.6,2026-01-18,0,0,0,1,0,0,0,1,0,0,0,0,0,0,0,1,0,0,0,0,0,0,0,0,1,0,0,0,0,1,0,0,0,1,1,0,0,0
0,75.8,141.47,2.3,140.0,2.8,0.0,0.2857142857142857,17,6,2.6,2026-01-18,0,0,0,1,0,0,0,1,0,0,0,0,0,0,0,0,0,0,1,0,0,0,0,0,0,1,0,0,0,1,0,0,1,0,0,1,0,0
0,73.0,136.33,-3.0,155.0,1.0,0.0,0.25806451612903225,7,6,1.2,2026-01-18,0,0,0,0,1,0,1,0,0,0,0,0,0,0,0,0,1,0,0,0,0,1,0,0,0,0,0,0,0,1,0,0,1,0,0,0,1,0
2,56.5,63.46,4.8,140.0,2.8,2.0,0.6785714285714286,18,6,2.6,2026-01-18,0,0,0,1,0,0,0,1,0,0,0,0,1,0,0,0,0,0,0,0,0,0,0,1,0,0,0,0,0,0,1,0,0,1,0,0,0,1
1,66.6,121.9,2.2,155.0,1.0,4.1,0.33548387096774196,7,6,1.2,2026-01-18,0,0,0,0,1,0,1,0,0,0,1,0,0,0,0,0,0,0,0,1,0,0,0,0,0,0,0,0,0,1,0,0,1,0,0,0,1,0
0,76.8,160.0,-2.2,140.0,2.8,0.0,0.17857142857142858,17,6,2.6,2026-01-18,0,0,0,1,0,0,0,1,0,0,0,0,0,0,0,0,0,0,1,0,0,0,0,0,0,1,0,0,0,1,0,0,0,1,0,1,0,0
1,76.2,82.2,1.7,155.0,1.0,2.0,0.5290322580645161,8,6,1.2,2026-01-18,0,0,0,0,1,0,1,0,0,0,1,0,0,0,0,0,0,0,0,1,0,0,0,0,0,0,0,0,0,0,1,0,0,1,0,0,1,0
2,58.3,59.28,-0.7,155.0,1.0,5.1,0.6967741935483871,8,6,1.2,2026-01-18,0,0,0,0,1,0,1,0,0,0,0,0,0,1,0,0,0,0,0,0,1,0,0,0,0,0,0,0,0,0,0,1,1,0,0,0,1,0
2,76.4,37.17,2.4,155.0,1.0,2.0,0.7935483870967742,8,6,1.2,2026-01-18,0,0,0,0,1,0,1,0,0,0,0,0,0,1,0,0,0,0,0,0,1,0,0,0,0,0,0,0,0,0,0,1,0,1,0,0,1,0
2,77.6,17.27,-0.0,155.0,1.0,2.0,0.8903225806451613,9,6,1.2,2026-01-18,0,0,0,0,1,0,1,0,0,0,0,0,0,1,0,0,0,0,0,0,1,0,0,0,0,0,0,0,0,0,0,1,0,1,0,1,0,0
0,79.0,251.83,1.8,205.0,11.3,3.5,0.04878048780487805,8,6,18.6,2026-01-18,0,0,0,0,0,1,0,0,1,0,0,0,0,0,0,0,0,1,0,0,0,0,0,0,0,0,0,0,1,0,0,1,1,0,0,1,0,0
0,72.0,235.0,1.8,205.0,11.3,0.0,0.12195121951219512,8,6,18.6,2026-01-18,0,0,0,0,0,1,0,0,1,0,0,0,0,0,0,0,0,1,0,0,0,0,0,0,0,0,0,0,1,0,0,1,1,0,0,1,0,0
0,83.9,209.07,2.1,205.0,11.3,0.0,0.1951219512195122,9,6,18.6,2026-01-18,0,0,0,0,0,1,0,0,1,0,0,0,0,0,0,0,0,1,0,0,0,0,0,0,0,0,0,0,1,1,0,0,1,0,0,1,0,0
1,83.3,176.12,3.3,205.0,11.3,4.0,0.3170731707317073,9,6,18.6,2026-01-18,0,0,0,0,0,1,0,0,1,1,0,0,0,0,0,0,0,0,0,0,0,0,0,0,0,0,1,0,0,0,1,0,0,1,0,1,0,0
1,59.1,165.38,6.4,205.0,11.3,2.0,0.3902439024390244,9,6,18.6,2026-01-18,0,0,0,0,0,1,0,0,1,1,0,0,0,0,0,0,0,0,0,0,0,0,0,0,0,0,1,0,0,0,1,0,1,0,0,0,1,0
1,62.5,148.33,10.2,205.0,11.3,2.0,0.4634146341463415,9,6,18.6,2026-01-18,0,0,0,0,0,1,0,0,1,1,0,0,0,0,0,0,0,0,0,0,0,0,0,0,0,0,1,0,0,0,1,0,1,0,0,0,1,0
2,61.8,74.7,10.9,205.0,11.3,6.7,0.7073170731707317,10,6,18.6,2026-01-18,0,0,0,0,0,1,0,0,1,0,0,0,0,0,1,0,0,0,0,0,0,0,0,0,0,0,0,1,0,1,0,0,1,0,1,0,0,0
2,51.6,63.5,17.6,205.0,11.3,2.0,0.7804878048780488,11,6,18.6,2026-01-18,0,0,0,0,0,1,0,0,1,0,0,0,0,0,1,0,0,0,0,0,0,0,0,0,0,0,0,1,0,1,0,0,1,0,0,0,0,1
2,67.3,40.13,12.8,205.0,11.3,2.0,0.8536585365853658,11,6,18.6,2026-01-18,0,0,0,0,0,1,0,0,1,0,0,0,0,0,1,0,0,0,0,0,0,0,0,0,0,0,0,1,0,0,0,1,1,0,0,0,0,1
1,72.2,102.92,0.9,155.0,1.0,2.0,0.432258064516129,7,6,1.2,2026-01-18,0,0,0,0,1,0,1,0,0,0,1,0,0,0,0,0,0,0,0,1,0,0,0,0,0,0,0,0,0,0,0,1,1,0,0,0,0,1
0,55.7,182.72,3.3,140.0,2.8,3.6,0.07142857142857142,16,6,2.6,2026-01-18,0,0,0,1,0,0,0,1,0,0,0,0,0,0,0,0,0,0,1,0,0,0,0,0,0,1,0,0,0,0,1,0,0,1,0,0,0,1
2,69.9,38.4,10.9,205.0,7.5,2.0,0.8536585365853658,17,6,15.5,2026-01-18,0,0,1,0,0,0,0,0,1,0,0,0,0,0,1,0,0,0,0,0,0,0,0,0,0,0,0,1,0,1,0,0,1,0,0,0,0,1
2,49.7,64.29,10.6,205.0,7.5,2.0,0.7804878048780488,17,6,15.5,2026-01-18,0,0,1,0,0,0,0,0,1,0,0,0,0,0,1,0,0,0,0,0,0,0,0,0,0,0,0,1,0,1,0,0,0,1,0,0,0,1
0,78.6,178.9,0.6,140.0,6.9,1.8,0.07142857142857142,10,6,1.9,2026-01-18,1,0,0,0,0,0,0,1,0,0,0,0,0,0,0,0,0,0,1,0,0,0,0,0,0,1,0,0,0,0,1,0,1,0,0,1,0,0
0,59.2,167.33,2.4,140.0,6.9,0.0,0.17857142857142858,10,6,1.9,2026-01-18,1,0,0,0,0,0,0,1,0,0,0,0,0,0,0,0,0,0,1,0,0,0,0,0,0,1,0,0,0,0,1,0,1,0,0,0,0,1
0,66.3,147.8,0.3,140.0,6.9,0.0,0.2857142857142857,10,6,1.9,2026-01-18,1,0,0,0,0,0,0,1,0,0,0,0,0,0,0,0,0,0,1,0,0,0,0,0,0,1,0,0,0,1,0,0,1,0,0,0,1,0
1,67.8,116.7,3.4,140.0,6.9,3.4,0.32142857142857145,11,6,1.9,2026-01-18,1,0,0,0,0,0,0,1,0,0,0,0,0,0,0,1,0,0,0,0,0,0,0,0,1,0,0,0,0,0,1,0,1,0,1,0,0,0
1,48.6,107.75,0.1,140.0,6.9,2.0,0.42857142857142855,11,6,1.9,2026-01-18,1,0,0,0,0,0,0,1,0,0,0,0,0,0,0,1,0,0,0,0,0,0,0,0,1,0,0,0,0,1,0,0,0,1,0,1,0,0
1,51.7,93.53,0.4,140.0,6.9,2.0,0.5357142857142857,11,6,1.9,2026-01-18,1,0,0,0,0,0,0,1,0,0,0,0,0,0,0,1,0,0,0,0,0,0,0,0,1,0,0,0,0,0,1,0,1,0,0,1,0,0
2,54.5,77.92,3.4,140.0,6.9,4.1,0.5714285714285714,11,6,1.9,2026-01-18,1,0,0,0,0,0,0,1,0,0,0,0,1,0,0,0,0,0,0,0,0,0,0,1,0,0,0,0,0,1,0,0,1,0,0,0,0,1
2,50.6,53.27,4.6,140.0,6.9,2.0,0.7857142857142857,12,6,1.9,2026-01-18,1,0,0,0,0,0,0,1,0,0,0,0,1,0,0,0,0,0,0,0,0,0,0,1,0,0,0,0,0,0,0,1,1,0,0,1,0,0
3,77.7,34.05,3.1,140.0,6.9,6.8,0.8214285714285714,12,6,1.9,2026-01-18,1,0,0,0,0,0,0,1,0,0,0,1,0,0,0,0,0,0,0,0,0,0,1,0,0,0,0,0,0,0,0,1,0,1,0,0,1,0
3,62.8,20.83,2.1,140.0,6.9,2.0,0.9285714285714286,12,6,1.9,2026-01-18,1,0,0,0,0,0,0,1,0,0,0,1,0,0,0,0,0,0,0,0,0,0,1,0,0,0,0,0,0,0,0,1,1,0,0,1,0,0
3,70.7,1.0,-0.1,140.0,6.9,2.0,1.0,12,6,1.9,2026-01-18,1,0,0,0,0,0,0,1,0,0,0,1,0,0,0,0,0,0,0,0,0,0,1,0,0,0,0,0,0,0,0,1,0,1,1,0,0,0
0,55.6,175.73,1.5,155.0,4.8,3.1,0.06451612903225806,12,6,15.9,2026-01-18,0,1,0,0,0,0,1,0,0,0,0,0,0,0,0,0,1,0,0,0,0,1,0,0,0,0,0,0,0,0,1,0,1,0,0,0,1,0
0,52.6,163.08,3.5,155.0,4.8,0.0,0.16129032258064516,12,6,15.9,2026-01-18,0,1,0,0,0,0,1,0,0,0,0,0,0,0,0,0,1,0,0,0,0,1,0,0,0,0,0,0,0,1,0,0,1,0,1,0,0,0
2,69.2,58.17,-0.4,140.0,6.9,2.0,0.6785714285714286,11,6,1.9,2026-01-18,1,0,0,0,0,0,0,1,0,0,0,0,1,0,0,0,0,0,0,0,0,0,0,1,0,0,0,0,0,1,0,0,0,1,0,0,0,1
1,69.2,121.47,4.6,155.0,4.8,4.0,0.33548387096774196,13,6,15.9,2026-01-18,0,1,0,0,0,0,1,0,0,0,1,0,0,0,0,0,0,0,0,1,0,0,0,0,0,0,0,0,0,1,0,0,0,1,0,1,0,0
0,44.1,155.6,6.0,155.0,4.8,0.0,0.25806451612903225,13,6,15.9,2026-01-18,0,1,0,0,0,0,1,0,0,0,0,0,0,0,0,0,1,0,0,0,0,1,0,0,0,0,0,0,0,0,1,0,0,1,0,0,0,1
1,76.9,138.73,5.1,205.0,7.5,2.0,0.4634146341463415,16,6,15.5,2026-01-18,0,0,1,0,0,0,0,0,1,1,0,0,0,0,0,0,0,0,0,0,0,0,0,0,0,0,1,0,0,1,0,0,1,0,0,0,0,1
1,55.3,166.96,8.3,205.0,7.5,2.0,0.3902439024390244,15,6,15.5,2026-01-18,0,0,1,0,0,0,0,0,1,1,0,0,0,0,0,0,0,0,0,0,0,0,0,0,0,0,1,0,0,0,1,0,1,0,0,0,1,0
1,57.1,180.48,4.3,205.0,7.5,5.3,0.3170731707317073,15,6,15.5,2026-01-18,0,0,1,0,0,0,0,0,1,1,0,0,0,0,0,0,0,0,0,0,0,0,0,0,0,0,1,0,0,1,0,0,1,0,0,1,0,0
0,56.0,227.67,7.8,205.0,7.5,0.0,0.1951219512195122,15,6,15.5,2026-01-18,0,0,1,0,0,0,0,0,1,0,0,0,0,0,0,0,0,1,0,0,0,0,0,0,0,0,0,0,1,1,0,0,1,0,0,1,0,0
0,60.5,239.79,3.3,205.0,7.5,0.0,0.12195121951219512,14,6,15.5,2026-01-18,0,0,1,0,0,0,0,0,1,0,0,0,0,0,0,0,0,1,0,0,0,0,0,0,0,0,0,0,1,0,1,0,0,1,0,0,0,1
2,70.3,73.28,10.0,205.0,7.5,3.3,0.7073170731707317,16,6,15.5,2026-01-18,0,0,1,0,0,0,0,0,1,0,0,0,0,0,1,0,0,0,0,0,0,0,0,0,0,0,0,1,0,1,0,0,1,0,0,0,1,0
2,54.5,32.67,14.6,155.0,4.8,2.0,0.8903225806451613,14,6,15.9,2026-01-18,0,1,0,0,0,0,1,0,0,0,0,0,0,1,0,0,0,0,0,0,1,0,0,0,0,0,0,0,0,1,0,0,0,1,0,1,0,0
2,62.7,42.88,11.5,155.0,4.8,2.0,0.7935483870967742,14,6,15.9,2026-01-18,0,1,0,0,0,0,1,0,0,0,0,0,0,1,0,0,0,0,0,0,1,0,0,0,0,0,0,0,0,0,0,1,0,1,0,1,0,0
2,61.2,58.8,9.6,155.0,4.8,4.5,0.6967741935483871,14,6,15.9,2026-01-18,0,1,0,0,0,0,1,0,0,0,0,0,0,1,0,0,0,0,0,0,1,0,0,0,0,0,0,0,0,0,0,1,1,0,0,0,0,1
1,56.6,95.27,10.5,155.0,4.8,2.0,0.5290322580645161,13,6,15.9,2026-01-18,0,1,0,0,0,0,1,0,0,0,1,0,0,0,0,0,0,0,0,1,0,0,0,0,0,0,0,0,0,0,1,0,0,1,0,0,0,1
1,61.9,107.21,6.7,155.0,4.8,2.0,0.432258064516129,13,6,15.9,2026-01-18,0,1,0,0,0,0,1,0,0,0,1,0,0,0,0,0,0,0,0,1,0,0,0,0,0,0,0,0,0,1,0,0,1,0,0,1,0,0
0,77.1,252.15,-2.0,205.0,7.5,2.8,0.04878048780487805,14,6,15.5,2026-01-18,0,0,1,0,0,0,0,0,1,0,0,0,0,0,0,0,0,1,0,0,0,0,0,0,0,0,0,0,1,0,0,1,1,0,0,1,0,0
0,60.4,144.73,-0.9,155.0,6.2,0.0,0.25806451612903225,8,0,3.8,2026-01-19,0,0,0,0,1,0,1,0,0,0,0,0,0,0,0,0,1,0,0,0,0,1,0,0,0,0,0,0,0,0,1,0,1,0,0,1,0,0
0,70.4,155.67,1.8,155.0,6.2,0.0,0.16129032258064516,8,0,3.8,2026-01-19,0,0,0,0,1,0,1,0,0,0,0,0,0,0,0,0,1,0,0,0,0,1,0,0,0,0,0,0,0,0,0,1,0,1,0,1,0,0
0,73.1,172.82,0.4,155.0,6.2,2.6,0.06451612903225806,7,0,3.8,2026-01-19,0,0,0,0,1,0,1,0,0,0,0,0,0,0,0,0,1,0,0,0,0,1,0,0,0,0,0,0,0,1,0,0,1,0,0,1,0,0
3,56.1,9.6,11.8,140.0,5.0,2.0,1.0,8,0,8.8,2026-01-19,0,0,0,1,0,0,0,1,0,0,0,1,0,0,0,0,0,0,0,0,0,0,1,0,0,0,0,0,0,1,0,0,1,0,0,0,0,1
3,53.5,24.71,8.0,140.0,5.0,2.0,0.9285714285714286,7,0,8.8,2026-01-19,0,0,0,1,0,0,0,1,0,0,0,1,0,0,0,0,0,0,0,0,0,0,1,0,0,0,0,0,0,0,0,1,1,0,1,0,0,0
3,72.9,34.85,7.6,140.0,5.0,4.5,0.8214285714285714,7,0,8.8,2026-01-19,0,0,0,1,0,0,0,1,0,0,0,1,0,0,0,0,0,0,0,0,0,0,1,0,0,0,0,0,0,0,0,1,1,0,0,0,1,0
1,70.4,81.07,5.4,140.0,5.0,2.0,0.5357142857142857,6,0,8.8,2026-01-19,0,0,0,1,0,0,0,1,0,0,0,0,0,0,0,1,0,0,0,0,0,0,0,0,1,0,0,0,0,1,0,0,0,1,0,0,1,0
2,66.1,59.46,4.6,140.0,5.0,2.0,0.6785714285714286,7,0,8.8,2026-01-19,0,0,0,1,0,0,0,1,0,0,0,0,1,0,0,0,0,0,0,0,0,0,0,1,0,0,0,0,0,0,1,0,1,0,0,1,0,0
2,74.6,74.57,6.0,140.0,5.0,5.6,0.5714285714285714,6,0,8.8,2026-01-19,0,0,0,1,0,0,0,1,0,0,0,0,1,0,0,0,0,0,0,0,0,0,0,1,0,0,0,0,0,1,0,0,1,0,0,0,1,0
1,69.6,99.0,-0.2,140.0,5.0,2.0,0.42857142857142855,6,0,8.8,2026-01-19,0,0,0,1,0,0,0,1,0,0,0,0,0,0,0,1,0,0,0,0,0,0,0,0,1,0,0,0,0,1,0,0,1,0,0,1,0,0
1,80.1,114.65,3.4,140.0,5.0,4.3,0.32142857142857145,6,0,8.8,2026-01-19,0,0,0,1,0,0,0,1,0,0,0,0,0,0,0,1,0,0,0,0,0,0,0,0,1,0,0,0,0,0,1,0,1,0,0,1,0,0
0,71.5,144.33,2.8,140.0,5.0,0.0,0.2857142857142857,6,0,8.8,2026-01-19,0,0,0,1,0,0,0,1,0,0,0,0,0,0,0,0,0,0,1,0,0,0,0,0,0,1,0,0,0,1,0,0,0,1,0,1,0,0
2,62.1,45.6,3.0,140.0,5.0,2.0,0.7857142857142857,7,0,8.8,2026-01-19,0,0,0,1,0,0,0,1,0,0,0,0,1,0,0,0,0,0,0,0,0,0,0,1,0,0,0,0,0,0,0,1,1,0,0,1,0,0
1,69.2,121.47,-0.5,155.0,6.2,4.0,0.33548387096774196,8,0,3.8,2026-01-19,0,0,0,0,1,0,1,0,0,0,1,0,0,0,0,0,0,0,0,1,0,0,0,0,0,0,0,0,0,0,0,1,1,0,1,0,0,0
2,59.2,45.53,6.9,205.0,7.4,2.0,0.8536585365853658,12,0,8.8,2026-01-19,0,0,0,0,0,1,0,0,1,0,0,0,0,0,1,0,0,0,0,0,0,0,0,0,0,0,0,1,0,1,0,0,1,0,1,0,0,0
1,71.8,85.13,1.7,155.0,6.2,2.0,0.5290322580645161,9,0,3.8,2026-01-19,0,0,0,0,1,0,1,0,0,0,1,0,0,0,0,0,0,0,0,1,0,0,0,0,0,0,0,0,0,0,1,0,0,1,1,0,0,0
2,49.4,60.77,7.8,155.0,6.2,6.7,0.6967741935483871,9,0,3.8,2026-01-19,0,0,0,0,1,0,1,0,0,0,0,0,0,1,0,0,0,0,0,0,1,0,0,0,0,0,0,0,0,1,0,0,0,1,1,0,0,0
2,65.1,41.88,2.6,155.0,6.2,2.0,0.7935483870967742,9,0,3.8,2026-01-19,0,0,0,0,1,0,1,0,0,0,0,0,0,1,0,0,0,0,0,0,1,0,0,0,0,0,0,0,0,1,0,0,1,0,0,1,0,0
2,63.7,26.53,0.1,155.0,6.2,2.0,0.8903225806451613,10,0,3.8,2026-01-19,0,0,0,0,1,0,1,0,0,0,0,0,0,1,0,0,0,0,0,0,1,0,0,0,0,0,0,0,0,1,0,0,0,1,1,0,0,0
0,72.5,252.92,0.6,205.0,7.4,2.4,0.04878048780487805,9,0,8.8,2026-01-19,0,0,0,0,0,1,0,0,1,0,0,0,0,0,0,0,0,1,0,0,0,0,0,0,0,0,0,0,1,0,0,1,1,0,0,0,0,1
0,63.7,238.46,-1.6,205.0,7.4,0.0,0.12195121951219512,9,0,8.8,2026-01-19,0,0,0,0,0,1,0,0,1,0,0,0,0,0,0,0,0,1,0,0,0,0,0,0,0,0,0,0,1,1,0,0,0,1,0,1,0,0
0,87.7,206.53,-1.4,205.0,7.4,0.0,0.1951219512195122,10,0,8.8,2026-01-19,0,0,0,0,0,1,0,0,1,0,0,0,0,0,0,0,0,1,0,0,0,0,0,0,0,0,0,0,1,1,0,0,0,1,0,0,0,1
1,73.0,177.83,1.9,205.0,7.4,4.6,0.3170731707317073,10,0,8.8,2026-01-19,0,0,0,0,0,1,0,0,1,1,0,0,0,0,0,0,0,0,0,0,0,0,0,0,0,0,1,0,0,1,0,0,0,1,0,0,1,0
1,66.0,162.5,2.4,205.0,7.4,2.0,0.3902439024390244,10,0,8.8,2026-01-19,0,0,0,0,0,1,0,0,1,1,0,0,0,0,0,0,0,0,0,0,0,0,0,0,0,0,1,0,0,1,0,0,0,1,0,0,1,0
1,65.9,146.07,5.1,205.0,7.4,2.0,0.4634146341463415,10,0,8.8,2026-01-19,0,0,0,0,0,1,0,0,1,1,0,0,0,0,0,0,0,0,0,0,0,0,0,0,0,0,1,0,0,1,0,0,1,0,0,0,0,1
2,57.2,75.47,5.8,205.0,7.4,3.7,0.7073170731707317,11,0,8.8,2026-01-19,0,0,0,0,0,1,0,0,1,0,0,0,0,0,1,0,0,0,0,0,0,0,0,0,0,0,0,1,0,1,0,0,1,0,0,0,0,1
2,57.2,61.17,9.5,205.0,7.4,2.0,0.7804878048780488,12,0,8.8,2026-01-19,0,0,0,0,0,1,0,0,1,0,0,0,0,0,1,0,0,0,0,0,0,0,0,0,0,0,0,1,0,1,0,0,1,0,0,1,0,0
0,72.4,161.83,2.0,140.0,5.0,0.0,0.17857142857142858,6,0,8.8,2026-01-19,0,0,0,1,0,0,0,1,0,0,0,0,0,0,0,0,0,0,1,0,0,0,0,0,0,1,0,0,0,1,0,0,0,1,1,0,0,0
1,68.6,104.42,-0.1,155.0,6.2,2.0,0.432258064516129,8,0,3.8,2026-01-19,0,0,0,0,1,0,1,0,0,0,1,0,0,0,0,0,0,0,0,1,0,0,0,0,0,0,0,0,0,0,0,1,1,0,0,1,0,0
0,75.9,179.35,-1.7,140.0,5.0,2.8,0.07142857142857142,5,0,8.8,2026-01-19,0,0,0,1,0,0,0,1,0,0,0,0,0,0,0,0,0,0,1,0,0,0,0,0,0,1,0,0,0,1,0,0,1,0,0,1,0,0
2,57.9,46.4,12.8,205.0,7.0,2.0,0.8536585365853658,18,0,16.2,2026-01-19,0,0,1,0,0,0,0,0,1,0,0,0,0,0,1,0,0,0,0,0,0,0,0,0,0,0,0,1,0,1,0,0,1,0,0,0,1,0
2,58.8,60.5,11.7,205.0,7.0,2.0,0.7804878048780488,18,0,16.2,2026-01-19,0,0,1,0,0,0,0,0,1,0,0,0,0,0,1,0,0,0,0,0,0,0,0,0,0,0,0,1,0,0,1,0,1,0,0,0,1,0
0,79.4,158.92,0.2,140.0,4.0,0.0,0.17857142857142858,11,0,11.6,2026-01-19,1,0,0,0,0,0,0,1,0,0,0,0,0,0,0,0,0,0,1,0,0,0,0,0,0,1,0,0,0,1,0,0,1,0,1,0,0,0
0,41.6,164.27,3.0,140.0,4.0,0.0,0.2857142857142857,11,0,11.6,2026-01-19,1,0,0,0,0,0,0,1,0,0,0,0,0,0,0,0,0,0,1,0,0,0,0,0,0,1,0,0,0,1,0,0,1,0,0,1,0,0
1,57.9,118.35,3.7,140.0,4.0,4.1,0.32142857142857145,12,0,11.6,2026-01-19,1,0,0,0,0,0,0,1,0,0,0,0,0,0,0,1,0,0,0,0,0,0,0,0,1,0,0,0,0,1,0,0,0,1,1,0,0,0
1,76.1,96.29,6.3,140.0,4.0,2.0,0.42857142857142855,12,0,11.6,2026-01-19,1,0,0,0,0,0,0,1,0,0,0,0,0,0,0,1,0,0,0,0,0,0,0,0,1,0,0,0,0,1,0,0,0,1,0,0,0,1
1,61.7,86.87,11.1,140.0,4.0,2.0,0.5357142857142857,12,0,11.6,2026-01-19,1,0,0,0,0,0,0,1,0,0,0,0,0,0,0,1,0,0,0,0,0,0,0,0,1,0,0,0,0,1,0,0,1,0,0,1,0,0
2,66.1,75.98,10.8,140.0,4.0,5.2,0.5714285714285714,12,0,11.6,2026-01-19,1,0,0,0,0,0,0,1,0,0,0,0,1,0,0,0,0,0,0,0,0,0,0,1,0,0,0,0,0,1,0,0,1,0,0,1,0,0
2,69.8,57.92,8.3,140.0,4.0,2.0,0.6785714285714286,12,0,11.6,2026-01-19,1,0,0,0,0,0,0,1,0,0,0,0,1,0,0,0,0,0,0,0,0,0,0,1,0,0,0,0,0,1,0,0,1,0,0,1,0,0
2,54.3,50.8,9.5,140.0,4.0,2.0,0.7857142857142857,13,0,11.6,2026-01-19,1,0,0,0,0,0,0,1,0,0,0,0,1,0,0,0,0,0,0,0,0,0,0,1,0,0,0,0,0,0,0,1,1,0,0,1,0,0
3,62.4,36.6,7.0,140.0,4.0,4.2,0.8214285714285714,13,0,11.6,2026-01-19,1,0,0,0,0,0,0,1,0,0,0,1,0,0,0,0,0,0,0,0,0,0,1,0,0,0,0,0,0,1,0,0,1,0,0,1,0,0
3,44.2,28.58,14.4,140.0,4.0,2.0,0.9285714285714286,13,0,11.6,2026-01-19,1,0,0,0,0,0,0,1,0,0,0,1,0,0,0,0,0,0,0,0,0,0,1,0,0,0,0,0,0,0,0,1,0,1,1,0,0,0
3,53.4,11.4,16.2,140.0,4.0,2.0,1.0,13,0,11.6,2026-01-19,1,0,0,0,0,0,0,1,0,0,0,1,0,0,0,0,0,0,0,0,0,0,1,0,0,0,0,0,0,0,0,1,1,0,0,1,0,0
0,56.0,175.67,1.8,155.0,7.0,2.0,0.06451612903225806,13,0,12.9,2026-01-19,0,1,0,0,0,0,1,0,0,0,0,0,0,0,0,0,1,0,0,0,0,1,0,0,0,0,0,0,0,1,0,0,0,1,0,1,0,0
0,62.2,159.08,3.7,155.0,7.0,0.0,0.16129032258064516,13,0,12.9,2026-01-19,0,1,0,0,0,0,1,0,0,0,0,0,0,0,0,0,1,0,0,0,0,1,0,0,0,0,0,0,0,0,1,0,0,1,0,1,0,0
0,77.2,179.13,0.9,140.0,4.0,2.7,0.07142857142857142,11,0,11.6,2026-01-19,1,0,0,0,0,0,0,1,0,0,0,0,0,0,0,0,0,0,1,0,0,0,0,0,0,1,0,0,0,1,0,0,1,0,0,1,0,0
1,52.9,124.18,3.6,155.0,7.0,4.7,0.33548387096774196,14,0,12.9,2026-01-19,0,1,0,0,0,0,1,0,0,0,1,0,0,0,0,0,0,0,0,1,0,0,0,0,0,0,0,0,0,1,0,0,1,0,0,0,0,1
0,88.6,125.93,7.9,155.0,7.0,0.0,0.25806451612903225,14,0,12.9,2026-01-19,0,1,0,0,0,0,1,0,0,0,0,0,0,0,0,0,1,0,0,0,0,1,0,0,0,0,0,0,0,0,1,0,1,0,1,0,0,0
2,69.2,73.47,12.7,205.0,7.0,5.0,0.7073170731707317,17,0,16.2,2026-01-19,0,0,1,0,0,0,0,0,1,0,0,0,0,0,1,0,0,0,0,0,0,0,0,0,0,0,0,1,0,1,0,0,1,0,1,0,0,0
1,73.8,140.8,6.1,205.0,7.0,2.0,0.4634146341463415,17,0,16.2,2026-01-19,0,0,1,0,0,0,0,0,1,1,0,0,0,0,0,0,0,0,0,0,0,0,0,0,0,0,1,0,0,0,1,0,1,0,0,0,0,1
1,55.4,166.92,3.8,205.0,7.0,2.0,0.3902439024390244,16,0,16.2,2026-01-19,0,0,1,0,0,0,0,0,1,1,0,0,0,0,0,0,0,0,0,0,0,0,0,0,0,0,1,0,0,1,0,0,1,0,0,1,0,0
0,60.9,224.4,4.1,205.0,7.0,0.0,0.1951219512195122,16,0,16.2,2026-01-19,0,0,1,0,0,0,0,0,1,0,0,0,0,0,0,0,0,1,0,0,0,0,0,0,0,0,0,0,1,0,0,1,1,0,0,0,0,1
0,70.9,235.46,2.4,205.0,7.0,0.0,0.12195121951219512,15,0,16.2,2026-01-19,0,0,1,0,0,0,0,0,1,0,0,0,0,0,0,0,0,1,0,0,0,0,0,0,0,0,0,0,1,1,0,0,1,0,0,1,0,0
1,60.4,179.93,5.3,205.0,7.0,4.0,0.3170731707317073,16,0,16.2,2026-01-19,0,0,1,0,0,0,0,0,1,1,0,0,0,0,0,0,0,0,0,0,0,0,0,0,0,0,1,0,0,1,0,0,0,1,0,1,0,0
2,49.0,36.33,11.3,155.0,7.0,2.0,0.8903225806451613,15,0,12.9,2026-01-19,0,1,0,0,0,0,1,0,0,0,0,0,0,1,0,0,0,0,0,0,1,0,0,0,0,0,0,0,0,1,0,0,0,1,0,1,0,0
2,62.5,42.96,9.0,155.0,7.0,2.0,0.7935483870967742,15,0,12.9,2026-01-19,0,1,0,0,0,0,1,0,0,0,0,0,0,1,0,0,0,0,0,0,1,0,0,0,0,0,0,0,0,0,1,0,1,0,0,0,0,1
2,70.7,57.22,5.8,155.0,7.0,4.3,0.6967741935483871,15,0,12.9,2026-01-19,0,1,0,0,0,0,1,0,0,0,0,0,0,1,0,0,0,0,0,0,1,0,0,0,0,0,0,0,0,1,0,0,0,1,1,0,0,0
1,70.2,86.2,4.6,155.0,7.0,2.0,0.5290322580645161,14,0,12.9,2026-01-19,0,1,0,0,0,0,1,0,0,0,1,0,0,0,0,0,0,0,0,1,0,0,0,0,0,0,0,0,0,1,0,0,1,0,0,1,0,0
1,74.6,101.92,7.1,155.0,7.0,2.0,0.432258064516129,14,0,12.9,2026-01-19,0,1,0,0,0,0,1,0,0,0,1,0,0,0,0,0,0,0,0,1,0,0,0,0,0,0,0,0,0,1,0,0,1,0,0,1,0,0
0,80.9,251.52,0.2,205.0,7.0,2.2,0.04878048780487805,15,0,16.2,2026-01-19,0,0,1,0,0,0,0,0,1,0,0,0,0,0,0,0,0,1,0,0,0,0,0,0,0,0,0,0,1,0,1,0,1,0,0,0,0,1
3,83.1,12.38,-0.7,140.0,8.4,2.0,0.9285714285714286,8,1,-0.3,2026-01-20,0,0,0,1,0,0,0,1,0,0,0,1,0,0,0,0,0,0,0,0,0,0,1,0,0,0,0,0,0,1,0,0,0,1,0,1,0,0
0,52.7,163.04,7.0,155.0,15.4,0.0,0.16129032258064516,9,1,19.9,2026-01-20,0,0,0,0,1,0,1,0,0,0,0,0,0,0,0,0,1,0,0,0,0,1,0,0,0,0,0,0,0,0,1,0,1,0,0,1,0,0
0,67.9,173.68,1.6,155.0,15.4,3.6,0.06451612903225806,8,1,19.9,2026-01-20,0,0,0,0,1,0,1,0,0,0,0,0,0,0,0,0,1,0,0,0,0,1,0,0,0,0,0,0,0,0,0,1,1,0,0,0,1,0
3,68.6,1.27,2.7,140.0,8.4,2.0,1.0,9,1,-0.3,2026-01-20,0,0,0,1,0,0,0,1,0,0,0,1,0,0,0,0,0,0,0,0,0,0,1,0,0,0,0,0,0,1,0,0,1,0,0,1,0,0
3,80.2,33.63,-2.2,140.0,8.4,6.0,0.8214285714285714,8,1,-0.3,2026-01-20,0,0,0,1,0,0,0,1,0,0,0,1,0,0,0,0,0,0,0,0,0,0,1,0,0,0,0,0,0,0,1,0,1,0,1,0,0,0
1,81.1,114.48,-2.8,140.0,8.4,4.4,0.32142857142857145,7,1,-0.3,2026-01-20,0,0,0,1,0,0,0,1,0,0,0,0,0,0,0,1,0,0,0,0,0,0,0,0,1,0,0,0,0,1,0,0,1,0,0,1,0,0
2,56.5,63.46,-3.0,140.0,8.4,2.0,0.6785714285714286,8,1,-0.3,2026-01-20,0,0,0,1,0,0,0,1,0,0,0,0,1,0,0,0,0,0,0,0,0,0,0,1,0,0,0,0,0,1,0,0,1,0,1,0,0,0
2,60.5,76.92,-1.0,140.0,8.4,5.5,0.5714285714285714,7,1,-0.3,2026-01-20,0,0,0,1,0,0,0,1,0,0,0,0,1,0,0,0,0,0,0,0,0,0,0,1,0,0,0,0,0,0,0,1,1,0,0,0,1,0
1,66.9,83.4,-1.3,140.0,8.4,2.0,0.5357142857142857,7,1,-0.3,2026-01-20,0,0,0,1,0,0,0,1,0,0,0,0,0,0,0,1,0,0,0,0,0,0,0,0,1,0,0,0,0,0,1,0,0,1,0,1,0,0
1,61.7,102.29,-0.3,140.0,8.4,2.0,0.42857142857142855,7,1,-0.3,2026-01-20,0,0,0,1,0,0,0,1,0,0,0,0,0,0,0,1,0,0,0,0,0,0,0,0,1,0,0,0,0,0,0,1,0,1,0,1,0,0
0,57.8,146.47,6.6,155.0,15.4,0.0,0.25806451612903225,9,1,19.9,2026-01-20,0,0,0,0,1,0,1,0,0,0,0,0,0,0,0,0,1,0,0,0,0,1,0,0,0,0,0,0,0,0,0,1,1,0,0,1,0,0
2,62.3,45.47,0.7,140.0,8.4,2.0,0.7857142857142857,8,1,-0.3,2026-01-20,0,0,0,1,0,0,0,1,0,0,0,0,1,0,0,0,0,0,0,0,0,0,0,1,0,0,0,0,0,1,0,0,1,0,0,1,0,0
1,78.2,119.97,8.8,155.0,15.4,4.2,0.33548387096774196,9,1,19.9,2026-01-20,0,0,0,0,1,0,1,0,0,0,1,0,0,0,0,0,0,0,0,1,0,0,0,0,0,0,0,0,0,1,0,0,0,1,0,0,1,0
0,60.3,239.88,1.0,205.0,13.1,0.0,0.12195121951219512,10,1,4.4,2026-01-20,0,0,0,0,0,1,0,0,1,0,0,0,0,0,0,0,0,1,0,0,0,0,0,0,0,0,0,0,1,1,0,0,0,1,0,0,0,1
1,61.2,92.2,11.2,155.0,15.4,2.0,0.5290322580645161,10,1,19.9,2026-01-20,0,0,0,0,1,0,1,0,0,0,1,0,0,0,0,0,0,0,0,1,0,0,0,0,0,0,0,0,0,0,0,1,0,1,0,1,0,0
2,65.4,58.1,13.6,155.0,15.4,4.1,0.6967741935483871,10,1,19.9,2026-01-20,0,0,0,0,1,0,1,0,0,0,0,0,0,1,0,0,0,0,0,0,1,0,0,0,0,0,0,0,0,0,1,0,1,0,0,0,1,0
2,54.5,46.29,14.1,155.0,15.4,2.0,0.7935483870967742,10,1,19.9,2026-01-20,0,0,0,0,1,0,1,0,0,0,0,0,0,1,0,0,0,0,0,0,1,0,0,0,0,0,0,0,0,1,0,0,1,0,0,0,1,0
2,39.5,42.67,18.8,155.0,15.4,2.0,0.8903225806451613,11,1,19.9,2026-01-20,0,0,0,0,1,0,1,0,0,0,0,0,0,1,0,0,0,0,0,0,1,0,0,0,0,0,0,0,0,0,1,0,1,0,0,0,0,1
0,62.5,254.58,0.7,205.0,13.1,3.2,0.04878048780487805,10,1,4.4,2026-01-20,0,0,0,0,0,1,0,0,1,0,0,0,0,0,0,0,0,1,0,0,0,0,0,0,0,0,0,0,1,1,0,0,0,1,1,0,0,0
0,74.7,215.2,-2.0,205.0,13.1,0.0,0.1951219512195122,11,1,4.4,2026-01-20,0,0,0,0,0,1,0,0,1,0,0,0,0,0,0,0,0,1,0,0,0,0,0,0,0,0,0,0,1,1,0,0,0,1,0,1,0,0
1,63.8,179.37,0.5,205.0,13.1,4.1,0.3170731707317073,11,1,4.4,2026-01-20,0,0,0,0,0,1,0,0,1,1,0,0,0,0,0,0,0,0,0,0,0,0,0,0,0,0,1,0,0,1,0,0,0,1,0,1,0,0
1,60.9,164.62,3.9,205.0,13.1,2.0,0.3902439024390244,11,1,4.4,2026-01-20,0,0,0,0,0,1,0,0,1,1,0,0,0,0,0,0,0,0,0,0,0,0,0,0,0,0,1,0,0,0,0,1,0,1,0,1,0,0
1,60.5,149.67,1.6,205.0,13.1,2.0,0.4634146341463415,11,1,4.4,2026-01-20,0,0,0,0,0,1,0,0,1,1,0,0,0,0,0,0,0,0,0,0,0,0,0,0,0,0,1,0,0,1,0,0,1,0,0,1,0,0
2,72.3,72.95,2.6,205.0,13.1,4.5,0.7073170731707317,12,1,4.4,2026-01-20,0,0,0,0,0,1,0,0,1,0,0,0,0,0,1,0,0,0,0,0,0,0,0,0,0,0,0,1,0,0,1,0,1,0,0,0,0,1
2,60.3,59.88,5.4,205.0,13.1,2.0,0.7804878048780488,13,1,4.4,2026-01-20,0,0,0,0,0,1,0,0,1,0,0,0,0,0,1,0,0,0,0,0,0,0,0,0,0,0,0,1,0,1,0,0,1,0,1,0,0,0
2,57.2,46.87,5.4,205.0,13.1,2.0,0.8536585365853658,13,1,4.4,2026-01-20,0,0,0,0,0,1,0,0,1,0,0,0,0,0,1,0,0,0,0,0,0,0,0,0,0,0,0,1,0,1,0,0,1,0,0,1,0,0
0,59.7,152.2,-1.9,140.0,8.4,0.0,0.2857142857142857,7,1,-0.3,2026-01-20,0,0,0,1,0,0,0,1,0,0,0,0,0,0,0,0,0,0,1,0,0,0,0,0,0,1,0,0,0,0,0,1,1,0,0,1,0,0
1,66.6,105.25,8.6,155.0,15.4,2.0,0.432258064516129,9,1,19.9,2026-01-20,0,0,0,0,1,0,1,0,0,0,1,0,0,0,0,0,0,0,0,1,0,0,0,0,0,0,0,0,0,0,1,0,1,0,0,1,0,0
0,46.8,172.5,1.3,140.0,8.4,0.0,0.17857142857142858,7,1,-0.3,2026-01-20,0,0,0,1,0,0,0,1,0,0,0,0,0,0,0,0,0,0,1,0,0,0,0,0,0,1,0,0,0,0,0,1,1,0,0,1,0,0
0,63.0,181.5,1.7,140.0,8.4,3.7,0.07142857142857142,6,1,-0.3,2026-01-20,0,0,0,1,0,0,0,1,0,0,0,0,0,0,0,0,0,0,1,0,0,0,0,0,0,1,0,0,0,1,0,0,1,0,0,0,1,0
2,66.3,40.8,3.0,205.0,3.9,2.0,0.8536585365853658,19,1,5.5,2026-01-20,0,0,1,0,0,0,0,0,1,0,0,0,0,0,1,0,0,0,0,0,0,0,0,0,0,0,0,1,0,1,0,0,0,1,1,0,0,0
0,64.2,165.25,3.7,140.0,8.4,0.0,0.17857142857142858,12,1,9.2,2026-01-20,1,0,0,0,0,0,0,1,0,0,0,0,0,0,0,0,0,0,1,0,0,0,0,0,0,1,0,0,0,0,0,1,1,0,1,0,0,0
0,67.0,147.33,4.6,140.0,8.4,0.0,0.2857142857142857,12,1,9.2,2026-01-20,1,0,0,0,0,0,0,1,0,0,0,0,0,0,0,0,0,0,1,0,0,0,0,0,0,1,0,0,0,1,0,0,1,0,0,1,0,0
1,68.2,116.63,1.1,140.0,8.4,4.8,0.32142857142857145,13,1,9.2,2026-01-20,1,0,0,0,0,0,0,1,0,0,0,0,0,0,0,1,0,0,0,0,0,0,0,0,1,0,0,0,0,0,0,1,0,1,0,1,0,0
1,52.4,106.17,3.4,140.0,8.4,2.0,0.42857142857142855,13,1,9.2,2026-01-20,1,0,0,0,0,0,0,1,0,0,0,0,0,0,0,1,0,0,0,0,0,0,0,0,1,0,0,0,0,0,0,1,1,0,1,0,0,0
1,59.5,88.33,5.8,140.0,8.4,2.0,0.5357142857142857,13,1,9.2,2026-01-20,1,0,0,0,0,0,0,1,0,0,0,0,0,0,0,1,0,0,0,0,0,0,0,0,1,0,0,0,0,0,1,0,1,0,0,0,1,0
2,79.6,73.73,4.3,140.0,8.4,3.3,0.5714285714285714,13,1,9.2,2026-01-20,1,0,0,0,0,0,0,1,0,0,0,0,1,0,0,0,0,0,0,0,0,0,0,1,0,0,0,0,0,0,0,1,1,0,0,0,1,0
2,66.3,59.38,7.2,140.0,8.4,2.0,0.6785714285714286,13,1,9.2,2026-01-20,1,0,0,0,0,0,0,1,0,0,0,0,1,0,0,0,0,0,0,0,0,0,0,1,0,0,0,0,0,0,0,1,0,1,0,1,0,0
2,57.1,48.93,3.4,140.0,8.4,2.0,0.7857142857142857,14,1,9.2,2026-01-20,1,0,0,0,0,0,0,1,0,0,0,0,1,0,0,0,0,0,0,0,0,0,0,1,0,0,0,0,0,0,0,1,0,1,0,0,0,1
3,61.1,36.82,11.3,140.0,8.4,4.3,0.8214285714285714,14,1,9.2,2026-01-20,1,0,0,0,0,0,0,1,0,0,0,1,0,0,0,0,0,0,0,0,0,0,1,0,0,0,0,0,0,1,0,0,1,0,0,1,0,0
3,46.5,27.62,10.2,140.0,8.4,2.0,0.9285714285714286,14,1,9.2,2026-01-20,1,0,0,0,0,0,0,1,0,0,0,1,0,0,0,0,0,0,0,0,0,0,1,0,0,0,0,0,0,0,0,1,0,1,1,0,0,0
3,63.9,4.4,7.7,140.0,8.4,2.0,1.0,14,1,9.2,2026-01-20,1,0,0,0,0,0,0,1,0,0,0,1,0,0,0,0,0,0,0,0,0,0,1,0,0,0,0,0,0,1,0,0,1,0,0,1,0,0
0,57.6,175.4,-1.7,155.0,16.1,3.1,0.06451612903225806,14,1,18.4,2026-01-20,0,1,0,0,0,0,1,0,0,0,0,0,0,0,0,0,1,0,0,0,0,1,0,0,0,0,0,0,0,0,1,0,1,0,0,1,0,0
0,65.9,157.54,5.7,155.0,16.1,0.0,0.16129032258064516,14,1,18.4,2026-01-20,0,1,0,0,0,0,1,0,0,0,0,0,0,0,0,0,1,0,0,0,0,1,0,0,0,0,0,0,0,0,0,1,0,1,0,1,0,0
0,59.9,145.07,5.7,155.0,16.1,0.0,0.25806451612903225,15,1,18.4,2026-01-20,0,1,0,0,0,0,1,0,0,0,0,0,0,0,0,0,1,0,0,0,0,1,0,0,0,0,0,0,0,1,0,0,0,1,0,0,1,0
0,64.1,181.32,1.2,140.0,8.4,2.7,0.07142857142857142,12,1,9.2,2026-01-20,1,0,0,0,0,0,0,1,0,0,0,0,0,0,0,0,0,0,1,0,0,0,0,0,0,1,0,0,0,1,0,0,1,0,0,1,0,0
1,62.3,107.04,9.4,155.0,16.1,2.0,0.432258064516129,15,1,18.4,2026-01-20,0,1,0,0,0,0,1,0,0,0,1,0,0,0,0,0,0,0,0,1,0,0,0,0,0,0,0,0,0,0,1,0,0,1,0,1,0,0
2,72.1,54.96,1.4,205.0,3.9,2.0,0.7804878048780488,19,1,5.5,2026-01-20,0,0,1,0,0,0,0,0,1,0,0,0,0,0,1,0,0,0,0,0,0,0,0,0,0,0,0,1,0,0,1,0,1,0,0,0,1,0
2,82.9,71.18,5.8,205.0,3.9,4.1,0.7073170731707317,18,1,5.5,2026-01-20,0,0,1,0,0,0,0,0,1,0,0,0,0,0,1,0,0,0,0,0,0,0,0,0,0,0,0,1,0,0,0,1,0,1,0,0,1,0
1,83.2,134.53,-2.3,205.0,3.9,2.0,0.4634146341463415,18,1,5.5,2026-01-20,0,0,1,0,0,0,0,0,1,1,0,0,0,0,0,0,0,0,0,0,0,0,0,0,0,0,1,0,0,1,0,0,1,0,0,1,0,0
1,42.6,125.9,6.4,155.0,16.1,4.9,0.33548387096774196,15,1,18.4,2026-01-20,0,1,0,0,0,0,1,0,0,0,1,0,0,0,0,0,0,0,0,1,0,0,0,0,0,0,0,0,0,1,0,0,1,0,0,0,0,1
1,66.1,178.98,2.9,205.0,3.9,3.6,0.3170731707317073,17,1,5.5,2026-01-20,0,0,1,0,0,0,0,0,1,1,0,0,0,0,0,0,0,0,0,0,0,0,0,0,0,0,1,0,0,1,0,0,1,0,0,0,1,0
0,62.1,223.6,1.1,205.0,3.9,0.0,0.1951219512195122,17,1,5.5,2026-01-20,0,0,1,0,0,0,0,0,1,0,0,0,0,0,0,0,0,1,0,0,0,0,0,0,0,0,0,0,1,1,0,0,0,1,0,0,1,0
1,75.5,158.54,1.1,205.0,3.9,2.0,0.3902439024390244,17,1,5.5,2026-01-20,0,0,1,0,0,0,0,0,1,1,0,0,0,0,0,0,0,0,0,0,0,0,0,0,0,0,1,0,0,0,0,1,1,0,0,0,1,0
0,59.9,255.02,-3.0,205.0,3.9,3.7,0.04878048780487805,16,1,5.5,2026-01-20,0,0,1,0,0,0,0,0,1,0,0,0,0,0,0,0,0,1,0,0,0,0,0,0,0,0,0,0,1,0,1,0,1,0,1,0,0,0
2,52.0,34.33,14.8,155.0,16.1,2.0,0.8903225806451613,16,1,18.4,2026-01-20,0,1,0,0,0,0,1,0,0,0,0,0,0,1,0,0,0,0,0,0,1,0,0,0,0,0,0,0,0,0,0,1,1,0,0,0,0,1
2,57.5,45.04,14.3,155.0,16.1,2.0,0.7935483870967742,16,1,18.4,2026-01-20,0,1,0,0,0,0,1,0,0,0,0,0,0,1,0,0,0,0,0,0,1,0,0,0,0,0,0,0,0,1,0,0,1,0,0,1,0,0
2,63.8,58.37,10.9,155.0,16.1,5.9,0.6967741935483871,16,1,18.4,2026-01-20,0,1,0,0,0,0,1,0,0,0,0,0,0,1,0,0,0,0,0,0,1,0,0,0,0,0,0,0,0,0,0,1,1,0,0,0,0,1
1,61.1,92.27,13.9,155.0,16.1,2.0,0.5290322580645161,15,1,18.4,2026-01-20,0,1,0,0,0,0,1,0,0,0,1,0,0,0,0,0,0,0,0,1,0,0,0,0,0,0,0,0,0,0,1,0,1,0,0,0,0,1
0,77.5,232.71,4.9,205.0,3.9,0.0,0.12195121951219512,16,1,5.5,2026-01-20,0,0,1,0,0,0,0,0,1,0,0,0,0,0,0,0,0,1,0,0,0,0,0,0,0,0,0,0,1,1,0,0,0,1,0,0,0,1
0,72.5,154.79,-1.1,155.0,8.4,0.0,0.16129032258064516,10,2,11.7,2026-01-21,0,0,0,0,1,0,1,0,0,0,0,0,0,0,0,0,1,0,0,0,0,1,0,0,0,0,0,0,0,1,0,0,1,0,0,1,0,0
0,61.4,174.77,-2.8,155.0,8.4,2.0,0.06451612903225806,9,2,11.7,2026-01-21,0,0,0,0,1,0,1,0,0,0,0,0,0,0,0,0,1,0,0,0,0,1,0,0,0,0,0,0,0,0,0,1,1,0,0,0,0,1
3,73.2,1.0,8.3,140.0,1.5,2.0,1.0,10,2,8.0,2026-01-21,0,0,0,1,0,0,0,1,0,0,0,1,0,0,0,0,0,0,0,0,0,0,1,0,0,0,0,0,0,0,0,1,1,0,1,0,0,0
3,45.1,28.21,9.2,140.0,1.5,2.0,0.9285714285714286,9,2,8.0,2026-01-21,0,0,0,1,0,0,0,1,0,0,0,1,0,0,0,0,0,0,0,0,0,0,1,0,0,0,0,0,0,0,0,1,0,1,0,1,0,0
3,79.1,33.82,8.8,140.0,1.5,5.3,0.8214285714285714,9,2,8.0,2026-01-21,0,0,0,1,0,0,0,1,0,0,0,1,0,0,0,0,0,0,0,0,0,0,1,0,0,0,0,0,0,0,0,1,1,0,0,0,0,1
0,77.6,140.27,4.1,140.0,1.5,0.0,0.2857142857142857,8,2,8.0,2026-01-21,0,0,0,1,0,0,0,1,0,0,0,0,0,0,0,0,0,0,1,0,0,0,0,0,0,1,0,0,0,1,0,0,1,0,0,0,1,0
2,67.1,59.04,7.3,140.0,1.5,2.0,0.6785714285714286,9,2,8.0,2026-01-21,0,0,0,1,0,0,0,1,0,0,0,0,1,0,0,0,0,0,0,0,0,0,0,1,0,0,0,0,0,1,0,0,1,0,0,0,0,1
2,62.7,76.55,6.0,140.0,1.5,4.5,0.5714285714285714,8,2,8.0,2026-01-21,0,0,0,1,0,0,0,1,0,0,0,0,1,0,0,0,0,0,0,0,0,0,0,1,0,0,0,0,0,0,1,0,1,0,1,0,0,0
1,67.1,83.27,4.5,140.0,1.5,2.0,0.5357142857142857,8,2,8.0,2026-01-21,0,0,0,1,0,0,0,1,0,0,0,0,0,0,0,1,0,0,0,0,0,0,0,0,1,0,0,0,0,0,0,1,1,0,0,0,1,0
1,60.3,102.88,2.8,140.0,1.5,2.0,0.42857142857142855,8,2,8.0,2026-01-21,0,0,0,1,0,0,0,1,0,0,0,0,0,0,0,1,0,0,0,0,0,0,0,0,1,0,0,0,0,1,0,0,1,0,0,1,0,0
1,76.5,115.25,2.5,140.0,1.5,4.4,0.32142857142857145,8,2,8.0,2026-01-21,0,0,0,1,0,0,0,1,0,0,0,0,0,0,0,1,0,0,0,0,0,0,0,0,1,0,0,0,0,0,0,1,0,1,0,1,0,0
0,61.4,144.07,2.0,155.0,8.4,0.0,0.25806451612903225,10,2,11.7,2026-01-21,0,0,0,0,1,0,1,0,0,0,0,0,0,0,0,0,1,0,0,0,0,1,0,0,0,0,0,0,0,1,0,0,1,0,1,0,0,0
2,60.5,46.67,8.5,140.0,1.5,2.0,0.7857142857142857,9,2,8.0,2026-01-21,0,0,0,1,0,0,0,1,0,0,0,0,1,0,0,0,0,0,0,0,0,0,0,1,0,0,0,0,0,1,0,0,1,0,0,1,0,0
1,67.5,121.75,2.7,155.0,8.4,4.9,0.33548387096774196,10,2,11.7,2026-01-21,0,0,0,0,1,0,1,0,0,0,1,0,0,0,0,0,0,0,0,1,0,0,0,0,0,0,0,0,0,0,1,0,1,0,0,1,0,0
0,71.8,235.08,1.0,205.0,8.5,0.0,0.12195121951219512,11,2,17.7,2026-01-21,0,0,0,0,0,1,0,0,1,0,0,0,0,0,0,0,0,1,0,0,0,0,0,0,0,0,0,0,1,1,0,0,0,1,0,1,0,0
1,50.1,99.6,4.8,155.0,8.4,2.0,0.5290322580645161,11,2,11.7,2026-01-21,0,0,0,0,1,0,1,0,0,0,1,0,0,0,0,0,0,0,0,1,0,0,0,0,0,0,0,0,0,0,1,0,1,0,0,0,1,0
2,65.3,58.12,9.4,155.0,8.4,3.8,0.6967741935483871,11,2,11.7,2026-01-21,0,0,0,0,1,0,1,0,0,0,0,0,0,1,0,0,0,0,0,0,1,0,0,0,0,0,0,0,0,0,0,1,1,0,0,0,1,0
2,57.6,45.0,10.2,155.0,8.4,2.0,0.7935483870967742,11,2,11.7,2026-01-21,0,0,0,0,1,0,1,0,0,0,0,0,0,1,0,0,0,0,0,0,1,0,0,0,0,0,0,0,0,0,1,0,1,0,0,1,0,0
2,51.8,34.47,13.0,155.0,8.4,2.0,0.8903225806451613,12,2,11.7,2026-01-21,0,0,0,0,1,0,1,0,0,0,0,0,0,1,0,0,0,0,0,0,1,0,0,0,0,0,0,0,0,0,0,1,0,1,0,1,0,0
0,98.0,248.67,0.7,205.0,8.5,3.0,0.04878048780487805,11,2,17.7,2026-01-21,0,0,0,0,0,1,0,0,1,0,0,0,0,0,0,0,0,1,0,0,0,0,0,0,0,0,0,0,1,0,1,0,0,1,0,1,0,0
0,65.0,221.67,3.4,205.0,8.5,0.0,0.1951219512195122,12,2,17.7,2026-01-21,0,0,0,0,0,1,0,0,1,0,0,0,0,0,0,0,0,1,0,0,0,0,0,0,0,0,0,0,1,0,0,1,1,0,0,0,1,0
1,71.5,178.08,3.6,205.0,8.5,4.1,0.3170731707317073,12,2,17.7,2026-01-21,0,0,0,0,0,1,0,0,1,1,0,0,0,0,0,0,0,0,0,0,0,0,0,0,0,0,1,0,0,0,1,0,1,0,0,1,0,0
1,45.8,170.92,6.5,205.0,8.5,2.0,0.3902439024390244,12,2,17.7,2026-01-21,0,0,0,0,0,1,0,0,1,1,0,0,0,0,0,0,0,0,0,0,0,0,0,0,0,0,1,0,0,0,1,0,1,0,1,0,0,0
1,66.4,145.73,4.4,205.0,8.5,2.0,0.4634146341463415,12,2,17.7,2026-01-21,0,0,0,0,0,1,0,0,1,1,0,0,0,0,0,0,0,0,0,0,0,0,0,0,0,0,1,0,0,1,0,0,1,0,0,1,0,0
2,59.8,75.03,12.3,205.0,8.5,3.8,0.7073170731707317,13,2,17.7,2026-01-21,0,0,0,0,0,1,0,0,1,0,0,0,0,0,1,0,0,0,0,0,0,0,0,0,0,0,0,1,0,0,1,0,1,0,0,1,0,0
2,42.8,67.17,13.2,205.0,8.5,2.0,0.7804878048780488,14,2,17.7,2026-01-21,0,0,0,0,0,1,0,0,1,0,0,0,0,0,1,0,0,0,0,0,0,0,0,0,0,0,0,1,0,1,0,0,1,0,0,0,1,0
2,56.5,47.33,14.9,205.0,8.5,2.0,0.8536585365853658,14,2,17.7,2026-01-21,0,0,0,0,0,1,0,0,1,0,0,0,0,0,1,0,0,0,0,0,0,0,0,0,0,0,0,1,0,0,1,0,1,0,0,0,1,0
0,73.7,161.29,0.9,140.0,1.5,0.0,0.17857142857142858,8,2,8.0,2026-01-21,0,0,0,1,0,0,0,1,0,0,0,0,0,0,0,0,0,0,1,0,0,0,0,0,0,1,0,0,0,0,1,0,1,0,0,0,0,1
1,66.1,105.46,7.1,155.0,8.4,2.0,0.432258064516129,10,2,11.7,2026-01-21,0,0,0,0,1,0,1,0,0,0,1,0,0,0,0,0,0,0,0,1,0,0,0,0,0,0,0,0,0,0,0,1,0,1,0,1,0,0
0,67.2,180.8,-1.2,140.0,1.5,4.3,0.07142857142857142,7,2,8.0,2026-01-21,0,0,0,1,0,0,0,1,0,0,0,0,0,0,0,0,0,0,1,0,0,0,0,0,0,1,0,0,0,0,0,1,0,1,0,1,0,0
2,66.1,40.93,11.3,205.0,9.2,2.0,0.8536585365853658,8,2,11.4,2026-01-21,0,0,1,0,0,0,0,0,1,0,0,0,0,0,1,0,0,0,0,0,0,0,0,0,0,0,0,1,0,0,0,1,0,1,0,0,1,0
2,69.6,56.0,11.9,205.0,9.2,2.0,0.7804878048780488,8,2,11.4,2026-01-21,0,0,1,0,0,0,0,0,1,0,0,0,0,0,1,0,0,0,0,0,0,0,0,0,0,0,0,1,0,0,0,1,1,0,0,0,1,0
0,83.3,178.12,0.4,140.0,0.0,2.1,0.07142857142857142,13,2,4.4,2026-01-21,1,0,0,0,0,0,0,1,0,0,0,0,0,0,0,0,0,0,1,0,0,0,0,0,0,1,0,0,0,0,0,1,0,1,0,1,0,0
0,69.3,163.12,2.8,140.0,0.0,0.0,0.17857142857142858,13,2,4.4,2026-01-21,1,0,0,0,0,0,0,1,0,0,0,0,0,0,0,0,0,0,1,0,0,0,0,0,0,1,0,0,0,1,0,0,0,1,0,0,0,1
0,58.7,152.87,3.3,140.0,0.0,0.0,0.2857142857142857,13,2,4.4,2026-01-21,1,0,0,0,0,0,0,1,0,0,0,0,0,0,0,0,0,0,1,0,0,0,0,0,0,1,0,0,0,0,1,0,0,1,0,0,0,1
1,71.4,116.1,2.3,140.0,0.0,3.1,0.32142857142857145,14,2,4.4,2026-01-21,1,0,0,0,0,0,0,1,0,0,0,0,0,0,0,1,0,0,0,0,0,0,0,0,1,0,0,0,0,1,0,0,1,0,0,1,0,0
1,54.0,105.5,1.1,140.0,0.0,2.0,0.42857142857142855,14,2,4.4,2026-01-21,1,0,0,0,0,0,0,1,0,0,0,0,0,0,0,1,0,0,0,0,0,0,0,0,1,0,0,0,0,1,0,0,0,1,1,0,0,0
1,87.4,69.73,2.3,140.0,0.0,2.0,0.5357142857142857,14,2,4.4,2026-01-21,1,0,0,0,0,0,0,1,0,0,0,0,0,0,0,1,0,0,0,0,0,0,0,0,1,0,0,0,0,1,0,0,1,0,0,0,0,1
2,61.1,76.82,3.6,140.0,0.0,4.3,0.5714285714285714,14,2,4.4,2026-01-21,1,0,0,0,0,0,0,1,0,0,0,0,1,0,0,0,0,0,0,0,0,0,0,1,0,0,0,0,0,0,0,1,0,1,0,0,1,0
2,69.1,40.93,1.6,140.0,0.0,2.0,0.7857142857142857,15,2,4.4,2026-01-21,1,0,0,0,0,0,0,1,0,0,0,0,1,0,0,0,0,0,0,0,0,0,0,1,0,0,0,0,0,1,0,0,1,0,0,0,0,1
3,83.3,33.12,1.1,140.0,0.0,2.8,0.8214285714285714,15,2,4.4,2026-01-21,1,0,0,0,0,0,0,1,0,0,0,1,0,0,0,0,0,0,0,0,0,0,1,0,0,0,0,0,0,0,0,1,1,0,0,1,0,0
3,68.4,18.5,3.2,140.0,0.0,2.0,0.9285714285714286,15,2,4.4,2026-01-21,1,0,0,0,0,0,0,1,0,0,0,1,0,0,0,0,0,0,0,0,0,0,1,0,0,0,0,0,0,0,0,1,1,0,0,0,0,1
3,65.4,3.4,6.6,140.0,0.0,2.0,1.0,15,2,4.4,2026-01-21,1,0,0,0,0,0,0,1,0,0,0,1,0,0,0,0,0,0,0,0,0,0,1,0,0,0,0,0,0,0,1,0,1,0,0,0,0,1
0,53.2,176.13,1.3,155.0,15.7,1.8,0.06451612903225806,15,2,12.7,2026-01-21,0,1,0,0,0,0,1,0,0,0,0,0,0,0,0,0,1,0,0,0,0,1,0,0,0,0,0,0,0,1,0,0,1,0,1,0,0,0
0,55.8,161.75,5.2,155.0,15.7,0.0,0.16129032258064516,15,2,12.7,2026-01-21,0,1,0,0,0,0,1,0,0,0,0,0,0,0,0,0,1,0,0,0,0,1,0,0,0,0,0,0,0,0,1,0,0,1,0,0,0,1
2,55.2,64.0,3.8,140.0,0.0,2.0,0.6785714285714286,14,2,4.4,2026-01-21,1,0,0,0,0,0,0,1,0,0,0,0,1,0,0,0,0,0,0,0,0,0,0,1,0,0,0,0,0,0,0,1,0,1,1,0,0,0
1,51.5,124.42,5.9,155.0,15.7,5.2,0.33548387096774196,16,2,12.7,2026-01-21,0,1,0,0,0,0,1,0,0,0,1,0,0,0,0,0,0,0,0,1,0,0,0,0,0,0,0,0,0,0,1,0,0,1,0,0,1,0
0,56.6,147.27,0.2,155.0,15.7,0.0,0.25806451612903225,16,2,12.7,2026-01-21,0,1,0,0,0,0,1,0,0,0,0,0,0,0,0,0,1,0,0,0,0,1,0,0,0,0,0,0,0,0,1,0,1,0,0,0,1,0
1,62.4,148.4,5.5,205.0,9.2,2.0,0.4634146341463415,7,2,11.4,2026-01-21,0,0,1,0,0,0,0,0,1,1,0,0,0,0,0,0,0,0,0,0,0,0,0,0,0,0,1,0,0,0,1,0,0,1,0,1,0,0
1,62.7,163.88,2.3,205.0,9.2,2.0,0.3902439024390244,6,2,11.4,2026-01-21,0,0,1,0,0,0,0,0,1,1,0,0,0,0,0,0,0,0,0,0,0,0,0,0,0,0,1,0,0,1,0,0,0,1,0,0,0,1
1,59.3,180.12,3.8,205.0,9.2,4.7,0.3170731707317073,6,2,11.4,2026-01-21,0,0,1,0,0,0,0,0,1,1,0,0,0,0,0,0,0,0,0,0,0,0,0,0,0,0,1,0,0,0,0,1,1,0,1,0,0,0
0,55.1,228.27,-1.1,205.0,9.2,0.0,0.1951219512195122,6,2,11.4,2026-01-21,0,0,1,0,0,0,0,0,1,0,0,0,0,0,0,0,0,1,0,0,0,0,0,0,0,0,0,0,1,0,0,1,1,0,0,0,1,0
0,64.1,238.29,-0.7,205.0,9.2,0.0,0.12195121951219512,5,2,11.4,2026-01-21,0,0,1,0,0,0,0,0,1,0,0,0,0,0,0,0,0,1,0,0,0,0,0,0,0,0,0,0,1,1,0,0,0,1,1,0,0,0
2,64.1,74.32,7.5,205.0,9.2,4.1,0.7073170731707317,7,2,11.4,2026-01-21,0,0,1,0,0,0,0,0,1,0,0,0,0,0,1,0,0,0,0,0,0,0,0,0,0,0,0,1,0,0,1,0,0,1,0,1,0,0
2,69.8,22.47,13.2,155.0,15.7,2.0,0.8903225806451613,17,2,12.7,2026-01-21,0,1,0,0,0,0,1,0,0,0,0,0,0,1,0,0,0,0,0,0,1,0,0,0,0,0,0,0,0,0,0,1,0,1,0,1,0,0
2,44.2,50.58,7.9,155.0,15.7,2.0,0.7935483870967742,17,2,12.7,2026-01-21,0,1,0,0,0,0,1,0,0,0,0,0,0,1,0,0,0,0,0,0,1,0,0,0,0,0,0,0,0,0,1,0,1,0,1,0,0,0
2,59.3,59.12,9.4,155.0,15.7,2.4,0.6967741935483871,17,2,12.7,2026-01-21,0,1,0,0,0,0,1,0,0,0,0,0,0,1,0,0,0,0,0,0,1,0,0,0,0,0,0,0,0,1,0,0,1,0,0,1,0,0
1,66.7,88.53,5.4,155.0,15.7,2.0,0.5290322580645161,16,2,12.7,2026-01-21,0,1,0,0,0,0,1,0,0,0,1,0,0,0,0,0,0,0,0,1,0,0,0,0,0,0,0,0,0,0,0,1,1,0,0,1,0,0
1,67.5,104.88,4.0,155.0,15.7,2.0,0.432258064516129,16,2,12.7,2026-01-21,0,1,0,0,0,0,1,0,0,0,1,0,0,0,0,0,0,0,0,1,0,0,0,0,0,0,0,0,0,0,1,0,1,0,0,0,1,0
0,60.6,254.9,-1.9,205.0,9.2,3.9,0.04878048780487805,5,2,11.4,2026-01-21,0,0,1,0,0,0,0,0,1,0,0,0,0,0,0,0,0,1,0,0,0,0,0,0,0,0,0,0,1,0,1,0,1,0,0,1,0,0
0,76.8,133.8,4.9,155.0,3.4,0.0,0.25806451612903225,11,3,4.2,2026-01-22,0,0,0,0,1,0,1,0,0,0,0,0,0,0,0,0,1,0,0,0,0,1,0,0,0,0,0,0,0,0,0,1,1,0,0,1,0,0
0,69.8,155.92,0.9,155.0,3.4,0.0,0.16129032258064516,11,3,4.2,2026-01-22,0,0,0,0,1,0,1,0,0,0,0,0,0,0,0,0,1,0,0,0,0,1,0,0,0,0,0,0,0,0,1,0,0,1,0,0,0,1
0,63.5,174.42,1.8,155.0,3.4,2.0,0.06451612903225806,10,3,4.2,2026-01-22,0,0,0,0,1,0,1,0,0,0,0,0,0,0,0,0,1,0,0,0,0,1,0,0,0,0,0,0,0,1,0,0,0,1,0,1,0,0
3,61.7,5.87,7.3,140.0,8.1,2.0,1.0,11,3,10.1,2026-01-22,0,0,0,1,0,0,0,1,0,0,0,1,0,0,0,0,0,0,0,0,0,0,1,0,0,0,0,0,0,1,0,0,1,0,0,1,0,0
3,68.5,18.46,7.9,140.0,8.1,2.0,0.9285714285714286,10,3,10.1,2026-01-22,0,0,0,1,0,0,0,1,0,0,0,1,0,0,0,0,0,0,0,0,0,0,1,0,0,0,0,0,0,1,0,0,1,0,0,0,0,1
3,46.8,39.2,7.6,140.0,8.1,3.3,0.8214285714285714,10,3,10.1,2026-01-22,0,0,0,1,0,0,0,1,0,0,0,1,0,0,0,0,0,0,0,0,0,0,1,0,0,0,0,0,0,0,1,0,0,1,0,0,0,1
1,57.0,90.0,1.4,140.0,8.1,2.0,0.5357142857142857,9,3,10.1,2026-01-22,0,0,0,1,0,0,0,1,0,0,0,0,0,0,0,1,0,0,0,0,0,0,0,0,1,0,0,0,0,0,1,0,1,0,1,0,0,0
2,70.3,57.71,3.9,140.0,8.1,2.0,0.6785714285714286,10,3,10.1,2026-01-22,0,0,0,1,0,0,0,1,0,0,0,0,1,0,0,0,0,0,0,0,0,0,0,1,0,0,0,0,0,1,0,0,0,1,0,1,0,0
2,63.2,76.47,7.5,140.0,8.1,3.6,0.5714285714285714,9,3,10.1,2026-01-22,0,0,0,1,0,0,0,1,0,0,0,0,1,0,0,0,0,0,0,0,0,0,0,1,0,0,0,0,0,0,1,0,0,1,1,0,0,0
1,64.2,101.25,3.5,140.0,8.1,2.0,0.42857142857142855,9,3,10.1,2026-01-22,0,0,0,1,0,0,0,1,0,0,0,0,0,0,0,1,0,0,0,0,0,0,0,0,1,0,0,0,0,0,0,1,1,0,0,0,1,0
1,65.2,117.13,5.6,140.0,8.1,3.2,0.32142857142857145,9,3,10.1,2026-01-22,0,0,0,1,0,0,0,1,0,0,0,0,0,0,0,1,0,0,0,0,0,0,0,0,1,0,0,0,0,0,0,1,1,0,0,0,1,0
0,61.2,151.2,1.3,140.0,8.1,0.0,0.2857142857142857,9,3,10.1,2026-01-22,0,0,0,1,0,0,0,1,0,0,0,0,0,0,0,0,0,0,1,0,0,0,0,0,0,1,0,0,0,0,0,1,1,0,0,1,0,0
2,57.3,48.8,6.9,140.0,8.1,2.0,0.7857142857142857,10,3,10.1,2026-01-22,0,0,0,1,0,0,0,1,0,0,0,0,1,0,0,0,0,0,0,0,0,0,0,1,0,0,0,0,0,1,0,0,0,1,0,0,1,0
1,52.4,124.27,2.5,155.0,3.4,6.9,0.33548387096774196,11,3,4.2,2026-01-22,0,0,0,0,1,0,1,0,0,0,1,0,0,0,0,0,0,0,0,1,0,0,0,0,0,0,0,0,0,1,0,0,0,1,0,0,1,0
2,50.2,51.53,8.4,205.0,5.3,2.0,0.8536585365853658,15,3,10.0,2026-01-22,0,0,0,0,0,1,0,0,1,0,0,0,0,0,1,0,0,0,0,0,0,0,0,0,0,0,0,1,0,1,0,0,0,1,0,1,0,0
1,64.1,90.27,-1.2,155.0,3.4,2.0,0.5290322580645161,12,3,4.2,2026-01-22,0,0,0,0,1,0,1,0,0,0,1,0,0,0,0,0,0,0,0,1,0,0,0,0,0,0,0,0,0,1,0,0,0,1,0,0,1,0
2,65.0,58.17,5.3,155.0,3.4,5.5,0.6967741935483871,12,3,4.2,2026-01-22,0,0,0,0,1,0,1,0,0,0,0,0,0,1,0,0,0,0,0,0,1,0,0,0,0,0,0,0,0,0,0,1,1,0,0,1,0,0
2,76.4,37.17,2.8,155.0,3.4,2.0,0.7935483870967742,12,3,4.2,2026-01-22,0,0,0,0,1,0,1,0,0,0,0,0,0,1,0,0,0,0,0,0,1,0,0,0,0,0,0,0,0,1,0,0,0,1,0,0,1,0
2,74.6,19.27,1.3,155.0,3.4,2.0,0.8903225806451613,13,3,4.2,2026-01-22,0,0,0,0,1,0,1,0,0,0,0,0,0,1,0,0,0,0,0,0,1,0,0,0,0,0,0,0,0,0,0,1,0,1,1,0,0,0
0,75.1,252.48,-2.8,205.0,5.3,1.7,0.04878048780487805,12,3,10.0,2026-01-22,0,0,0,0,0,1,0,0,1,0,0,0,0,0,0,0,0,1,0,0,0,0,0,0,0,0,0,0,1,1,0,0,0,1,0,1,0,0
0,73.2,234.5,-1.3,205.0,5.3,0.0,0.12195121951219512,12,3,10.0,2026-01-22,0,0,0,0,0,1,0,0,1,0,0,0,0,0,0,0,0,1,0,0,0,0,0,0,0,0,0,0,1,1,0,0,1,0,0,0,1,0
0,81.7,210.53,2.1,205.0,5.3,0.0,0.1951219512195122,13,3,10.0,2026-01-22,0,0,0,0,0,1,0,0,1,0,0,0,0,0,0,0,0,1,0,0,0,0,0,0,0,0,0,0,1,0,1,0,1,0,0,1,0,0
1,75.4,177.43,0.3,205.0,5.3,3.3,0.3170731707317073,13,3,10.0,2026-01-22,0,0,0,0,0,1,0,0,1,1,0,0,0,0,0,0,0,0,0,0,0,0,0,0,0,0,1,0,0,1,0,0,1,0,0,0,1,0
1,67.8,161.75,4.8,205.0,5.3,2.0,0.3902439024390244,13,3,10.0,2026-01-22,0,0,0,0,0,1,0,0,1,1,0,0,0,0,0,0,0,0,0,0,0,0,0,0,0,0,1,0,0,1,0,0,1,0,0,1,0,0
1,61.2,149.2,1.1,205.0,5.3,2.0,0.4634146341463415,13,3,10.0,2026-01-22,0,0,0,0,0,1,0,0,1,1,0,0,0,0,0,0,0,0,0,0,0,0,0,0,0,0,1,0,0,0,1,0,0,1,0,0,1,0
2,60.4,74.93,6.6,205.0,5.3,4.6,0.7073170731707317,14,3,10.0,2026-01-22,0,0,0,0,0,1,0,0,1,0,0,0,0,0,1,0,0,0,0,0,0,0,0,0,0,0,0,1,0,0,1,0,1,0,1,0,0,0
2,52.4,63.17,10.7,205.0,5.3,2.0,0.7804878048780488,15,3,10.0,2026-01-22,0,0,0,0,0,1,0,0,1,0,0,0,0,0,1,0,0,0,0,0,0,0,0,0,0,0,0,1,0,1,0,0,1,0,0,0,0,1
0,67.7,163.79,3.3,140.0,8.1,0.0,0.17857142857142858,9,3,10.1,2026-01-22,0,0,0,1,0,0,0,1,0,0,0,0,0,0,0,0,0,0,1,0,0,0,0,0,0,1,0,0,0,0,0,1,1,0,0,1,0,0
1,56.3,109.54,-0.1,155.0,3.4,2.0,0.432258064516129,11,3,4.2,2026-01-22,0,0,0,0,1,0,1,0,0,0,1,0,0,0,0,0,0,0,0,1,0,0,0,0,0,0,0,0,0,0,1,0,0,1,0,1,0,0
2,70.3,38.13,-2.2,205.0,3.3,2.0,0.8536585365853658,9,3,1.1,2026-01-22,0,0,1,0,0,0,0,0,1,0,0,0,0,0,1,0,0,0,0,0,0,0,0,0,0,0,0,1,0,1,0,0,0,1,0,0,1,0
0,77.4,252.1,-0.5,205.0,3.3,0.9,0.04878048780487805,6,3,1.1,2026-01-22,0,0,1,0,0,0,0,0,1,0,0,0,0,0,0,0,0,1,0,0,0,0,0,0,0,0,0,0,1,0,1,0,1,0,0,0,0,1
2,89.4,47.75,1.6,205.0,3.3,2.0,0.7804878048780488,9,3,1.1,2026-01-22,0,0,1,0,0,0,0,0,1,0,0,0,0,0,1,0,0,0,0,0,0,0,0,0,0,0,0,1,0,0,1,0,1,0,1,0,0,0
0,69.2,180.47,-3.0,140.0,8.1,4.3,0.07142857142857142,8,3,10.1,2026-01-22,0,0,0,1,0,0,0,1,0,0,0,0,0,0,0,0,0,0,1,0,0,0,0,0,0,1,0,0,0,0,0,1,1,0,0,0,0,1
0,66.8,180.87,4.8,140.0,10.5,1.7,0.07142857142857142,14,3,10.3,2026-01-22,1,0,0,0,0,0,0,1,0,0,0,0,0,0,0,0,0,0,1,0,0,0,0,0,0,1,0,0,0,1,0,0,1,0,0,0,0,1
0,67.1,164.04,1.3,140.0,10.5,0.0,0.17857142857142858,14,3,10.3,2026-01-22,1,0,0,0,0,0,0,1,0,0,0,0,0,0,0,0,0,0,1,0,0,0,0,0,0,1,0,0,0,1,0,0,1,0,0,1,0,0
0,57.5,153.67,5.1,140.0,10.5,0.0,0.2857142857142857,14,3,10.3,2026-01-22,1,0,0,0,0,0,0,1,0,0,0,0,0,0,0,0,0,0,1,0,0,0,0,0,0,1,0,0,0,0,1,0,0,1,0,1,0,0
1,61.5,117.75,7.6,140.0,10.5,4.5,0.32142857142857145,15,3,10.3,2026-01-22,1,0,0,0,0,0,0,1,0,0,0,0,0,0,0,1,0,0,0,0,0,0,0,0,1,0,0,0,0,0,1,0,1,0,1,0,0,0
1,61.8,102.25,2.7,140.0,10.5,2.0,0.42857142857142855,15,3,10.3,2026-01-22,1,0,0,0,0,0,0,1,0,0,0,0,0,0,0,1,0,0,0,0,0,0,0,0,1,0,0,0,0,1,0,0,1,0,0,0,1,0
1,70.4,81.07,1.4,140.0,10.5,2.0,0.5357142857142857,15,3,10.3,2026-01-22,1,0,0,0,0,0,0,1,0,0,0,0,0,0,0,1,0,0,0,0,0,0,0,0,1,0,0,0,0,0,1,0,1,0,0,0,0,1
2,52.1,78.32,4.8,140.0,10.5,4.4,0.5714285714285714,15,3,10.3,2026-01-22,1,0,0,0,0,0,0,1,0,0,0,0,1,0,0,0,0,0,0,0,0,0,0,1,0,0,0,0,0,0,0,1,0,1,0,1,0,0
2,65.2,59.83,6.8,140.0,10.5,2.0,0.6785714285714286,15,3,10.3,2026-01-22,1,0,0,0,0,0,0,1,0,0,0,0,1,0,0,0,0,0,0,0,0,0,0,1,0,0,0,0,0,1,0,0,0,1,0,0,0,1
3,60.7,36.88,7.7,140.0,10.5,4.1,0.8214285714285714,16,3,10.3,2026-01-22,1,0,0,0,0,0,0,1,0,0,0,1,0,0,0,0,0,0,0,0,0,0,1,0,0,0,0,0,0,0,0,1,1,0,1,0,0,0
3,50.3,26.04,11.7,140.0,10.5,2.0,0.9285714285714286,16,3,10.3,2026-01-22,1,0,0,0,0,0,0,1,0,0,0,1,0,0,0,0,0,0,0,0,0,0,1,0,0,0,0,0,0,0,0,1,0,1,0,0,1,0
3,44.6,17.27,12.0,140.0,10.5,2.0,1.0,16,3,10.3,2026-01-22,1,0,0,0,0,0,0,1,0,0,0,1,0,0,0,0,0,0,0,0,0,0,1,0,0,0,0,0,0,0,0,1,1,0,0,0,0,1
0,60.1,174.98,4.6,155.0,1.6,2.3,0.06451612903225806,16,3,3.5,2026-01-22,0,1,0,0,0,0,1,0,0,0,0,0,0,0,0,0,1,0,0,0,0,1,0,0,0,0,0,0,0,0,1,0,1,0,0,0,0,1
0,71.7,155.12,2.7,155.0,1.6,0.0,0.16129032258064516,16,3,3.5,2026-01-22,0,1,0,0,0,0,1,0,0,0,0,0,0,0,0,0,1,0,0,0,0,1,0,0,0,0,0,0,0,1,0,0,1,0,0,1,0,0
2,60.2,46.87,8.5,140.0,10.5,2.0,0.7857142857142857,16,3,10.3,2026-01-22,1,0,0,0,0,0,0,1,0,0,0,0,1,0,0,0,0,0,0,0,0,0,0,1,0,0,0,0,0,1,0,0,0,1,0,1,0,0
1,68.3,121.62,3.7,155.0,1.6,4.1,0.33548387096774196,17,3,3.5,2026-01-22,0,1,0,0,0,0,1,0,0,0,1,0,0,0,0,0,0,0,0,1,0,0,0,0,0,0,0,0,0,1,0,0,1,0,0,1,0,0
2,71.8,73.03,-3.0,205.0,3.3,3.4,0.7073170731707317,8,3,1.1,2026-01-22,0,0,1,0,0,0,0,0,1,0,0,0,0,0,1,0,0,0,0,0,0,0,0,0,0,0,0,1,0,0,1,0,1,0,0,0,0,1
0,56.5,147.33,1.3,155.0,1.6,0.0,0.25806451612903225,17,3,3.5,2026-01-22,0,1,0,0,0,0,1,0,0,0,0,0,0,0,0,0,1,0,0,0,0,1,0,0,0,0,0,0,0,0,1,0,1,0,0,1,0,0
1,59.8,165.08,2.4,205.0,3.3,2.0,0.3902439024390244,7,3,1.1,2026-01-22,0,0,1,0,0,0,0,0,1,1,0,0,0,0,0,0,0,0,0,0,0,0,0,0,0,0,1,0,0,0,0,1,1,0,0,0,1,0
1,70.9,178.18,-2.8,205.0,3.3,2.9,0.3170731707317073,7,3,1.1,2026-01-22,0,0,1,0,0,0,0,0,1,1,0,0,0,0,0,0,0,0,0,0,0,0,0,0,0,0,1,0,0,0,1,0,0,1,0,1,0,0
0,76.9,213.73,-0.7,205.0,3.3,0.0,0.1951219512195122,7,3,1.1,2026-01-22,0,0,1,0,0,0,0,0,1,0,0,0,0,0,0,0,0,1,0,0,0,0,0,0,0,0,0,0,1,1,0,0,1,0,0,1,0,0
0,64.5,238.12,-2.2,205.0,3.3,0.0,0.12195121951219512,6,3,1.1,2026-01-22,0,0,1,0,0,0,0,0,1,0,0,0,0,0,0,0,0,1,0,0,0,0,0,0,0,0,0,0,1,1,0,0,1,0,1,0,0,0
1,76.5,139.0,-3.0,205.0,3.3,2.0,0.4634146341463415,8,3,1.1,2026-01-22,0,0,1,0,0,0,0,0,1,1,0,0,0,0,0,0,0,0,0,0,0,0,0,0,0,0,1,0,0,0,0,1,1,0,0,1,0,0
2,61.5,28.0,1.4,155.0,1.6,2.0,0.8903225806451613,18,3,3.5,2026-01-22,0,1,0,0,0,0,1,0,0,0,0,0,0,1,0,0,0,0,0,0,1,0,0,0,0,0,0,0,0,0,1,0,0,1,0,0,0,1
2,65.8,41.58,4.1,155.0,1.6,2.0,0.7935483870967742,18,3,3.5,2026-01-22,0,1,0,0,0,0,1,0,0,0,0,0,0,1,0,0,0,0,0,0,1,0,0,0,0,0,0,0,0,0,1,0,0,1,0,0,0,1
2,52.6,60.23,0.6,155.0,1.6,3.7,0.6967741935483871,18,3,3.5,2026-01-22,0,1,0,0,0,0,1,0,0,0,0,0,0,1,0,0,0,0,0,0,1,0,0,0,0,0,0,0,0,0,1,0,1,0,0,1,0,0
1,90.0,73.0,1.1,155.0,1.6,2.0,0.5290322580645161,17,3,3.5,2026-01-22,0,1,0,0,0,0,1,0,0,0,1,0,0,0,0,0,0,0,0,1,0,0,0,0,0,0,0,0,0,1,0,0,1,0,0,1,0,0
1,57.3,109.12,0.3,155.0,1.6,2.0,0.432258064516129,17,3,3.5,2026-01-22,0,1,0,0,0,0,1,0,0,0,1,0,0,0,0,0,0,0,0,1,0,0,0,0,0,0,0,0,0,1,0,0,0,1,0,1,0,0
0,64.1,174.32,-1.9,155.0,9.6,2.4,0.06451612903225806,11,4,21.6,2026-01-23,0,0,0,0,1,0,1,0,0,0,0,0,0,0,0,0,1,0,0,0,0,1,0,0,0,0,0,0,0,0,1,0,0,1,0,1,0,0
3,62.2,5.53,0.2,140.0,2.5,2.0,1.0,12,4,-0.2,2026-01-23,0,0,0,1,0,0,0,1,0,0,0,1,0,0,0,0,0,0,0,0,0,0,1,0,0,0,0,0,0,1,0,0,0,1,1,0,0,0
3,73.1,16.54,-2.1,140.0,2.5,2.0,0.9285714285714286,11,4,-0.2,2026-01-23,0,0,0,1,0,0,0,1,0,0,0,1,0,0,0,0,0,0,0,0,0,0,1,0,0,0,0,0,0,1,0,0,0,1,0,1,0,0
3,67.6,35.73,2.7,140.0,2.5,3.7,0.8214285714285714,11,4,-0.2,2026-01-23,0,0,0,1,0,0,0,1,0,0,0,1,0,0,0,0,0,0,0,0,0,0,1,0,0,0,0,0,0,0,0,1,0,1,0,1,0,0
2,60.0,47.0,-2.7,140.0,2.5,2.0,0.7857142857142857,11,4,-0.2,2026-01-23,0,0,0,1,0,0,0,1,0,0,0,0,1,0,0,0,0,0,0,0,0,0,0,1,0,0,0,0,0,1,0,0,0,1,0,1,0,0
2,75.9,74.35,-2.1,140.0,2.5,5.3,0.5714285714285714,10,4,-0.2,2026-01-23,0,0,0,1,0,0,0,1,0,0,0,0,1,0,0,0,0,0,0,0,0,0,0,1,0,0,0,0,0,0,1,0,1,0,0,0,0,1
0,70.8,144.8,-0.9,140.0,2.5,0.0,0.2857142857142857,10,4,-0.2,2026-01-23,0,0,0,1,0,0,0,1,0,0,0,0,0,0,0,0,0,0,1,0,0,0,0,0,0,1,0,0,0,1,0,0,1,0,0,0,0,1
1,88.2,69.2,-2.8,140.0,2.5,2.0,0.5357142857142857,10,4,-0.2,2026-01-23,0,0,0,1,0,0,0,1,0,0,0,0,0,0,0,1,0,0,0,0,0,0,0,0,1,0,0,0,0,0,0,1,1,0,0,0,0,1
1,71.3,98.29,4.7,140.0,2.5,2.0,0.42857142857142855,10,4,-0.2,2026-01-23,0,0,0,1,0,0,0,1,0,0,0,0,0,0,0,1,0,0,0,0,0,0,0,0,1,0,0,0,0,0,1,0,0,1,0,1,0,0
1,55.9,118.68,-2.1,140.0,2.5,5.3,0.32142857142857145,10,4,-0.2,2026-01-23,0,0,0,1,0,0,0,1,0,0,0,0,0,0,0,1,0,0,0,0,0,0,0,0,1,0,0,0,0,0,1,0,0,1,0,0,0,1
0,53.0,162.92,5.6,155.0,9.6,0.0,0.16129032258064516,12,4,21.6,2026-01-23,0,0,0,0,1,0,1,0,0,0,0,0,0,0,0,0,1,0,0,0,0,1,0,0,0,0,0,0,0,0,1,0,1,0,0,1,0,0
2,68.9,58.29,-1.1,140.0,2.5,2.0,0.6785714285714286,11,4,-0.2,2026-01-23,0,0,0,1,0,0,0,1,0,0,0,0,1,0,0,0,0,0,0,0,0,0,0,1,0,0,0,0,0,0,1,0,1,0,0,1,0,0
0,64.7,141.87,8.0,155.0,9.6,0.0,0.25806451612903225,12,4,21.6,2026-01-23,0,0,0,0,1,0,1,0,0,0,0,0,0,0,0,0,1,0,0,0,0,1,0,0,0,0,0,0,0,0,1,0,0,1,0,0,1,0
2,59.9,60.04,15.0,205.0,14.7,2.0,0.7804878048780488,16,4,19.5,2026-01-23,0,0,0,0,0,1,0,0,1,0,0,0,0,0,1,0,0,0,0,0,0,0,0,0,0,0,0,1,0,1,0,0,0,1,0,0,0,1
1,59.1,108.38,12.8,155.0,9.6,2.0,0.432258064516129,12,4,21.6,2026-01-23,0,0,0,0,1,0,1,0,0,0,1,0,0,0,0,0,0,0,0,1,0,0,0,0,0,0,0,0,0,0,1,0,0,1,0,0,1,0
1,52.9,97.73,12.2,155.0,9.6,2.0,0.5290322580645161,13,4,21.6,2026-01-23,0,0,0,0,1,0,1,0,0,0,1,0,0,0,0,0,0,0,0,1,0,0,0,0,0,0,0,0,0,1,0,0,1,0,0,1,0,0
2,62.5,58.58,15.8,155.0,9.6,4.7,0.6967741935483871,13,4,21.6,2026-01-23,0,0,0,0,1,0,1,0,0,0,0,0,0,1,0,0,0,0,0,0,1,0,0,0,0,0,0,0,0,0,1,0,1,0,0,0,1,0
2,56.3,45.54,16.9,155.0,9.6,2.0,0.7935483870967742,13,4,21.6,2026-01-23,0,0,0,0,1,0,1,0,0,0,0,0,0,1,0,0,0,0,0,0,1,0,0,0,0,0,0,0,0,0,1,0,0,1,0,0,1,0
2,43.8,39.8,18.6,155.0,9.6,2.0,0.8903225806451613,14,4,21.6,2026-01-23,0,0,0,0,1,0,1,0,0,0,0,0,0,1,0,0,0,0,0,0,1,0,0,0,0,0,0,0,0,1,0,0,1,0,0,0,0,1
0,67.1,253.82,0.8,205.0,14.7,2.7,0.04878048780487805,13,4,19.5,2026-01-23,0,0,0,0,0,1,0,0,1,0,0,0,0,0,0,0,0,1,0,0,0,0,0,0,0,0,0,0,1,0,0,1,0,1,0,1,0,0
0,60.7,239.71,1.2,205.0,14.7,0.0,0.12195121951219512,13,4,19.5,2026-01-23,0,0,0,0,0,1,0,0,1,0,0,0,0,0,0,0,0,1,0,0,0,0,0,0,0,0,0,0,1,1,0,0,1,0,0,1,0,0
0,62.2,223.53,6.5,205.0,14.7,0.0,0.1951219512195122,14,4,19.5,2026-01-23,0,0,0,0,0,1,0,0,1,0,0,0,0,0,0,0,0,1,0,0,0,0,0,0,0,0,0,0,1,0,0,1,1,0,0,1,0,0
1,68.2,178.63,1.4,205.0,14.7,4.6,0.3170731707317073,14,4,19.5,2026-01-23,0,0,0,0,0,1,0,0,1,1,0,0,0,0,0,0,0,0,0,0,0,0,0,0,0,0,1,0,0,1,0,0,1,0,0,0,1,0
1,52.6,168.08,6.8,205.0,14.7,2.0,0.3902439024390244,14,4,19.5,2026-01-23,0,0,0,0,0,1,0,0,1,1,0,0,0,0,0,0,0,0,0,0,0,0,0,0,0,0,1,0,0,0,0,1,1,0,0,1,0,0
1,64.8,146.8,9.5,205.0,14.7,2.0,0.4634146341463415,14,4,19.5,2026-01-23,0,0,0,0,0,1,0,0,1,1,0,0,0,0,0,0,0,0,0,0,0,0,0,0,0,0,1,0,0,0,1,0,1,0,0,0,1,0
2,63.6,74.4,13.5,205.0,14.7,2.8,0.7073170731707317,15,4,19.5,2026-01-23,0,0,0,0,0,1,0,0,1,0,0,0,0,0,1,0,0,0,0,0,0,0,0,0,0,0,0,1,0,0,0,1,0,1,1,0,0,0
0,40.6,175.08,2.5,140.0,2.5,0.0,0.17857142857142858,10,4,-0.2,2026-01-23,0,0,0,1,0,0,0,1,0,0,0,0,0,0,0,0,0,0,1,0,0,0,0,0,0,1,0,0,0,1,0,0,0,1,0,0,1,0
2,58.4,46.07,17.1,205.0,14.7,2.0,0.8536585365853658,16,4,19.5,2026-01-23,0,0,0,0,0,1,0,0,1,0,0,0,0,0,1,0,0,0,0,0,0,0,0,0,0,0,0,1,0,0,0,1,1,0,0,0,1,0
1,60.2,122.97,7.9,155.0,9.6,4.8,0.33548387096774196,12,4,21.6,2026-01-23,0,0,0,0,1,0,1,0,0,0,1,0,0,0,0,0,0,0,0,1,0,0,0,0,0,0,0,0,0,0,1,0,0,1,0,0,1,0
0,60.1,181.98,-0.4,140.0,2.5,3.7,0.07142857142857142,9,4,-0.2,2026-01-23,0,0,0,1,0,0,0,1,0,0,0,0,0,0,0,0,0,0,1,0,0,0,0,0,0,1,0,0,0,0,1,0,1,0,0,1,0,0
0,70.1,235.79,-0.9,205.0,11.1,0.0,0.12195121951219512,7,4,8.0,2026-01-23,0,0,1,0,0,0,0,0,1,0,0,0,0,0,0,0,0,1,0,0,0,0,0,0,0,0,0,0,1,1,0,0,0,1,0,0,1,0
2,66.4,57.33,8.1,205.0,11.1,2.0,0.7804878048780488,10,4,8.0,2026-01-23,0,0,1,0,0,0,0,0,1,0,0,0,0,0,1,0,0,0,0,0,0,0,0,0,0,0,0,1,0,0,1,0,1,0,0,1,0,0
0,64.2,181.3,-0.4,140.0,0.7,2.1,0.07142857142857142,15,4,7.2,2026-01-23,1,0,0,0,0,0,0,1,0,0,0,0,0,0,0,0,0,0,1,0,0,0,0,0,0,1,0,0,0,1,0,0,1,0,1,0,0,0
0,62.5,165.96,-1.5,140.0,0.7,0.0,0.17857142857142858,15,4,7.2,2026-01-23,1,0,0,0,0,0,0,1,0,0,0,0,0,0,0,0,0,0,1,0,0,0,0,0,0,1,0,0,0,0,1,0,1,0,0,1,0,0
0,75.3,141.8,3.8,140.0,0.7,0.0,0.2857142857142857,15,4,7.2,2026-01-23,1,0,0,0,0,0,0,1,0,0,0,0,0,0,0,0,0,0,1,0,0,0,0,0,0,1,0,0,0,0,0,1,1,0,0,1,0,0
1,65.3,117.12,1.1,140.0,0.7,4.5,0.32142857142857145,16,4,7.2,2026-01-23,1,0,0,0,0,0,0,1,0,0,0,0,0,0,0,1,0,0,0,0,0,0,0,0,1,0,0,0,0,0,1,0,0,1,0,0,0,1
1,66.9,100.12,1.0,140.0,0.7,2.0,0.42857142857142855,16,4,7.2,2026-01-23,1,0,0,0,0,0,0,1,0,0,0,0,0,0,0,1,0,0,0,0,0,0,0,0,1,0,0,0,0,1,0,0,0,1,0,0,1,0
1,66.5,83.67,1.4,140.0,0.7,2.0,0.5357142857142857,16,4,7.2,2026-01-23,1,0,0,0,0,0,0,1,0,0,0,0,0,0,0,1,0,0,0,0,0,0,0,0,1,0,0,0,0,0,1,0,0,1,1,0,0,0
2,65.0,41.67,5.2,205.0,11.1,2.0,0.8536585365853658,10,4,8.0,2026-01-23,0,0,1,0,0,0,0,0,1,0,0,0,0,0,1,0,0,0,0,0,0,0,0,0,0,0,0,1,0,0,0,1,1,0,0,0,1,0
2,75.0,55.75,5.3,140.0,0.7,2.0,0.6785714285714286,16,4,7.2,2026-01-23,1,0,0,0,0,0,0,1,0,0,0,0,1,0,0,0,0,0,0,0,0,0,0,1,0,0,0,0,0,0,1,0,1,0,0,1,0,0
2,67.4,42.07,9.0,140.0,0.7,2.0,0.7857142857142857,17,4,7.2,2026-01-23,1,0,0,0,0,0,0,1,0,0,0,0,1,0,0,0,0,0,0,0,0,0,0,1,0,0,0,0,0,1,0,0,0,1,1,0,0,0
3,70.9,35.18,3.7,140.0,0.7,5.1,0.8214285714285714,17,4,7.2,2026-01-23,1,0,0,0,0,0,0,1,0,0,0,1,0,0,0,0,0,0,0,0,0,0,1,0,0,0,0,0,0,1,0,0,0,1,0,1,0,0
3,64.3,20.21,9.5,140.0,0.7,2.0,0.9285714285714286,17,4,7.2,2026-01-23,1,0,0,0,0,0,0,1,0,0,0,1,0,0,0,0,0,0,0,0,0,0,1,0,0,0,0,0,0,0,0,1,0,1,0,1,0,0
3,70.7,1.0,5.9,140.0,0.7,2.0,1.0,17,4,7.2,2026-01-23,1,0,0,0,0,0,0,1,0,0,0,1,0,0,0,0,0,0,0,0,0,0,1,0,0,0,0,0,0,0,1,0,0,1,1,0,0,0
0,75.9,172.35,2.1,155.0,6.4,2.6,0.06451612903225806,5,4,6.0,2026-01-23,0,1,0,0,0,0,1,0,0,0,0,0,0,0,0,0,1,0,0,0,0,1,0,0,0,0,0,0,0,1,0,0,1,0,0,0,1,0
2,52.1,78.32,5.4,140.0,0.7,5.6,0.5714285714285714,16,4,7.2,2026-01-23,1,0,0,0,0,0,0,1,0,0,0,0,1,0,0,0,0,0,0,0,0,0,0,1,0,0,0,0,0,0,1,0,0,1,0,0,1,0
0,69.6,138.6,0.1,155.0,6.4,0.0,0.25806451612903225,6,4,6.0,2026-01-23,0,1,0,0,0,0,1,0,0,0,0,0,0,0,0,0,1,0,0,0,0,1,0,0,0,0,0,0,0,1,0,0,0,1,0,1,0,0
0,62.6,158.92,4.6,155.0,6.4,0.0,0.16129032258064516,5,4,6.0,2026-01-23,0,1,0,0,0,0,1,0,0,0,0,0,0,0,0,0,1,0,0,0,0,1,0,0,0,0,0,0,0,0,1,0,1,0,0,0,1,0
2,45.4,77.43,4.3,205.0,11.1,4.6,0.7073170731707317,9,4,8.0,2026-01-23,0,0,1,0,0,0,0,0,1,0,0,0,0,0,1,0,0,0,0,0,0,0,0,0,0,0,0,1,0,0,1,0,0,1,0,0,0,1
1,62.4,148.4,5.4,205.0,11.1,2.0,0.4634146341463415,9,4,8.0,2026-01-23,0,0,1,0,0,0,0,0,1,1,0,0,0,0,0,0,0,0,0,0,0,0,0,0,0,0,1,0,0,1,0,0,1,0,0,1,0,0
1,73.0,159.58,3.1,205.0,11.1,2.0,0.3902439024390244,8,4,8.0,2026-01-23,0,0,1,0,0,0,0,0,1,1,0,0,0,0,0,0,0,0,0,0,0,0,0,0,0,0,1,0,0,1,0,0,1,0,0,1,0,0
0,58.0,226.33,0.9,205.0,11.1,0.0,0.1951219512195122,8,4,8.0,2026-01-23,0,0,1,0,0,0,0,0,1,0,0,0,0,0,0,0,0,1,0,0,0,0,0,0,0,0,0,0,1,0,0,1,1,0,1,0,0,0
0,58.0,255.33,-2.1,205.0,11.1,3.1,0.04878048780487805,7,4,8.0,2026-01-23,0,0,1,0,0,0,0,0,1,0,0,0,0,0,0,0,0,1,0,0,0,0,0,0,0,0,0,0,1,0,1,0,1,0,1,0,0,0
1,68.5,178.58,0.6,205.0,11.1,5.1,0.3170731707317073,8,4,8.0,2026-01-23,0,0,1,0,0,0,0,0,1,1,0,0,0,0,0,0,0,0,0,0,0,0,0,0,0,0,1,0,0,1,0,0,1,0,0,0,0,1
2,68.9,40.29,0.3,155.0,6.4,2.0,0.7935483870967742,7,4,6.0,2026-01-23,0,1,0,0,0,0,1,0,0,0,0,0,0,1,0,0,0,0,0,0,1,0,0,0,0,0,0,0,0,1,0,0,1,0,0,1,0,0
2,65.3,58.12,2.2,155.0,6.4,4.3,0.6967741935483871,7,4,6.0,2026-01-23,0,1,0,0,0,0,1,0,0,0,0,0,0,1,0,0,0,0,0,0,1,0,0,0,0,0,0,0,0,1,0,0,1,0,0,1,0,0
1,65.2,89.53,4.0,155.0,6.4,2.0,0.5290322580645161,6,4,6.0,2026-01-23,0,1,0,0,0,0,1,0,0,0,1,0,0,0,0,0,0,0,0,1,0,0,0,0,0,0,0,0,0,1,0,0,1,0,1,0,0,0
1,65.5,105.71,0.7,155.0,6.4,2.0,0.432258064516129,6,4,6.0,2026-01-23,0,1,0,0,0,0,1,0,0,0,1,0,0,0,0,0,0,0,0,1,0,0,0,0,0,0,0,0,0,1,0,0,1,0,0,1,0,0
1,90.2,117.97,0.0,155.0,6.4,4.6,0.33548387096774196,6,4,6.0,2026-01-23,0,1,0,0,0,0,1,0,0,0,1,0,0,0,0,0,0,0,0,1,0,0,0,0,0,0,0,0,0,1,0,0,1,0,0,1,0,0
2,56.4,31.4,4.9,155.0,6.4,2.0,0.8903225806451613,7,4,6.0,2026-01-23,0,1,0,0,0,0,1,0,0,0,0,0,0,1,0,0,0,0,0,0,1,0,0,0,0,0,0,0,0,0,1,0,1,0,0,0,0,1
3,72.0,35.0,6.5,140.0,9.7,5.6,0.8214285714285714,12,5,4.8,2026-01-24,0,0,0,1,0,0,0,1,0,0,0,1,0,0,0,0,0,0,0,0,0,0,1,0,0,0,0,0,0,1,0,0,0,1,0,0,1,0
0,57.0,161.25,5.9,155.0,14.9,0.0,0.16129032258064516,13,5,25.1,2026-01-24,0,0,0,0,1,0,1,0,0,0,0,0,0,0,0,0,1,0,0,0,0,1,0,0,0,0,0,0,0,1,0,0,0,1,0,1,0,0
0,75.0,172.5,-0.6,155.0,14.9,1.4,0.06451612903225806,12,5,25.1,2026-01-24,0,0,0,0,1,0,1,0,0,0,0,0,0,0,0,0,1,0,0,0,0,1,0,0,0,0,0,0,0,1,0,0,1,0,0,0,0,1
3,73.0,1.0,5.1,140.0,9.7,2.0,1.0,13,5,4.8,2026-01-24,0,0,0,1,0,0,0,1,0,0,0,1,0,0,0,0,0,0,0,0,0,0,1,0,0,0,0,0,0,0,1,0,0,1,0,0,0,1
3,65.6,19.67,5.4,140.0,9.7,2.0,0.9285714285714286,12,5,4.8,2026-01-24,0,0,0,1,0,0,0,1,0,0,0,1,0,0,0,0,0,0,0,0,0,0,1,0,0,0,0,0,0,1,0,0,0,1,0,1,0,0
2,72.4,38.73,0.4,140.0,9.7,2.0,0.7857142857142857,12,5,4.8,2026-01-24,0,0,0,1,0,0,0,1,0,0,0,0,1,0,0,0,0,0,0,0,0,0,0,1,0,0,0,0,0,0,0,1,0,1,0,1,0,0
0,64.5,142.0,7.6,155.0,14.9,0.0,0.25806451612903225,13,5,25.1,2026-01-24,0,0,0,0,1,0,1,0,0,0,0,0,0,0,0,0,1,0,0,0,0,1,0,0,0,0,0,0,0,1,0,0,1,0,0,1,0,0
2,46.6,79.23,0.2,140.0,9.7,5.6,0.5714285714285714,11,5,4.8,2026-01-24,0,0,0,1,0,0,0,1,0,0,0,0,1,0,0,0,0,0,0,0,0,0,0,1,0,0,0,0,0,0,1,0,1,0,1,0,0,0
1,66.6,83.6,2.3,140.0,9.7,2.0,0.5357142857142857,11,5,4.8,2026-01-24,0,0,0,1,0,0,0,1,0,0,0,0,0,0,0,1,0,0,0,0,0,0,0,0,1,0,0,0,0,1,0,0,1,0,0,1,0,0
1,56.6,104.42,3.8,140.0,9.7,2.0,0.42857142857142855,11,5,4.8,2026-01-24,0,0,0,1,0,0,0,1,0,0,0,0,0,0,0,1,0,0,0,0,0,0,0,0,1,0,0,0,0,0,0,1,1,0,0,1,0,0
1,59.4,118.1,2.6,140.0,9.7,5.0,0.32142857142857145,11,5,4.8,2026-01-24,0,0,0,1,0,0,0,1,0,0,0,0,0,0,0,1,0,0,0,0,0,0,0,0,1,0,0,0,0,0,1,0,1,0,0,1,0,0
0,64.5,149.0,2.0,140.0,9.7,0.0,0.2857142857142857,11,5,4.8,2026-01-24,0,0,0,1,0,0,0,1,0,0,0,0,0,0,0,0,0,0,1,0,0,0,0,0,0,1,0,0,0,1,0,0,1,0,0,0,1,0
2,70.6,57.58,4.3,140.0,9.7,2.0,0.6785714285714286,12,5,4.8,2026-01-24,0,0,0,1,0,0,0,1,0,0,0,0,1,0,0,0,0,0,0,0,0,0,0,1,0,0,0,0,0,0,0,1,1,0,0,0,0,1
1,57.0,123.5,8.4,155.0,14.9,5.4,0.33548387096774196,13,5,25.1,2026-01-24,0,0,0,0,1,0,1,0,0,0,1,0,0,0,0,0,0,0,0,1,0,0,0,0,0,0,0,0,0,0,0,1,0,1,0,0,0,1
0,76.5,160.12,3.0,140.0,9.7,0.0,0.17857142857142858,11,5,4.8,2026-01-24,0,0,0,1,0,0,0,1,0,0,0,0,0,0,0,0,0,0,1,0,0,0,0,0,0,1,0,0,0,1,0,0,1,0,0,0,1,0
1,74.4,83.4,14.1,155.0,14.9,2.0,0.5290322580645161,14,5,25.1,2026-01-24,0,0,0,0,1,0,1,0,0,0,1,0,0,0,0,0,0,0,0,1,0,0,0,0,0,0,0,0,0,1,0,0,0,1,1,0,0,0
2,45.7,61.38,15.5,155.0,14.9,5.3,0.6967741935483871,14,5,25.1,2026-01-24,0,0,0,0,1,0,1,0,0,0,0,0,0,1,0,0,0,0,0,0,1,0,0,0,0,0,0,0,0,0,0,1,1,0,0,1,0,0
2,59.1,44.38,21.4,155.0,14.9,2.0,0.7935483870967742,14,5,25.1,2026-01-24,0,0,0,0,1,0,1,0,0,0,0,0,0,1,0,0,0,0,0,0,1,0,0,0,0,0,0,0,0,1,0,0,1,0,1,0,0,0
2,46.0,38.33,22.2,155.0,14.9,2.0,0.8903225806451613,15,5,25.1,2026-01-24,0,0,0,0,1,0,1,0,0,0,0,0,0,1,0,0,0,0,0,0,1,0,0,0,0,0,0,0,0,1,0,0,1,0,0,0,0,1
0,61.2,254.8,3.9,205.0,10.6,2.7,0.04878048780487805,14,5,13.1,2026-01-24,0,0,0,0,0,1,0,0,1,0,0,0,0,0,0,0,0,1,0,0,0,0,0,0,0,0,0,0,1,1,0,0,1,0,0,1,0,0
0,54.8,242.17,4.1,205.0,10.6,0.0,0.12195121951219512,14,5,13.1,2026-01-24,0,0,0,0,0,1,0,0,1,0,0,0,0,0,0,0,0,1,0,0,0,0,0,0,0,0,0,0,1,0,1,0,0,1,0,0,1,0
0,71.5,217.33,1.9,205.0,10.6,0.0,0.1951219512195122,15,5,13.1,2026-01-24,0,0,0,0,0,1,0,0,1,0,0,0,0,0,0,0,0,1,0,0,0,0,0,0,0,0,0,0,1,1,0,0,1,0,0,1,0,0
1,61.6,179.73,2.6,205.0,10.6,4.8,0.3170731707317073,15,5,13.1,2026-01-24,0,0,0,0,0,1,0,0,1,1,0,0,0,0,0,0,0,0,0,0,0,0,0,0,0,0,1,0,0,1,0,0,1,0,0,0,0,1
1,68.6,161.42,5.6,205.0,10.6,2.0,0.3902439024390244,15,5,13.1,2026-01-24,0,0,0,0,0,1,0,0,1,1,0,0,0,0,0,0,0,0,0,0,0,0,0,0,0,0,1,0,0,1,0,0,0,1,1,0,0,0
1,65.4,146.4,6.9,205.0,10.6,2.0,0.4634146341463415,15,5,13.1,2026-01-24,0,0,0,0,0,1,0,0,1,1,0,0,0,0,0,0,0,0,0,0,0,0,0,0,0,0,1,0,0,0,1,0,1,0,0,0,0,1
2,63.6,74.4,7.2,205.0,10.6,5.2,0.7073170731707317,16,5,13.1,2026-01-24,0,0,0,0,0,1,0,0,1,0,0,0,0,0,1,0,0,0,0,0,0,0,0,0,0,0,0,1,0,1,0,0,1,0,1,0,0,0
2,60.6,59.75,9.9,205.0,10.6,2.0,0.7804878048780488,17,5,13.1,2026-01-24,0,0,0,0,0,1,0,0,1,0,0,0,0,0,1,0,0,0,0,0,0,0,0,0,0,0,0,1,0,0,1,0,1,0,0,1,0,0
2,72.0,37.0,8.6,205.0,10.6,2.0,0.8536585365853658,17,5,13.1,2026-01-24,0,0,0,0,0,1,0,0,1,0,0,0,0,0,1,0,0,0,0,0,0,0,0,0,0,0,0,1,0,0,0,1,0,1,0,0,0,1
1,63.2,106.67,10.1,155.0,14.9,2.0,0.432258064516129,13,5,25.1,2026-01-24,0,0,0,0,1,0,1,0,0,0,1,0,0,0,0,0,0,0,0,1,0,0,0,0,0,0,0,0,0,1,0,0,0,1,0,1,0,0
0,59.2,182.13,2.3,140.0,9.7,2.3,0.07142857142857142,10,5,4.8,2026-01-24,0,0,0,1,0,0,0,1,0,0,0,0,0,0,0,0,0,0,1,0,0,0,0,0,0,1,0,0,0,0,0,1,1,0,0,1,0,0
0,61.6,181.73,4.5,140.0,1.0,3.1,0.07142857142857142,16,5,4.9,2026-01-24,1,0,0,0,0,0,0,1,0,0,0,0,0,0,0,0,0,0,1,0,0,0,0,0,0,1,0,0,0,1,0,0,0,1,0,0,1,0
2,57.2,61.17,3.8,205.0,3.0,2.0,0.7804878048780488,11,5,3.1,2026-01-24,0,0,1,0,0,0,0,0,1,0,0,0,0,0,1,0,0,0,0,0,0,0,0,0,0,0,0,1,0,1,0,0,0,1,0,0,1,0
2,67.8,39.8,0.3,205.0,3.0,2.0,0.8536585365853658,11,5,3.1,2026-01-24,0,0,1,0,0,0,0,0,1,0,0,0,0,0,1,0,0,0,0,0,0,0,0,0,0,0,0,1,0,1,0,0,1,0,0,1,0,0
0,70.6,162.58,1.3,140.0,1.0,0.0,0.17857142857142858,16,5,4.9,2026-01-24,1,0,0,0,0,0,0,1,0,0,0,0,0,0,0,0,0,0,1,0,0,0,0,0,0,1,0,0,0,0,0,1,1,0,0,1,0,0
0,71.4,144.4,-0.4,140.0,1.0,0.0,0.2857142857142857,16,5,4.9,2026-01-24,1,0,0,0,0,0,0,1,0,0,0,0,0,0,0,0,0,0,1,0,0,0,0,0,0,1,0,0,0,0,1,0,1,0,0,0,0,1
1,54.7,118.88,0.8,140.0,1.0,5.0,0.32142857142857145,17,5,4.9,2026-01-24,1,0,0,0,0,0,0,1,0,0,0,0,0,0,0,1,0,0,0,0,0,0,0,0,1,0,0,0,0,1,0,0,1,0,0,0,0,1
1,85.8,92.25,1.9,140.0,1.0,2.0,0.42857142857142855,17,5,4.9,2026-01-24,1,0,0,0,0,0,0,1,0,0,0,0,0,0,0,1,0,0,0,0,0,0,0,0,1,0,0,0,0,0,0,1,1,0,0,0,1,0
1,63.4,85.73,4.2,140.0,1.0,2.0,0.5357142857142857,17,5,4.9,2026-01-24,1,0,0,0,0,0,0,1,0,0,0,0,0,0,0,1,0,0,0,0,0,0,0,0,1,0,0,0,0,0,0,1,0,1,0,1,0,0
2,61.6,76.73,2.0,140.0,1.0,3.9,0.5714285714285714,17,5,4.9,2026-01-24,1,0,0,0,0,0,0,1,0,0,0,0,1,0,0,0,0,0,0,0,0,0,0,1,0,0,0,0,0,1,0,0,1,0,0,0,1,0
2,44.7,57.2,3.2,140.0,1.0,2.0,0.7857142857142857,18,5,4.9,2026-01-24,1,0,0,0,0,0,0,1,0,0,0,0,1,0,0,0,0,0,0,0,0,0,0,1,0,0,0,0,0,0,0,1,1,0,0,1,0,0
3,57.7,37.38,4.1,140.0,1.0,4.6,0.8214285714285714,18,5,4.9,2026-01-24,1,0,0,0,0,0,0,1,0,0,0,1,0,0,0,0,0,0,0,0,0,0,1,0,0,0,0,0,0,0,1,0,1,0,1,0,0,0
3,73.1,16.54,4.4,140.0,1.0,2.0,0.9285714285714286,18,5,4.9,2026-01-24,1,0,0,0,0,0,0,1,0,0,0,1,0,0,0,0,0,0,0,0,0,0,1,0,0,0,0,0,0,1,0,0,0,1,0,0,1,0
3,59.7,7.2,5.1,140.0,1.0,2.0,1.0,18,5,4.9,2026-01-24,1,0,0,0,0,0,0,1,0,0,0,1,0,0,0,0,0,0,0,0,0,0,1,0,0,0,0,0,0,0,1,0,0,1,1,0,0,0
0,63.7,174.38,-1.3,155.0,7.8,2.9,0.06451612903225806,6,5,21.8,2026-01-24,0,1,0,0,0,0,1,0,0,0,0,0,0,0,0,0,1,0,0,0,0,1,0,0,0,0,0,0,0,1,0,0,0,1,0,0,0,1
0,76.1,153.29,2.0,155.0,7.8,0.0,0.16129032258064516,6,5,21.8,2026-01-24,0,1,0,0,0,0,1,0,0,0,0,0,0,0,0,0,1,0,0,0,0,1,0,0,0,0,0,0,0,0,0,1,1,0,0,1,0,0
2,75.6,55.5,5.6,140.0,1.0,2.0,0.6785714285714286,17,5,4.9,2026-01-24,1,0,0,0,0,0,0,1,0,0,0,0,1,0,0,0,0,0,0,0,0,0,0,1,0,0,0,0,0,1,0,0,1,0,0,0,0,1
1,70.1,121.32,7.4,155.0,7.8,5.6,0.33548387096774196,7,5,21.8,2026-01-24,0,1,0,0,0,0,1,0,0,0,1,0,0,0,0,0,0,0,0,1,0,0,0,0,0,0,0,0,0,1,0,0,0,1,0,1,0,0
0,76.4,134.07,6.4,155.0,7.8,0.0,0.25806451612903225,7,5,21.8,2026-01-24,0,1,0,0,0,0,1,0,0,0,0,0,0,0,0,0,1,0,0,0,0,1,0,0,0,0,0,0,0,1,0,0,0,1,0,0,0,1
1,57.9,151.4,5.9,205.0,3.0,2.0,0.4634146341463415,10,5,3.1,2026-01-24,0,0,1,0,0,0,0,0,1,1,0,0,0,0,0,0,0,0,0,0,0,0,0,0,0,0,1,0,0,0,1,0,1,0,0,1,0,0
1,77.8,157.58,2.4,205.0,3.0,2.0,0.3902439024390244,9,5,3.1,2026-01-24,0,0,1,0,0,0,0,0,1,1,0,0,0,0,0,0,0,0,0,0,0,0,0,0,0,0,1,0,0,0,0,1,1,0,0,0,0,1
1,62.3,179.62,2.1,205.0,3.0,4.0,0.3170731707317073,9,5,3.1,2026-01-24,0,0,1,0,0,0,0,0,1,1,0,0,0,0,0,0,0,0,0,0,0,0,0,0,0,0,1,0,0,1,0,0,0,1,1,0,0,0
0,64.3,222.13,2.8,205.0,3.0,0.0,0.1951219512195122,9,5,3.1,2026-01-24,0,0,1,0,0,0,0,0,1,0,0,0,0,0,0,0,0,1,0,0,0,0,0,0,0,0,0,0,1,0,1,0,1,0,0,0,1,0
0,74.1,234.12,2.3,205.0,3.0,0.0,0.12195121951219512,8,5,3.1,2026-01-24,0,0,1,0,0,0,0,0,1,0,0,0,0,0,0,0,0,1,0,0,0,0,0,0,0,0,0,0,1,1,0,0,0,1,0,0,1,0
2,64.7,74.22,-1.7,205.0,3.0,6.0,0.7073170731707317,10,5,3.1,2026-01-24,0,0,1,0,0,0,0,0,1,0,0,0,0,0,1,0,0,0,0,0,0,0,0,0,0,0,0,1,0,0,0,1,1,0,0,1,0,0
2,33.1,46.93,19.1,155.0,7.8,2.0,0.8903225806451613,8,5,21.8,2026-01-24,0,1,0,0,0,0,1,0,0,0,0,0,0,1,0,0,0,0,0,0,1,0,0,0,0,0,0,0,0,1,0,0,1,0,1,0,0,0
2,48.0,49.0,17.6,155.0,7.8,2.0,0.7935483870967742,8,5,21.8,2026-01-24,0,1,0,0,0,0,1,0,0,0,0,0,0,1,0,0,0,0,0,0,1,0,0,0,0,0,0,0,0,0,0,1,0,1,0,0,0,1
2,60.0,59.0,12.1,155.0,7.8,4.1,0.6967741935483871,8,5,21.8,2026-01-24,0,1,0,0,0,0,1,0,0,0,0,0,0,1,0,0,0,0,0,0,1,0,0,0,0,0,0,0,0,1,0,0,1,0,0,1,0,0
1,57.7,94.53,12.4,155.0,7.8,2.0,0.5290322580645161,7,5,21.8,2026-01-24,0,1,0,0,0,0,1,0,0,0,1,0,0,0,0,0,0,0,0,1,0,0,0,0,0,0,0,0,0,0,1,0,1,0,0,1,0,0
1,66.1,105.46,9.3,155.0,7.8,2.0,0.432258064516129,7,5,21.8,2026-01-24,0,1,0,0,0,0,1,0,0,0,1,0,0,0,0,0,0,0,0,1,0,0,0,0,0,0,0,0,0,1,0,0,0,1,0,0,0,1
0,86.7,250.55,-1.6,205.0,3.0,1.2,0.04878048780487805,8,5,3.1,2026-01-24,0,0,1,0,0,0,0,0,1,0,0,0,0,0,0,0,0,1,0,0,0,0,0,0,0,0,0,0,1,1,0,0,1,0,1,0,0,0
0,66.1,140.93,6.2,155.0,8.1,0.0,0.25806451612903225,14,6,23.1,2026-01-25,0,0,0,0,1,0,1,0,0,0,0,0,0,0,0,0,1,0,0,0,0,1,0,0,0,0,0,0,0,0,0,1,0,1,1,0,0,0
0,67.5,156.88,0.8,155.0,8.1,0.0,0.16129032258064516,14,6,23.1,2026-01-25,0,0,0,0,1,0,1,0,0,0,0,0,0,0,0,0,1,0,0,0,0,1,0,0,0,0,0,0,0,1,0,0,1,0,0,1,0,0
0,78.8,171.87,1.6,155.0,8.1,2.1,0.06451612903225806,13,6,23.1,2026-01-25,0,0,0,0,1,0,1,0,0,0,0,0,0,0,0,0,1,0,0,0,0,1,0,0,0,0,0,0,0,0,0,1,1,0,0,1,0,0
3,76.0,1.0,2.8,140.0,12.1,2.0,1.0,14,6,6.6,2026-01-25,0,0,0,1,0,0,0,1,0,0,0,1,0,0,0,0,0,0,0,0,0,0,1,0,0,0,0,0,0,1,0,0,1,0,1,0,0,0
3,59.9,22.04,9.0,140.0,12.1,2.0,0.9285714285714286,13,6,6.6,2026-01-25,0,0,0,1,0,0,0,1,0,0,0,1,0,0,0,0,0,0,0,0,0,0,1,0,0,0,0,0,0,0,1,0,1,0,0,1,0,0
3,61.9,36.68,6.3,140.0,12.1,3.9,0.8214285714285714,13,6,6.6,2026-01-25,0,0,0,1,0,0,0,1,0,0,0,1,0,0,0,0,0,0,0,0,0,0,1,0,0,0,0,0,0,0,1,0,1,0,0,0,0,1
1,53.6,92.27,4.0,140.0,12.1,2.0,0.5357142857142857,12,6,6.6,2026-01-25,0,0,0,1,0,0,0,1,0,0,0,0,0,0,0,1,0,0,0,0,0,0,0,0,1,0,0,0,0,1,0,0,0,1,0,0,1,0
2,70.9,57.46,5.4,140.0,12.1,2.0,0.6785714285714286,13,6,6.6,2026-01-25,0,0,0,1,0,0,0,1,0,0,0,0,1,0,0,0,0,0,0,0,0,0,0,1,0,0,0,0,0,0,1,0,1,0,0,1,0,0
2,68.1,75.65,3.3,140.0,12.1,3.9,0.5714285714285714,12,6,6.6,2026-01-25,0,0,0,1,0,0,0,1,0,0,0,0,1,0,0,0,0,0,0,0,0,0,0,1,0,0,0,0,0,0,0,1,0,1,0,0,0,1
1,57.8,103.92,4.4,140.0,12.1,2.0,0.42857142857142855,12,6,6.6,2026-01-25,0,0,0,1,0,0,0,1,0,0,0,0,0,0,0,1,0,0,0,0,0,0,0,0,1,0,0,0,0,0,0,1,0,1,0,1,0,0
1,75.5,115.42,0.3,140.0,12.1,5.1,0.32142857142857145,12,6,6.6,2026-01-25,0,0,0,1,0,0,0,1,0,0,0,0,0,0,0,1,0,0,0,0,0,0,0,0,1,0,0,0,0,1,0,0,1,0,0,0,0,1
0,69.7,145.53,2.1,140.0,12.1,0.0,0.2857142857142857,12,6,6.6,2026-01-25,0,0,0,1,0,0,0,1,0,0,0,0,0,0,0,0,0,0,1,0,0,0,0,0,0,1,0,0,0,1,0,0,0,1,1,0,0,0
2,59.2,47.53,4.5,140.0,12.1,2.0,0.7857142857142857,13,6,6.6,2026-01-25,0,0,0,1,0,0,0,1,0,0,0,0,1,0,0,0,0,0,0,0,0,0,0,1,0,0,0,0,0,1,0,0,0,1,0,0,1,0
1,50.1,124.65,10.8,155.0,8.1,4.5,0.33548387096774196,14,6,23.1,2026-01-25,0,0,0,0,1,0,1,0,0,0,1,0,0,0,0,0,0,0,0,1,0,0,0,0,0,0,0,0,0,0,0,1,1,0,0,1,0,0
2,58.2,46.2,12.3,205.0,11.2,2.0,0.8536585365853658,18,6,15.5,2026-01-25,0,0,0,0,0,1,0,0,1,0,0,0,0,0,1,0,0,0,0,0,0,0,0,0,0,0,0,1,0,1,0,0,1,0,1,0,0,0
1,61.8,91.8,13.1,155.0,8.1,2.0,0.5290322580645161,15,6,23.1,2026-01-25,0,0,0,0,1,0,1,0,0,0,1,0,0,0,0,0,0,0,0,1,0,0,0,0,0,0,0,0,0,0,1,0,0,1,0,1,0,0
2,62.3,58.62,17.0,155.0,8.1,5.0,0.6967741935483871,15,6,23.1,2026-01-25,0,0,0,0,1,0,1,0,0,0,0,0,0,1,0,0,0,0,0,0,1,0,0,0,0,0,0,0,0,0,0,1,0,1,0,0,1,0
2,52.8,47.0,16.5,155.0,8.1,2.0,0.7935483870967742,15,6,23.1,2026-01-25,0,0,0,0,1,0,1,0,0,0,0,0,0,1,0,0,0,0,0,0,1,0,0,0,0,0,0,0,0,0,1,0,1,0,0,1,0,0
2,51.4,34.73,19.3,155.0,8.1,2.0,0.8903225806451613,16,6,23.1,2026-01-25,0,0,0,0,1,0,1,0,0,0,0,0,0,1,0,0,0,0,0,0,1,0,0,0,0,0,0,0,0,1,0,0,0,1,0,0,0,1
0,73.1,252.82,1.1,205.0,11.2,1.2,0.04878048780487805,15,6,15.5,2026-01-25,0,0,0,0,0,1,0,0,1,0,0,0,0,0,0,0,0,1,0,0,0,0,0,0,0,0,0,0,1,1,0,0,1,0,0,0,0,1
0,83.5,230.21,2.8,205.0,11.2,0.0,0.12195121951219512,15,6,15.5,2026-01-25,0,0,0,0,0,1,0,0,1,0,0,0,0,0,0,0,0,1,0,0,0,0,0,0,0,0,0,0,1,0,0,1,0,1,1,0,0,0
0,73.7,215.87,4.5,205.0,11.2,0.0,0.1951219512195122,16,6,15.5,2026-01-25,0,0,0,0,0,1,0,0,1,0,0,0,0,0,0,0,0,1,0,0,0,0,0,0,0,0,0,0,1,0,0,1,1,0,0,1,0,0
1,70.2,178.3,7.5,205.0,11.2,3.6,0.3170731707317073,16,6,15.5,2026-01-25,0,0,0,0,0,1,0,0,1,1,0,0,0,0,0,0,0,0,0,0,0,0,0,0,0,0,1,0,0,1,0,0,1,0,0,1,0,0
1,83.9,155.04,4.9,205.0,11.2,2.0,0.3902439024390244,16,6,15.5,2026-01-25,0,0,0,0,0,1,0,0,1,1,0,0,0,0,0,0,0,0,0,0,0,0,0,0,0,0,1,0,0,1,0,0,1,0,0,0,0,1
1,62.1,148.6,3.3,205.0,11.2,2.0,0.4634146341463415,16,6,15.5,2026-01-25,0,0,0,0,0,1,0,0,1,1,0,0,0,0,0,0,0,0,0,0,0,0,0,0,0,0,1,0,0,1,0,0,1,0,0,0,0,1
2,60.6,74.9,12.7,205.0,11.2,4.4,0.7073170731707317,17,6,15.5,2026-01-25,0,0,0,0,0,1,0,0,1,0,0,0,0,0,1,0,0,0,0,0,0,0,0,0,0,0,0,1,0,0,0,1,1,0,0,0,1,0
2,55.8,61.75,17.3,205.0,11.2,2.0,0.7804878048780488,18,6,15.5,2026-01-25,0,0,0,0,0,1,0,0,1,0,0,0,0,0,1,0,0,0,0,0,0,0,0,0,0,0,0,1,0,0,0,1,1,0,0,0,0,1
0,60.6,166.75,-0.6,140.0,12.1,0.0,0.17857142857142858,12,6,6.6,2026-01-25,0,0,0,1,0,0,0,1,0,0,0,0,0,0,0,0,0,0,1,0,0,0,0,0,0,1,0,0,0,0,0,1,0,1,0,0,1,0
1,64.8,106.0,10.1,155.0,8.1,2.0,0.432258064516129,14,6,23.1,2026-01-25,0,0,0,0,1,0,1,0,0,0,1,0,0,0,0,0,0,0,0,1,0,0,0,0,0,0,0,0,0,1,0,0,1,0,1,0,0,0
0,62.5,181.58,-0.3,140.0,12.1,2.8,0.07142857142857142,11,6,6.6,2026-01-25,0,0,0,1,0,0,0,1,0,0,0,0,0,0,0,0,0,0,1,0,0,0,0,0,0,1,0,0,0,1,0,0,1,0,0,0,1,0
2,56.3,47.47,15.1,205.0,8.3,2.0,0.8536585365853658,12,6,17.8,2026-01-25,0,0,1,0,0,0,0,0,1,0,0,0,0,0,1,0,0,0,0,0,0,0,0,0,0,0,0,1,0,0,0,1,0,1,1,0,0,0
2,54.7,62.21,15.9,205.0,8.3,2.0,0.7804878048780488,12,6,17.8,2026-01-25,0,0,1,0,0,0,0,0,1,0,0,0,0,0,1,0,0,0,0,0,0,0,0,0,0,0,0,1,0,1,0,0,1,0,0,1,0,0
0,67.3,163.96,1.0,140.0,7.5,0.0,0.17857142857142858,5,6,1.7,2026-01-25,1,0,0,0,0,0,0,1,0,0,0,0,0,0,0,0,0,0,1,0,0,0,0,0,0,1,0,0,0,1,0,0,1,0,0,1,0,0
0,56.0,154.67,0.8,140.0,7.5,0.0,0.2857142857142857,5,6,1.7,2026-01-25,1,0,0,0,0,0,0,1,0,0,0,0,0,0,0,0,0,0,1,0,0,0,0,0,0,1,0,0,0,1,0,0,0,1,1,0,0,0
1,72.9,115.85,0.7,140.0,7.5,6.0,0.32142857142857145,6,6,1.7,2026-01-25,1,0,0,0,0,0,0,1,0,0,0,0,0,0,0,1,0,0,0,0,0,0,0,0,1,0,0,0,0,1,0,0,0,1,0,0,1,0
1,64.0,101.33,1.1,140.0,7.5,2.0,0.42857142857142855,6,6,1.7,2026-01-25,1,0,0,0,0,0,0,1,0,0,0,0,0,0,0,1,0,0,0,0,0,0,0,0,1,0,0,0,0,0,0,1,0,1,0,0,1,0
1,71.7,80.2,-2.4,140.0,7.5,2.0,0.5357142857142857,6,6,1.7,2026-01-25,1,0,0,0,0,0,0,1,0,0,0,0,0,0,0,1,0,0,0,0,0,0,0,0,1,0,0,0,0,1,0,0,0,1,0,0,0,1
2,84.8,72.87,1.0,140.0,7.5,4.2,0.5714285714285714,6,6,1.7,2026-01-25,1,0,0,0,0,0,0,1,0,0,0,0,1,0,0,0,0,0,0,0,0,0,0,1,0,0,0,0,0,1,0,0,1,0,0,0,1,0
2,48.6,66.75,1.5,140.0,7.5,2.0,0.6785714285714286,6,6,1.7,2026-01-25,1,0,0,0,0,0,0,1,0,0,0,0,1,0,0,0,0,0,0,0,0,0,0,1,0,0,0,0,0,1,0,0,1,0,0,1,0,0
2,64.5,44.0,1.6,140.0,7.5,2.0,0.7857142857142857,7,6,1.7,2026-01-25,1,0,0,0,0,0,0,1,0,0,0,0,1,0,0,0,0,0,0,0,0,0,0,1,0,0,0,0,0,0,0,1,0,1,0,1,0,0
3,66.5,35.92,-0.7,140.0,7.5,2.9,0.8214285714285714,7,6,1.7,2026-01-25,1,0,0,0,0,0,0,1,0,0,0,1,0,0,0,0,0,0,0,0,0,0,1,0,0,0,0,0,0,1,0,0,1,0,0,0,1,0
3,69.6,18.0,2.8,140.0,7.5,2.0,0.9285714285714286,7,6,1.7,2026-01-25,1,0,0,0,0,0,0,1,0,0,0,1,0,0,0,0,0,0,0,0,0,0,1,0,0,0,0,0,0,0,0,1,1,0,0,1,0,0
3,66.7,2.53,2.7,140.0,7.5,2.0,1.0,7,6,1.7,2026-01-25,1,0,0,0,0,0,0,1,0,0,0,1,0,0,0,0,0,0,0,0,0,0,1,0,0,0,0,0,0,1,0,0,0,1,0,0,1,0
0,75.3,172.45,1.2,155.0,13.9,3.7,0.06451612903225806,7,6,10.9,2026-01-25,0,1,0,0,0,0,1,0,0,0,0,0,0,0,0,0,1,0,0,0,0,1,0,0,0,0,0,0,0,0,1,0,0,1,0,1,0,0
0,82.2,150.75,-0.4,155.0,13.9,0.0,0.16129032258064516,7,6,10.9,2026-01-25,0,1,0,0,0,0,1,0,0,0,0,0,0,0,0,0,1,0,0,0,0,1,0,0,0,0,0,0,0,1,0,0,1,0,1,0,0,0
0,71.0,180.17,-2.5,140.0,7.5,0.9,0.07142857142857142,5,6,1.7,2026-01-25,1,0,0,0,0,0,0,1,0,0,0,0,0,0,0,0,0,0,1,0,0,0,0,0,0,1,0,0,0,0,1,0,1,0,0,1,0,0
1,66.1,121.98,-0.5,155.0,13.9,2.3,0.33548387096774196,8,6,10.9,2026-01-25,0,1,0,0,0,0,1,0,0,0,1,0,0,0,0,0,0,0,0,1,0,0,0,0,0,0,0,0,0,1,0,0,1,0,1,0,0,0
0,64.8,141.8,-1.6,155.0,13.9,0.0,0.25806451612903225,8,6,10.9,2026-01-25,0,1,0,0,0,0,1,0,0,0,0,0,0,0,0,0,1,0,0,0,0,1,0,0,0,0,0,0,0,1,0,0,1,0,0,0,1,0
2,53.8,76.03,10.6,205.0,8.3,4.6,0.7073170731707317,11,6,17.8,2026-01-25,0,0,1,0,0,0,0,0,1,0,0,0,0,0,1,0,0,0,0,0,0,0,0,0,0,0,0,1,0,0,0,1,1,0,0,1,0,0
1,57.6,151.6,7.4,205.0,8.3,2.0,0.4634146341463415,11,6,17.8,2026-01-25,0,0,1,0,0,0,0,0,1,1,0,0,0,0,0,0,0,0,0,0,0,0,0,0,0,0,1,0,0,1,0,0,1,0,0,1,0,0
1,51.5,168.54,4.0,205.0,8.3,2.0,0.3902439024390244,10,6,17.8,2026-01-25,0,0,1,0,0,0,0,0,1,1,0,0,0,0,0,0,0,0,0,0,0,0,0,0,0,0,1,0,0,1,0,0,1,0,0,1,0,0
0,59.3,225.47,2.8,205.0,8.3,0.0,0.1951219512195122,10,6,17.8,2026-01-25,0,0,1,0,0,0,0,0,1,0,0,0,0,0,0,0,0,1,0,0,0,0,0,0,0,0,0,0,1,0,1,0,0,1,0,0,0,1
0,71.9,235.04,1.9,205.0,8.3,0.0,0.12195121951219512,9,6,17.8,2026-01-25,0,0,1,0,0,0,0,0,1,0,0,0,0,0,0,0,0,1,0,0,0,0,0,0,0,0,0,0,1,1,0,0,1,0,0,0,0,1
1,72.3,177.95,9.5,205.0,8.3,6.1,0.3170731707317073,10,6,17.8,2026-01-25,0,0,1,0,0,0,0,0,1,1,0,0,0,0,0,0,0,0,0,0,0,0,0,0,0,0,1,0,0,1,0,0,1,0,0,0,0,1
2,62.7,27.2,7.7,155.0,13.9,2.0,0.8903225806451613,9,6,10.9,2026-01-25,0,1,0,0,0,0,1,0,0,0,0,0,0,1,0,0,0,0,0,0,1,0,0,0,0,0,0,0,0,1,0,0,0,1,0,0,0,1
2,66.3,41.38,8.5,155.0,13.9,2.0,0.7935483870967742,9,6,10.9,2026-01-25,0,1,0,0,0,0,1,0,0,0,0,0,0,1,0,0,0,0,0,0,1,0,0,0,0,0,0,0,0,1,0,0,0,1,0,0,0,1
2,50.6,60.57,9.9,155.0,13.9,6.1,0.6967741935483871,9,6,10.9,2026-01-25,0,1,0,0,0,0,1,0,0,0,0,0,0,1,0,0,0,0,0,0,1,0,0,0,0,0,0,0,0,1,0,0,1,0,0,0,0,1
1,70.7,85.87,6.8,155.0,13.9,2.0,0.5290322580645161,8,6,10.9,2026-01-25,0,1,0,0,0,0,1,0,0,0,1,0,0,0,0,0,0,0,0,1,0,0,0,0,0,0,0,0,0,1,0,0,0,1,0,1,0,0
1,50.3,112.04,4.9,155.0,13.9,2.0,0.432258064516129,8,6,10.9,2026-01-25,0,1,0,0,0,0,1,0,0,0,1,0,0,0,0,0,0,0,0,1,0,0,0,0,0,0,0,0,0,0,0,1,1,0,0,1,0,0
0,86.5,250.58,3.3,205.0,8.3,4.0,0.04878048780487805,9,6,17.8,2026-01-25,0,0,1,0,0,0,0,0,1,0,0,0,0,0,0,0,0,1,0,0,0,0,0,0,0,0,0,0,1,0,0,1,0,1,0,1,0,0
3,57.8,22.92,4.0,140.0,3.6,2.0,0.9285714285714286,14,0,3.0,2026-01-26,0,0,0,1,0,0,0,1,0,0,0,1,0,0,0,0,0,0,0,0,0,0,1,0,0,0,0,0,0,0,0,1,0,1,0,1,0,0
0,74.5,153.96,3.6,155.0,4.1,0.0,0.16129032258064516,15,0,15.1,2026-01-26,0,0,0,0,1,0,1,0,0,0,0,0,0,0,0,0,1,0,0,0,0,1,0,0,0,0,0,0,0,1,0,0,0,1,1,0,0,0
0,70.9,173.18,-2.6,155.0,4.1,2.4,0.06451612903225806,14,0,15.1,2026-01-26,0,0,0,0,1,0,1,0,0,0,0,0,0,0,0,0,1,0,0,0,0,1,0,0,0,0,0,0,0,1,0,0,1,0,0,0,0,1
3,70.6,1.0,2.9,140.0,3.6,2.0,1.0,15,0,3.0,2026-01-26,0,0,0,1,0,0,0,1,0,0,0,1,0,0,0,0,0,0,0,0,0,0,1,0,0,0,0,0,0,1,0,0,1,0,1,0,0,0
3,61.2,36.8,0.2,140.0,3.6,4.2,0.8214285714285714,14,0,3.0,2026-01-26,0,0,0,1,0,0,0,1,0,0,0,1,0,0,0,0,0,0,0,0,0,0,1,0,0,0,0,0,0,1,0,0,0,1,0,0,1,0
1,77.2,115.13,0.8,140.0,3.6,3.8,0.32142857142857145,13,0,3.0,2026-01-26,0,0,0,1,0,0,0,1,0,0,0,0,0,0,0,1,0,0,0,0,0,0,0,0,1,0,0,0,0,0,0,1,0,1,0,1,0,0
2,72.5,56.79,6.1,140.0,3.6,2.0,0.6785714285714286,14,0,3.0,2026-01-26,0,0,0,1,0,0,0,1,0,0,0,0,1,0,0,0,0,0,0,0,0,0,0,1,0,0,0,0,0,1,0,0,1,0,0,0,1,0
2,52.4,78.27,0.9,140.0,3.6,4.5,0.5714285714285714,13,0,3.0,2026-01-26,0,0,0,1,0,0,0,1,0,0,0,0,1,0,0,0,0,0,0,0,0,0,0,1,0,0,0,0,0,1,0,0,0,1,0,0,0,1
1,61.1,87.27,3.4,140.0,3.6,2.0,0.5357142857142857,13,0,3.0,2026-01-26,0,0,0,1,0,0,0,1,0,0,0,0,0,0,0,1,0,0,0,0,0,0,0,0,1,0,0,0,0,0,1,0,0,1,0,1,0,0
1,63.4,101.58,4.9,140.0,3.6,2.0,0.42857142857142855,13,0,3.0,2026-01-26,0,0,0,1,0,0,0,1,0,0,0,0,0,0,0,1,0,0,0,0,0,0,0,0,1,0,0,0,0,0,0,1,1,0,0,1,0,0
0,64.0,142.33,2.4,155.0,4.1,0.0,0.25806451612903225,15,0,15.1,2026-01-26,0,0,0,0,1,0,1,0,0,0,0,0,0,0,0,0,1,0,0,0,0,1,0,0,0,0,0,0,0,0,0,1,1,0,0,1,0,0
2,83.1,31.6,1.8,140.0,3.6,2.0,0.7857142857142857,14,0,3.0,2026-01-26,0,0,0,1,0,0,0,1,0,0,0,0,1,0,0,0,0,0,0,0,0,0,0,1,0,0,0,0,0,1,0,0,1,0,0,1,0,0
1,68.4,121.6,4.4,155.0,4.1,4.6,0.33548387096774196,15,0,15.1,2026-01-26,0,0,0,0,1,0,1,0,0,0,1,0,0,0,0,0,0,0,0,1,0,0,0,0,0,0,0,0,0,0,0,1,0,1,0,0,1,0
0,69.8,235.92,3.9,205.0,6.8,0.0,0.12195121951219512,16,0,11.2,2026-01-26,0,0,0,0,0,1,0,0,1,0,0,0,0,0,0,0,0,1,0,0,0,0,0,0,0,0,0,0,1,1,0,0,1,0,1,0,0,0
1,74.9,83.07,6.2,155.0,4.1,2.0,0.5290322580645161,16,0,15.1,2026-01-26,0,0,0,0,1,0,1,0,0,0,1,0,0,0,0,0,0,0,0,1,0,0,0,0,0,0,0,0,0,0,1,0,1,0,0,0,1,0
2,46.0,61.33,9.8,155.0,4.1,4.9,0.6967741935483871,16,0,15.1,2026-01-26,0,0,0,0,1,0,1,0,0,0,0,0,0,1,0,0,0,0,0,0,1,0,0,0,0,0,0,0,0,1,0,0,1,0,0,0,0,1
2,63.3,42.62,8.1,155.0,4.1,2.0,0.7935483870967742,16,0,15.1,2026-01-26,0,0,0,0,1,0,1,0,0,0,0,0,0,1,0,0,0,0,0,0,1,0,0,0,0,0,0,0,0,0,1,0,1,0,0,0,0,1
2,59.4,29.4,12.9,155.0,4.1,2.0,0.8903225806451613,17,0,15.1,2026-01-26,0,0,0,0,1,0,1,0,0,0,0,0,0,1,0,0,0,0,0,0,1,0,0,0,0,0,0,0,0,0,1,0,0,1,0,0,1,0
0,77.4,252.1,0.5,205.0,6.8,2.5,0.04878048780487805,16,0,11.2,2026-01-26,0,0,0,0,0,1,0,0,1,0,0,0,0,0,0,0,0,1,0,0,0,0,0,0,0,0,0,0,1,0,1,0,1,0,0,1,0,0
0,66.8,220.47,2.2,205.0,6.8,0.0,0.1951219512195122,17,0,11.2,2026-01-26,0,0,0,0,0,1,0,0,1,0,0,0,0,0,0,0,0,1,0,0,0,0,0,0,0,0,0,0,1,0,1,0,1,0,0,1,0,0
1,71.7,178.05,5.4,205.0,6.8,4.4,0.3170731707317073,17,0,11.2,2026-01-26,0,0,0,0,0,1,0,0,1,1,0,0,0,0,0,0,0,0,0,0,0,0,0,0,0,0,1,0,0,1,0,0,1,0,0,0,1,0
1,65.2,162.83,1.8,205.0,6.8,2.0,0.3902439024390244,17,0,11.2,2026-01-26,0,0,0,0,0,1,0,0,1,1,0,0,0,0,0,0,0,0,0,0,0,0,0,0,0,0,1,0,0,0,0,1,1,0,0,1,0,0
1,60.1,149.93,3.9,205.0,6.8,2.0,0.4634146341463415,17,0,11.2,2026-01-26,0,0,0,0,0,1,0,0,1,1,0,0,0,0,0,0,0,0,0,0,0,0,0,0,0,0,1,0,0,0,1,0,1,0,1,0,0,0
2,64.6,74.23,3.3,205.0,6.8,2.8,0.7073170731707317,18,0,11.2,2026-01-26,0,0,0,0,0,1,0,0,1,0,0,0,0,0,1,0,0,0,0,0,0,0,0,0,0,0,0,1,0,0,1,0,1,0,1,0,0,0
2,67.1,57.04,6.1,205.0,6.8,2.0,0.7804878048780488,19,0,11.2,2026-01-26,0,0,0,0,0,1,0,0,1,0,0,0,0,0,1,0,0,0,0,0,0,0,0,0,0,0,0,1,0,0,1,0,1,0,0,1,0,0
2,44.9,55.07,11.2,205.0,6.8,2.0,0.8536585365853658,19,0,11.2,2026-01-26,0,0,0,0,0,1,0,0,1,0,0,0,0,0,1,0,0,0,0,0,0,0,0,0,0,0,0,1,0,1,0,0,0,1,0,0,0,1
0,72.1,143.93,-1.5,140.0,3.6,0.0,0.2857142857142857,13,0,3.0,2026-01-26,0,0,0,1,0,0,0,1,0,0,0,0,0,0,0,0,0,0,1,0,0,0,0,0,0,1,0,0,0,1,0,0,0,1,0,0,0,1
1,76.6,101.08,5.5,155.0,4.1,2.0,0.432258064516129,15,0,15.1,2026-01-26,0,0,0,0,1,0,1,0,0,0,1,0,0,0,0,0,0,0,0,1,0,0,0,0,0,0,0,0,0,0,1,0,0,1,0,0,0,1
0,74.1,161.12,-2.6,140.0,3.6,0.0,0.17857142857142858,13,0,3.0,2026-01-26,0,0,0,1,0,0,0,1,0,0,0,0,0,0,0,0,0,0,1,0,0,0,0,0,0,1,0,0,0,0,1,0,0,1,0,1,0,0
0,60.7,181.88,5.5,140.0,3.6,3.1,0.07142857142857142,12,0,3.0,2026-01-26,0,0,0,1,0,0,0,1,0,0,0,0,0,0,0,0,0,0,1,0,0,0,0,0,0,1,0,0,0,1,0,0,1,0,0,1,0,0
0,63.1,181.48,2.1,140.0,6.0,2.8,0.07142857142857142,6,0,12.9,2026-01-26,1,0,0,0,0,0,0,1,0,0,0,0,0,0,0,0,0,0,1,0,0,0,0,0,0,1,0,0,0,1,0,0,0,1,1,0,0,0
0,51.8,170.42,0.9,140.0,6.0,0.0,0.17857142857142858,6,0,12.9,2026-01-26,1,0,0,0,0,0,0,1,0,0,0,0,0,0,0,0,0,0,1,0,0,0,0,0,0,1,0,0,0,1,0,0,1,0,0,0,0,1
0,76.4,141.07,2.1,140.0,6.0,0.0,0.2857142857142857,6,0,12.9,2026-01-26,1,0,0,0,0,0,0,1,0,0,0,0,0,0,0,0,0,0,1,0,0,0,0,0,0,1,0,0,0,0,1,0,1,0,0,0,1,0
1,74.3,115.62,-0.4,140.0,6.0,5.3,0.32142857142857145,7,0,12.9,2026-01-26,1,0,0,0,0,0,0,1,0,0,0,0,0,0,0,1,0,0,0,0,0,0,0,0,1,0,0,0,0,0,1,0,1,0,0,1,0,0
1,70.8,98.5,3.6,140.0,6.0,2.0,0.42857142857142855,7,0,12.9,2026-01-26,1,0,0,0,0,0,0,1,0,0,0,0,0,0,0,1,0,0,0,0,0,0,0,0,1,0,0,0,0,0,0,1,0,1,1,0,0,0
1,64.3,85.13,6.0,140.0,6.0,2.0,0.5357142857142857,7,0,12.9,2026-01-26,1,0,0,0,0,0,0,1,0,0,0,0,0,0,0,1,0,0,0,0,0,0,0,0,1,0,0,0,0,0,1,0,0,1,0,1,0,0
2,70.7,75.22,6.1,140.0,6.0,5.7,0.5714285714285714,7,0,12.9,2026-01-26,1,0,0,0,0,0,0,1,0,0,0,0,1,0,0,0,0,0,0,0,0,0,0,1,0,0,0,0,0,1,0,0,1,0,1,0,0,0
2,56.3,63.54,9.6,140.0,6.0,2.0,0.6785714285714286,7,0,12.9,2026-01-26,1,0,0,0,0,0,0,1,0,0,0,0,1,0,0,0,0,0,0,0,0,0,0,1,0,0,0,0,0,0,0,1,1,0,0,0,1,0
2,76.5,36.0,9.2,140.0,6.0,2.0,0.7857142857142857,8,0,12.9,2026-01-26,1,0,0,0,0,0,0,1,0,0,0,0,1,0,0,0,0,0,0,0,0,0,0,1,0,0,0,0,0,0,0,1,1,0,0,1,0,0
3,69.2,35.47,13.3,140.0,6.0,4.2,0.8214285714285714,8,0,12.9,2026-01-26,1,0,0,0,0,0,0,1,0,0,0,1,0,0,0,0,0,0,0,0,0,0,1,0,0,0,0,0,0,1,0,0,1,0,1,0,0,0
3,44.5,28.46,11.3,140.0,6.0,2.0,0.9285714285714286,8,0,12.9,2026-01-26,1,0,0,0,0,0,0,1,0,0,0,1,0,0,0,0,0,0,0,0,0,0,1,0,0,0,0,0,0,0,0,1,1,0,0,0,0,1
3,65.9,3.07,13.1,140.0,6.0,2.0,1.0,8,0,12.9,2026-01-26,1,0,0,0,0,0,0,1,0,0,0,1,0,0,0,0,0,0,0,0,0,0,1,0,0,0,0,0,0,1,0,0,0,1,0,0,0,1
0,59.3,175.12,-0.1,155.0,5.2,1.3,0.06451612903225806,8,0,-1.9,2026-01-26,0,1,0,0,0,0,1,0,0,0,0,0,0,0,0,0,1,0,0,0,0,1,0,0,0,0,0,0,0,0,1,0,1,0,1,0,0,0
0,71.2,155.33,-1.1,155.0,5.2,0.0,0.16129032258064516,8,0,-1.9,2026-01-26,0,1,0,0,0,0,1,0,0,0,0,0,0,0,0,0,1,0,0,0,0,1,0,0,0,0,0,0,0,0,0,1,1,0,0,0,1,0
0,66.2,140.87,-2.8,155.0,5.2,0.0,0.25806451612903225,9,0,-1.9,2026-01-26,0,1,0,0,0,0,1,0,0,0,0,0,0,0,0,0,1,0,0,0,0,1,0,0,0,0,0,0,0,1,0,0,1,0,0,1,0,0
2,73.5,36.0,0.7,205.0,6.0,2.0,0.8536585365853658,13,0,4.9,2026-01-26,0,0,1,0,0,0,0,0,1,0,0,0,0,0,1,0,0,0,0,0,0,0,0,0,0,0,0,1,0,0,0,1,0,1,0,0,0,1
1,70.6,103.58,-3.0,155.0,5.2,2.0,0.432258064516129,9,0,-1.9,2026-01-26,0,1,0,0,0,0,1,0,0,0,1,0,0,0,0,0,0,0,0,1,0,0,0,0,0,0,0,0,0,0,1,0,1,0,0,1,0,0
2,52.8,63.0,2.2,205.0,6.0,2.0,0.7804878048780488,13,0,4.9,2026-01-26,0,0,1,0,0,0,0,0,1,0,0,0,0,0,1,0,0,0,0,0,0,0,0,0,0,0,0,1,0,1,0,0,1,0,0,0,0,1
2,64.7,74.22,1.4,205.0,6.0,3.9,0.7073170731707317,12,0,4.9,2026-01-26,0,0,1,0,0,0,0,0,1,0,0,0,0,0,1,0,0,0,0,0,0,0,0,0,0,0,0,1,0,1,0,0,1,0,0,0,0,1
1,90.0,130.0,1.7,205.0,6.0,2.0,0.4634146341463415,12,0,4.9,2026-01-26,0,0,1,0,0,0,0,0,1,1,0,0,0,0,0,0,0,0,0,0,0,0,0,0,0,0,1,0,0,0,1,0,0,1,0,1,0,0
1,70.3,121.28,1.0,155.0,5.2,5.8,0.33548387096774196,9,0,-1.9,2026-01-26,0,1,0,0,0,0,1,0,0,0,1,0,0,0,0,0,0,0,0,1,0,0,0,0,0,0,0,0,0,0,0,1,0,1,1,0,0,0
1,75.6,177.4,3.3,205.0,6.0,4.1,0.3170731707317073,11,0,4.9,2026-01-26,0,0,1,0,0,0,0,0,1,1,0,0,0,0,0,0,0,0,0,0,0,0,0,0,0,0,1,0,0,1,0,0,0,1,0,0,0,1
0,61.8,223.8,-0.1,205.0,6.0,0.0,0.1951219512195122,11,0,4.9,2026-01-26,0,0,1,0,0,0,0,0,1,0,0,0,0,0,0,0,0,1,0,0,0,0,0,0,0,0,0,0,1,1,0,0,1,0,0,0,1,0
1,59.8,165.08,3.6,205.0,6.0,2.0,0.3902439024390244,11,0,4.9,2026-01-26,0,0,1,0,0,0,0,0,1,1,0,0,0,0,0,0,0,0,0,0,0,0,0,0,0,0,1,0,0,1,0,0,0,1,1,0,0,0
0,61.1,254.82,-0.4,205.0,6.0,2.4,0.04878048780487805,10,0,4.9,2026-01-26,0,0,1,0,0,0,0,0,1,0,0,0,0,0,0,0,0,1,0,0,0,0,0,0,0,0,0,0,1,1,0,0,1,0,0,0,0,1
2,72.8,20.47,-2.2,155.0,5.2,2.0,0.8903225806451613,10,0,-1.9,2026-01-26,0,1,0,0,0,0,1,0,0,0,0,0,0,1,0,0,0,0,0,0,1,0,0,0,0,0,0,0,0,0,0,1,0,1,1,0,0,0
2,56.7,45.38,-3.0,155.0,5.2,2.0,0.7935483870967742,10,0,-1.9,2026-01-26,0,1,0,0,0,0,1,0,0,0,0,0,0,1,0,0,0,0,0,0,1,0,0,0,0,0,0,0,0,0,0,1,1,0,0,0,0,1
2,60.9,58.85,2.8,155.0,5.2,5.0,0.6967741935483871,10,0,-1.9,2026-01-26,0,1,0,0,0,0,1,0,0,0,0,0,0,1,0,0,0,0,0,0,1,0,0,0,0,0,0,0,0,0,0,1,0,1,0,0,0,1
1,65.8,89.13,-1.4,155.0,5.2,2.0,0.5290322580645161,9,0,-1.9,2026-01-26,0,1,0,0,0,0,1,0,0,0,1,0,0,0,0,0,0,0,0,1,0,0,0,0,0,0,0,0,0,0,0,1,0,1,1,0,0,0
0,66.9,237.12,2.5,205.0,6.0,0.0,0.12195121951219512,10,0,4.9,2026-01-26,0,0,1,0,0,0,0,0,1,0,0,0,0,0,0,0,0,1,0,0,0,0,0,0,0,0,0,0,1,1,0,0,1,0,0,0,0,1
0,46.3,165.71,0.8,155.0,3.0,0.0,0.16129032258064516,16,1,15.5,2026-01-27,0,0,0,0,1,0,1,0,0,0,0,0,0,0,0,0,1,0,0,0,0,1,0,0,0,0,0,0,0,0,1,0,0,1,0,1,0,0
0,60.0,175.0,3.2,155.0,3.0,2.6,0.06451612903225806,15,1,15.5,2026-01-27,0,0,0,0,1,0,1,0,0,0,0,0,0,0,0,0,1,0,0,0,0,1,0,0,0,0,0,0,0,0,1,0,0,1,0,1,0,0
3,63.2,4.87,6.8,140.0,2.7,2.0,1.0,16,1,6.6,2026-01-27,0,0,0,1,0,0,0,1,0,0,0,1,0,0,0,0,0,0,0,0,0,0,1,0,0,0,0,0,0,1,0,0,1,0,1,0,0,0
3,66.0,19.5,7.2,140.0,2.7,2.0,0.9285714285714286,15,1,6.6,2026-01-27,0,0,0,1,0,0,0,1,0,0,0,1,0,0,0,0,0,0,0,0,0,0,1,0,0,0,0,0,0,1,0,0,0,1,0,0,1,0
3,42.9,39.85,5.1,140.0,2.7,5.4,0.8214285714285714,15,1,6.6,2026-01-27,0,0,0,1,0,0,0,1,0,0,0,1,0,0,0,0,0,0,0,0,0,0,1,0,0,0,0,0,0,0,0,1,1,0,0,0,0,1
0,57.8,153.47,2.0,140.0,2.7,0.0,0.2857142857142857,14,1,6.6,2026-01-27,0,0,0,1,0,0,0,1,0,0,0,0,0,0,0,0,0,0,1,0,0,0,0,0,0,1,0,0,0,1,0,0,1,0,0,1,0,0
2,62.8,60.83,5.6,140.0,2.7,2.0,0.6785714285714286,15,1,6.6,2026-01-27,0,0,0,1,0,0,0,1,0,0,0,0,1,0,0,0,0,0,0,0,0,0,0,1,0,0,0,0,0,0,1,0,1,0,0,0,1,0
2,67.6,75.73,1.6,140.0,2.7,4.7,0.5714285714285714,14,1,6.6,2026-01-27,0,0,0,1,0,0,0,1,0,0,0,0,1,0,0,0,0,0,0,0,0,0,0,1,0,0,0,0,0,1,0,0,1,0,1,0,0,0
1,78.1,75.93,5.8,140.0,2.7,2.0,0.5357142857142857,14,1,6.6,2026-01-27,0,0,0,1,0,0,0,1,0,0,0,0,0,0,0,1,0,0,0,0,0,0,0,0,1,0,0,0,0,1,0,0,1,0,0,1,0,0
1,71.7,98.12,6.2,140.0,2.7,2.0,0.42857142857142855,14,1,6.6,2026-01-27,0,0,0,1,0,0,0,1,0,0,0,0,0,0,0,1,0,0,0,0,0,0,0,0,1,0,0,0,0,0,1,0,0,1,0,1,0,0
1,72.4,115.93,1.1,140.0,2.7,5.3,0.32142857142857145,14,1,6.6,2026-01-27,0,0,0,1,0,0,0,1,0,0,0,0,0,0,0,1,0,0,0,0,0,0,0,0,1,0,0,0,0,1,0,0,0,1,0,0,1,0
0,66.4,140.73,-0.7,155.0,3.0,0.0,0.25806451612903225,16,1,15.5,2026-01-27,0,0,0,0,1,0,1,0,0,0,0,0,0,0,0,0,1,0,0,0,0,1,0,0,0,0,0,0,0,0,0,1,1,0,0,1,0,0
2,59.2,47.53,7.0,140.0,2.7,2.0,0.7857142857142857,15,1,6.6,2026-01-27,0,0,0,1,0,0,0,1,0,0,0,0,1,0,0,0,0,0,0,0,0,0,0,1,0,0,0,0,0,0,1,0,1,0,1,0,0,0
1,66.0,122.0,8.6,155.0,3.0,3.7,0.33548387096774196,16,1,15.5,2026-01-27,0,0,0,0,1,0,1,0,0,0,1,0,0,0,0,0,0,0,0,1,0,0,0,0,0,0,0,0,0,0,1,0,0,1,0,1,0,0
0,59.9,240.04,3.1,205.0,14.7,0.0,0.12195121951219512,5,1,17.9,2026-01-27,0,0,0,0,0,1,0,0,1,0,0,0,0,0,0,0,0,1,0,0,0,0,0,0,0,0,0,0,1,1,0,0,1,0,1,0,0,0
1,72.5,84.67,7.1,155.0,3.0,2.0,0.5290322580645161,17,1,15.5,2026-01-27,0,0,0,0,1,0,1,0,0,0,1,0,0,0,0,0,0,0,0,1,0,0,0,0,0,0,0,0,0,1,0,0,1,0,1,0,0,0
2,58.3,59.28,8.3,155.0,3.0,4.3,0.6967741935483871,17,1,15.5,2026-01-27,0,0,0,0,1,0,1,0,0,0,0,0,0,1,0,0,0,0,0,0,1,0,0,0,0,0,0,0,0,0,1,0,1,0,0,1,0,0
2,55.8,45.75,9.4,155.0,3.0,2.0,0.7935483870967742,17,1,15.5,2026-01-27,0,0,0,0,1,0,1,0,0,0,0,0,0,1,0,0,0,0,0,0,1,0,0,0,0,0,0,0,0,1,0,0,0,1,1,0,0,0
2,70.1,22.27,12.0,155.0,3.0,2.0,0.8903225806451613,18,1,15.5,2026-01-27,0,0,0,0,1,0,1,0,0,0,0,0,0,1,0,0,0,0,0,0,1,0,0,0,0,0,0,0,0,0,1,0,1,0,0,1,0,0
0,66.2,253.97,2.8,205.0,14.7,1.6,0.04878048780487805,5,1,17.9,2026-01-27,0,0,0,0,0,1,0,0,1,0,0,0,0,0,0,0,0,1,0,0,0,0,0,0,0,0,0,0,1,0,0,1,1,0,1,0,0,0
0,78.4,212.73,8.1,205.0,14.7,0.0,0.1951219512195122,6,1,17.9,2026-01-27,0,0,0,0,0,1,0,0,1,0,0,0,0,0,0,0,0,1,0,0,0,0,0,0,0,0,0,0,1,1,0,0,1,0,1,0,0,0
1,60.6,179.9,4.7,205.0,14.7,3.7,0.3170731707317073,6,1,17.9,2026-01-27,0,0,0,0,0,1,0,0,1,1,0,0,0,0,0,0,0,0,0,0,0,0,0,0,0,0,1,0,0,1,0,0,0,1,0,0,0,1
1,71.8,160.08,6.0,205.0,14.7,2.0,0.3902439024390244,6,1,17.9,2026-01-27,0,0,0,0,0,1,0,0,1,1,0,0,0,0,0,0,0,0,0,0,0,0,0,0,0,0,1,0,0,1,0,0,1,0,0,1,0,0
1,54.4,153.73,6.4,205.0,14.7,2.0,0.4634146341463415,6,1,17.9,2026-01-27,0,0,0,0,0,1,0,0,1,1,0,0,0,0,0,0,0,0,0,0,0,0,0,0,0,0,1,0,0,0,1,0,1,0,1,0,0,0
2,57.6,75.4,11.6,205.0,14.7,4.6,0.7073170731707317,7,1,17.9,2026-01-27,0,0,0,0,0,1,0,0,1,0,0,0,0,0,1,0,0,0,0,0,0,0,0,0,0,0,0,1,0,0,1,0,1,0,1,0,0,0
2,41.2,67.83,15.5,205.0,14.7,2.0,0.7804878048780488,8,1,17.9,2026-01-27,0,0,0,0,0,1,0,0,1,0,0,0,0,0,1,0,0,0,0,0,0,0,0,0,0,0,0,1,0,1,0,0,1,0,0,0,1,0
2,44.8,55.13,15.0,205.0,14.7,2.0,0.8536585365853658,8,1,17.9,2026-01-27,0,0,0,0,0,1,0,0,1,0,0,0,0,0,1,0,0,0,0,0,0,0,0,0,0,0,0,1,0,1,0,0,0,1,0,0,0,1
0,72.6,161.75,1.8,140.0,2.7,0.0,0.17857142857142858,14,1,6.6,2026-01-27,0,0,0,1,0,0,0,1,0,0,0,0,0,0,0,0,0,0,1,0,0,0,0,0,0,1,0,0,0,1,0,0,0,1,0,1,0,0
1,68.6,104.42,6.2,155.0,3.0,2.0,0.432258064516129,16,1,15.5,2026-01-27,0,0,0,0,1,0,1,0,0,0,1,0,0,0,0,0,0,0,0,1,0,0,0,0,0,0,0,0,0,0,0,1,1,0,0,1,0,0
2,70.6,37.93,-3.0,205.0,1.4,2.0,0.8536585365853658,14,1,-2.0,2026-01-27,0,0,1,0,0,0,0,0,1,0,0,0,0,0,1,0,0,0,0,0,0,0,0,0,0,0,0,1,0,1,0,0,1,0,1,0,0,0
0,71.6,253.07,-3.0,205.0,1.4,2.5,0.04878048780487805,11,1,-2.0,2026-01-27,0,0,1,0,0,0,0,0,1,0,0,0,0,0,0,0,0,1,0,0,0,0,0,0,0,0,0,0,1,0,1,0,1,0,0,0,1,0
2,70.0,55.83,-0.9,205.0,1.4,2.0,0.7804878048780488,14,1,-2.0,2026-01-27,0,0,1,0,0,0,0,0,1,0,0,0,0,0,1,0,0,0,0,0,0,0,0,0,0,0,0,1,0,1,0,0,1,0,0,1,0,0
0,81.5,178.42,3.3,140.0,8.1,2.6,0.07142857142857142,7,1,12.8,2026-01-27,1,0,0,0,0,0,0,1,0,0,0,0,0,0,0,0,0,0,1,0,0,0,0,0,0,1,0,0,0,1,0,0,0,1,0,0,0,1
0,63.8,165.42,2.6,140.0,8.1,0.0,0.17857142857142858,7,1,12.8,2026-01-27,1,0,0,0,0,0,0,1,0,0,0,0,0,0,0,0,0,0,1,0,0,0,0,0,0,1,0,0,0,0,1,0,1,0,0,1,0,0
0,62.6,150.27,3.4,140.0,8.1,0.0,0.2857142857142857,7,1,12.8,2026-01-27,1,0,0,0,0,0,0,1,0,0,0,0,0,0,0,0,0,0,1,0,0,0,0,0,0,1,0,0,0,1,0,0,1,0,1,0,0,0
1,71.2,116.13,6.6,140.0,8.1,4.1,0.32142857142857145,8,1,12.8,2026-01-27,1,0,0,0,0,0,0,1,0,0,0,0,0,0,0,1,0,0,0,0,0,0,0,0,1,0,0,0,0,1,0,0,1,0,0,0,0,1
1,66.6,100.25,0.7,140.0,8.1,2.0,0.42857142857142855,8,1,12.8,2026-01-27,1,0,0,0,0,0,0,1,0,0,0,0,0,0,0,1,0,0,0,0,0,0,0,0,1,0,0,0,0,0,0,1,1,0,1,0,0,0
1,65.2,84.53,7.7,140.0,8.1,2.0,0.5357142857142857,8,1,12.8,2026-01-27,1,0,0,0,0,0,0,1,0,0,0,0,0,0,0,1,0,0,0,0,0,0,0,0,1,0,0,0,0,0,1,0,1,0,0,0,1,0
2,56.0,77.67,8.7,140.0,8.1,5.6,0.5714285714285714,8,1,12.8,2026-01-27,1,0,0,0,0,0,0,1,0,0,0,0,1,0,0,0,0,0,0,0,0,0,0,1,0,0,0,0,0,0,1,0,0,1,0,0,1,0
0,67.2,180.8,-0.8,140.0,2.7,2.4,0.07142857142857142,13,1,6.6,2026-01-27,0,0,0,1,0,0,0,1,0,0,0,0,0,0,0,0,0,0,1,0,0,0,0,0,0,1,0,0,0,1,0,0,1,0,1,0,0,0
2,52.4,52.07,10.0,140.0,8.1,2.0,0.7857142857142857,9,1,12.8,2026-01-27,1,0,0,0,0,0,0,1,0,0,0,0,1,0,0,0,0,0,0,0,0,0,0,1,0,0,0,0,0,1,0,0,1,0,0,0,1,0
3,62.7,36.55,10.2,140.0,8.1,5.4,0.8214285714285714,9,1,12.8,2026-01-27,1,0,0,0,0,0,0,1,0,0,0,1,0,0,0,0,0,0,0,0,0,0,1,0,0,0,0,0,0,1,0,0,0,1,0,0,1,0
3,68.7,18.38,11.0,140.0,8.1,2.0,0.9285714285714286,9,1,12.8,2026-01-27,1,0,0,0,0,0,0,1,0,0,0,1,0,0,0,0,0,0,0,0,0,0,1,0,0,0,0,0,0,1,0,0,1,0,0,1,0,0
3,54.3,10.8,16.1,140.0,8.1,2.0,1.0,9,1,12.8,2026-01-27,1,0,0,0,0,0,0,1,0,0,0,1,0,0,0,0,0,0,0,0,0,0,1,0,0,0,0,0,0,0,0,1,1,0,0,1,0,0
0,62.0,174.67,1.2,155.0,12.0,1.3,0.06451612903225806,9,1,9.7,2026-01-27,0,1,0,0,0,0,1,0,0,0,0,0,0,0,0,0,1,0,0,0,0,1,0,0,0,0,0,0,0,0,1,0,1,0,0,0,0,1
0,60.6,159.75,1.1,155.0,12.0,0.0,0.16129032258064516,9,1,9.7,2026-01-27,0,1,0,0,0,0,1,0,0,0,0,0,0,0,0,0,1,0,0,0,0,1,0,0,0,0,0,0,0,1,0,0,1,0,1,0,0,0
2,76.1,55.29,8.8,140.0,8.1,2.0,0.6785714285714286,8,1,12.8,2026-01-27,1,0,0,0,0,0,0,1,0,0,0,0,1,0,0,0,0,0,0,0,0,0,0,1,0,0,0,0,0,1,0,0,0,1,0,1,0,0
1,56.7,123.55,0.9,155.0,12.0,3.5,0.33548387096774196,10,1,9.7,2026-01-27,0,1,0,0,0,0,1,0,0,0,1,0,0,0,0,0,0,0,0,1,0,0,0,0,0,0,0,0,0,1,0,0,1,0,0,1,0,0
0,76.3,134.13,2.7,155.0,12.0,0.0,0.25806451612903225,10,1,9.7,2026-01-27,0,1,0,0,0,0,1,0,0,0,0,0,0,0,0,0,1,0,0,0,0,1,0,0,0,0,0,0,0,0,1,0,0,1,0,1,0,0
2,73.1,72.82,-0.5,205.0,1.4,3.9,0.7073170731707317,13,1,-2.0,2026-01-27,0,0,1,0,0,0,0,0,1,0,0,0,0,0,1,0,0,0,0,0,0,0,0,0,0,0,0,1,0,1,0,0,1,0,0,1,0,0
1,57.2,151.87,2.3,205.0,1.4,2.0,0.4634146341463415,13,1,-2.0,2026-01-27,0,0,1,0,0,0,0,0,1,1,0,0,0,0,0,0,0,0,0,0,0,0,0,0,0,0,1,0,0,0,0,1,1,0,0,0,1,0
1,56.7,166.38,-2.2,205.0,1.4,2.0,0.3902439024390244,12,1,-2.0,2026-01-27,0,0,1,0,0,0,0,0,1,1,0,0,0,0,0,0,0,0,0,0,0,0,0,0,0,0,1,0,0,1,0,0,0,1,0,1,0,0
0,72.3,216.8,0.5,205.0,1.4,0.0,0.1951219512195122,12,1,-2.0,2026-01-27,0,0,1,0,0,0,0,0,1,0,0,0,0,0,0,0,0,1,0,0,0,0,0,0,0,0,0,0,1,1,0,0,1,0,0,1,0,0
0,59.4,240.25,-0.2,205.0,1.4,0.0,0.12195121951219512,11,1,-2.0,2026-01-27,0,0,1,0,0,0,0,0,1,0,0,0,0,0,0,0,0,1,0,0,0,0,0,0,0,0,0,0,1,1,0,0,0,1,0,1,0,0
1,72.3,177.95,-3.0,205.0,1.4,3.7,0.3170731707317073,12,1,-2.0,2026-01-27,0,0,1,0,0,0,0,0,1,1,0,0,0,0,0,0,0,0,0,0,0,0,0,0,0,0,1,0,0,1,0,0,1,0,0,1,0,0
2,49.6,35.93,6.9,155.0,12.0,2.0,0.8903225806451613,11,1,9.7,2026-01-27,0,1,0,0,0,0,1,0,0,0,0,0,0,1,0,0,0,0,0,0,1,0,0,0,0,0,0,0,0,1,0,0,0,1,0,1,0,0
2,73.6,38.33,7.6,155.0,12.0,2.0,0.7935483870967742,11,1,9.7,2026-01-27,0,1,0,0,0,0,1,0,0,0,0,0,0,1,0,0,0,0,0,0,1,0,0,0,0,0,0,0,0,1,0,0,1,0,0,1,0,0
2,60.3,58.95,7.7,155.0,12.0,4.3,0.6967741935483871,11,1,9.7,2026-01-27,0,1,0,0,0,0,1,0,0,0,0,0,0,1,0,0,0,0,0,0,1,0,0,0,0,0,0,0,0,0,1,0,1,0,0,0,0,1
1,60.3,92.8,3.8,155.0,12.0,2.0,0.5290322580645161,10,1,9.7,2026-01-27,0,1,0,0,0,0,1,0,0,0,1,0,0,0,0,0,0,0,0,1,0,0,0,0,0,0,0,0,0,1,0,0,0,1,0,1,0,0
1,66.4,105.33,4.6,155.0,12.0,2.0,0.432258064516129,10,1,9.7,2026-01-27,0,1,0,0,0,0,1,0,0,0,1,0,0,0,0,0,0,0,0,1,0,0,0,0,0,0,0,0,0,0,0,1,1,0,0,1,0,0
3,40.2,40.3,12.2,140.0,9.2,4.2,0.8214285714285714,16,2,17.3,2026-01-28,0,0,0,1,0,0,0,1,0,0,0,1,0,0,0,0,0,0,0,0,0,0,1,0,0,0,0,0,0,1,0,0,1,0,0,1,0,0
0,79.9,171.68,2.0,155.0,17.4,1.8,0.06451612903225806,16,2,19.1,2026-01-28,0,0,0,0,1,0,1,0,0,0,0,0,0,0,0,0,1,0,0,0,0,1,0,0,0,0,0,0,0,0,0,1,1,0,0,0,0,1
3,44.9,17.07,16.2,140.0,9.2,2.0,1.0,17,2,17.3,2026-01-28,0,0,0,1,0,0,0,1,0,0,0,1,0,0,0,0,0,0,0,0,0,0,1,0,0,0,0,0,0,0,0,1,1,0,0,1,0,0
3,36.6,31.75,18.9,140.0,9.2,2.0,0.9285714285714286,16,2,17.3,2026-01-28,0,0,0,1,0,0,0,1,0,0,0,1,0,0,0,0,0,0,0,0,0,0,1,0,0,0,0,0,0,1,0,0,1,0,1,0,0,0
0,57.4,161.08,2.3,155.0,17.4,0.0,0.16129032258064516,17,2,19.1,2026-01-28,0,0,0,0,1,0,1,0,0,0,0,0,0,0,0,0,1,0,0,0,0,1,0,0,0,0,0,0,0,0,1,0,1,0,0,0,1,0
2,72.0,39.0,13.3,140.0,9.2,2.0,0.7857142857142857,16,2,17.3,2026-01-28,0,0,0,1,0,0,0,1,0,0,0,0,1,0,0,0,0,0,0,0,0,0,0,1,0,0,0,0,0,0,1,0,1,0,1,0,0,0
0,82.1,137.27,5.2,140.0,9.2,0.0,0.2857142857142857,15,2,17.3,2026-01-28,0,0,0,1,0,0,0,1,0,0,0,0,0,0,0,0,0,0,1,0,0,0,0,0,0,1,0,0,0,1,0,0,1,0,1,0,0,0
2,66.0,76.0,7.9,140.0,9.2,3.2,0.5714285714285714,15,2,17.3,2026-01-28,0,0,0,1,0,0,0,1,0,0,0,0,1,0,0,0,0,0,0,0,0,0,0,1,0,0,0,0,0,1,0,0,1,0,0,0,1,0
1,75.7,77.53,10.7,140.0,9.2,2.0,0.5357142857142857,15,2,17.3,2026-01-28,0,0,0,1,0,0,0,1,0,0,0,0,0,0,0,1,0,0,0,0,0,0,0,0,1,0,0,0,0,1,0,0,1,0,0,1,0,0
1,39.6,111.5,7.8,140.0,9.2,2.0,0.42857142857142855,15,2,17.3,2026-01-28,0,0,0,1,0,0,0,1,0,0,0,0,0,0,0,1,0,0,0,0,0,0,0,0,1,0,0,0,0,0,1,0,1,0,0,0,1,0
1,67.1,116.82,3.0,140.0,9.2,4.7,0.32142857142857145,15,2,17.3,2026-01-28,0,0,0,1,0,0,0,1,0,0,0,0,0,0,0,1,0,0,0,0,0,0,0,0,1,0,0,0,0,0,0,1,1,0,1,0,0,0
0,60.8,144.47,5.6,155.0,17.4,0.0,0.25806451612903225,17,2,19.1,2026-01-28,0,0,0,0,1,0,1,0,0,0,0,0,0,0,0,0,1,0,0,0,0,1,0,0,0,0,0,0,0,1,0,0,0,1,0,0,0,1
2,45.4,68.08,10.4,140.0,9.2,2.0,0.6785714285714286,16,2,17.3,2026-01-28,0,0,0,1,0,0,0,1,0,0,0,0,1,0,0,0,0,0,0,0,0,0,0,1,0,0,0,0,0,1,0,0,1,0,0,0,1,0
1,65.6,122.07,5.5,155.0,17.4,3.6,0.33548387096774196,17,2,19.1,2026-01-28,0,0,0,0,1,0,1,0,0,0,1,0,0,0,0,0,0,0,0,1,0,0,0,0,0,0,0,0,0,1,0,0,1,0,0,0,1,0
0,78.3,159.38,0.6,140.0,9.2,0.0,0.17857142857142858,15,2,17.3,2026-01-28,0,0,0,1,0,0,0,1,0,0,0,0,0,0,0,0,0,0,1,0,0,0,0,0,0,1,0,0,0,0,0,1,0,1,0,0,1,0
1,67.7,87.87,9.4,155.0,17.4,2.0,0.5290322580645161,18,2,19.1,2026-01-28,0,0,0,0,1,0,1,0,0,0,1,0,0,0,0,0,0,0,0,1,0,0,0,0,0,0,0,0,0,0,0,1,0,1,0,0,1,0
2,36.9,62.85,14.4,155.0,17.4,4.7,0.6967741935483871,18,2,19.1,2026-01-28,0,0,0,0,1,0,1,0,0,0,0,0,0,1,0,0,0,0,0,0,1,0,0,0,0,0,0,0,0,0,1,0,1,0,0,0,1,0
2,49.6,48.33,14.0,155.0,17.4,2.0,0.7935483870967742,18,2,19.1,2026-01-28,0,0,0,0,1,0,1,0,0,0,0,0,0,1,0,0,0,0,0,0,1,0,0,0,0,0,0,0,0,0,0,1,0,1,0,0,0,1
2,53.2,33.53,15.2,155.0,17.4,2.0,0.8903225806451613,19,2,19.1,2026-01-28,0,0,0,0,1,0,1,0,0,0,0,0,0,1,0,0,0,0,0,0,1,0,0,0,0,0,0,0,0,0,0,1,0,1,0,0,0,1
0,74.5,252.58,-2.6,205.0,9.0,1.8,0.04878048780487805,6,2,8.3,2026-01-28,0,0,0,0,0,1,0,0,1,0,0,0,0,0,0,0,0,1,0,0,0,0,0,0,0,0,0,0,1,0,0,1,0,1,0,1,0,0
0,53.7,242.62,3.1,205.0,9.0,0.0,0.12195121951219512,6,2,8.3,2026-01-28,0,0,0,0,0,1,0,0,1,0,0,0,0,0,0,0,0,1,0,0,0,0,0,0,0,0,0,0,1,0,1,0,0,1,0,0,1,0
0,77.3,213.47,-1.0,205.0,9.0,0.0,0.1951219512195122,7,2,8.3,2026-01-28,0,0,0,0,0,1,0,0,1,0,0,0,0,0,0,0,0,1,0,0,0,0,0,0,0,0,0,0,1,1,0,0,1,0,1,0,0,0
1,66.3,178.95,1.7,205.0,9.0,4.9,0.3170731707317073,7,2,8.3,2026-01-28,0,0,0,0,0,1,0,0,1,1,0,0,0,0,0,0,0,0,0,0,0,0,0,0,0,0,1,0,0,0,1,0,1,0,0,1,0,0
1,65.6,162.67,3.5,205.0,9.0,2.0,0.3902439024390244,7,2,8.3,2026-01-28,0,0,0,0,0,1,0,0,1,1,0,0,0,0,0,0,0,0,0,0,0,0,0,0,0,0,1,0,0,0,1,0,1,0,0,0,0,1
1,50.1,156.6,8.9,205.0,9.0,2.0,0.4634146341463415,7,2,8.3,2026-01-28,0,0,0,0,0,1,0,0,1,1,0,0,0,0,0,0,0,0,0,0,0,0,0,0,0,0,1,0,0,0,0,1,1,0,1,0,0,0
2,62.0,74.67,5.7,205.0,9.0,4.0,0.7073170731707317,8,2,8.3,2026-01-28,0,0,0,0,0,1,0,0,1,0,0,0,0,0,1,0,0,0,0,0,0,0,0,0,0,0,0,1,0,0,1,0,1,0,1,0,0,0
2,61.7,59.29,6.1,205.0,9.0,2.0,0.7804878048780488,9,2,8.3,2026-01-28,0,0,0,0,0,1,0,0,1,0,0,0,0,0,1,0,0,0,0,0,0,0,0,0,0,0,0,1,0,1,0,0,1,0,0,0,0,1
2,67.1,40.27,7.0,205.0,9.0,2.0,0.8536585365853658,9,2,8.3,2026-01-28,0,0,0,0,0,1,0,0,1,0,0,0,0,0,1,0,0,0,0,0,0,0,0,0,0,0,0,1,0,1,0,0,0,1,0,0,0,1
1,71.5,103.21,9.2,155.0,17.4,2.0,0.432258064516129,17,2,19.1,2026-01-28,0,0,0,0,1,0,1,0,0,0,1,0,0,0,0,0,0,0,0,1,0,0,0,0,0,0,0,0,0,0,0,1,1,0,0,1,0,0
0,50.1,183.65,1.5,140.0,9.2,1.7,0.07142857142857142,14,2,17.3,2026-01-28,0,0,0,1,0,0,0,1,0,0,0,0,0,0,0,0,0,0,1,0,0,0,0,0,0,1,0,0,0,1,0,0,0,1,0,1,0,0
0,76.3,179.28,-0.9,140.0,10.5,1.6,0.07142857142857142,8,2,13.4,2026-01-28,1,0,0,0,0,0,0,1,0,0,0,0,0,0,0,0,0,0,1,0,0,0,0,0,0,1,0,0,0,1,0,0,0,1,0,0,1,0
2,63.9,58.38,1.2,205.0,5.6,2.0,0.7804878048780488,15,2,2.8,2026-01-28,0,0,1,0,0,0,0,0,1,0,0,0,0,0,1,0,0,0,0,0,0,0,0,0,0,0,0,1,0,0,1,0,1,0,0,0,0,1
0,59.6,167.17,0.4,140.0,10.5,0.0,0.17857142857142858,8,2,13.4,2026-01-28,1,0,0,0,0,0,0,1,0,0,0,0,0,0,0,0,0,0,1,0,0,0,0,0,0,1,0,0,0,1,0,0,0,1,0,0,1,0
0,64.1,149.27,7.0,140.0,10.5,0.0,0.2857142857142857,8,2,13.4,2026-01-28,1,0,0,0,0,0,0,1,0,0,0,0,0,0,0,0,0,0,1,0,0,0,0,0,0,1,0,0,0,1,0,0,0,1,0,1,0,0
1,60.4,117.93,1.8,140.0,10.5,2.8,0.32142857142857145,9,2,13.4,2026-01-28,1,0,0,0,0,0,0,1,0,0,0,0,0,0,0,1,0,0,0,0,0,0,0,0,1,0,0,0,0,0,1,0,1,0,0,1,0,0
1,50.8,106.83,9.6,140.0,10.5,2.0,0.42857142857142855,9,2,13.4,2026-01-28,1,0,0,0,0,0,0,1,0,0,0,0,0,0,0,1,0,0,0,0,0,0,0,0,1,0,0,0,0,1,0,0,0,1,1,0,0,0
1,60.0,88.0,5.6,140.0,10.5,2.0,0.5357142857142857,9,2,13.4,2026-01-28,1,0,0,0,0,0,0,1,0,0,0,0,0,0,0,1,0,0,0,0,0,0,0,0,1,0,0,0,0,0,0,1,1,0,1,0,0,0
2,69.8,75.37,10.8,140.0,10.5,5.2,0.5714285714285714,9,2,13.4,2026-01-28,1,0,0,0,0,0,0,1,0,0,0,0,1,0,0,0,0,0,0,0,0,0,0,1,0,0,0,0,0,0,1,0,0,1,0,1,0,0
2,55.9,63.71,9.7,140.0,10.5,2.0,0.6785714285714286,9,2,13.4,2026-01-28,1,0,0,0,0,0,0,1,0,0,0,0,1,0,0,0,0,0,0,0,0,0,0,1,0,0,0,0,0,0,1,0,0,1,0,1,0,0
2,54.2,50.87,9.0,140.0,10.5,2.0,0.7857142857142857,10,2,13.4,2026-01-28,1,0,0,0,0,0,0,1,0,0,0,0,1,0,0,0,0,0,0,0,0,0,0,1,0,0,0,0,0,1,0,0,1,0,1,0,0,0
3,53.8,38.03,7.8,140.0,10.5,5.4,0.8214285714285714,10,2,13.4,2026-01-28,1,0,0,0,0,0,0,1,0,0,0,1,0,0,0,0,0,0,0,0,0,0,1,0,0,0,0,0,0,0,0,1,0,1,0,0,1,0
3,76.1,15.29,11.9,140.0,10.5,2.0,0.9285714285714286,10,2,13.4,2026-01-28,1,0,0,0,0,0,0,1,0,0,0,1,0,0,0,0,0,0,0,0,0,0,1,0,0,0,0,0,0,0,1,0,0,1,1,0,0,0
3,74.8,1.0,14.2,140.0,10.5,2.0,1.0,10,2,13.4,2026-01-28,1,0,0,0,0,0,0,1,0,0,0,1,0,0,0,0,0,0,0,0,0,0,1,0,0,0,0,0,0,0,1,0,1,0,0,1,0,0
0,74.9,172.52,0.4,155.0,3.9,2.7,0.06451612903225806,10,2,3.6,2026-01-28,0,1,0,0,0,0,1,0,0,0,0,0,0,0,0,0,1,0,0,0,0,1,0,0,0,0,0,0,0,1,0,0,0,1,0,0,0,1
0,65.9,157.54,1.3,155.0,3.9,0.0,0.16129032258064516,10,2,3.6,2026-01-28,0,1,0,0,0,0,1,0,0,0,0,0,0,0,0,0,1,0,0,0,0,1,0,0,0,0,0,0,0,1,0,0,0,1,0,0,0,1
2,59.0,45.67,2.2,205.0,5.6,2.0,0.8536585365853658,15,2,2.8,2026-01-28,0,0,1,0,0,0,0,0,1,0,0,0,0,0,1,0,0,0,0,0,0,0,0,0,0,0,0,1,0,0,0,1,0,1,0,0,1,0
1,62.0,122.67,3.1,155.0,3.9,4.0,0.33548387096774196,11,2,3.6,2026-01-28,0,1,0,0,0,0,1,0,0,0,1,0,0,0,0,0,0,0,0,1,0,0,0,0,0,0,0,0,0,1,0,0,0,1,1,0,0,0
0,64.8,141.8,3.4,155.0,3.9,0.0,0.25806451612903225,11,2,3.6,2026-01-28,0,1,0,0,0,0,1,0,0,0,0,0,0,0,0,0,1,0,0,0,0,1,0,0,0,0,0,0,0,1,0,0,0,1,0,1,0,0
2,75.8,72.37,5.3,205.0,5.6,4.0,0.7073170731707317,14,2,2.8,2026-01-28,0,0,1,0,0,0,0,0,1,0,0,0,0,0,1,0,0,0,0,0,0,0,0,0,0,0,0,1,0,1,0,0,1,0,0,0,1,0
1,62.7,148.2,0.9,205.0,5.6,2.0,0.4634146341463415,14,2,2.8,2026-01-28,0,0,1,0,0,0,0,0,1,1,0,0,0,0,0,0,0,0,0,0,0,0,0,0,0,0,1,0,0,0,1,0,1,0,1,0,0,0
1,77.1,157.88,5.9,205.0,5.6,2.0,0.3902439024390244,13,2,2.8,2026-01-28,0,0,1,0,0,0,0,0,1,1,0,0,0,0,0,0,0,0,0,0,0,0,0,0,0,0,1,0,0,0,1,0,1,0,0,0,0,1
0,64.9,221.73,2.5,205.0,5.6,0.0,0.1951219512195122,13,2,2.8,2026-01-28,0,0,1,0,0,0,0,0,1,0,0,0,0,0,0,0,0,1,0,0,0,0,0,0,0,0,0,0,1,0,1,0,1,0,0,0,1,0
0,79.4,231.92,1.0,205.0,5.6,0.0,0.12195121951219512,12,2,2.8,2026-01-28,0,0,1,0,0,0,0,0,1,0,0,0,0,0,0,0,0,1,0,0,0,0,0,0,0,0,0,0,1,0,0,1,1,0,0,1,0,0
1,70.9,178.18,0.8,205.0,5.6,3.5,0.3170731707317073,13,2,2.8,2026-01-28,0,0,1,0,0,0,0,0,1,1,0,0,0,0,0,0,0,0,0,0,0,0,0,0,0,0,1,0,0,1,0,0,1,0,0,0,1,0
2,68.0,23.67,4.3,155.0,3.9,2.0,0.8903225806451613,12,2,3.6,2026-01-28,0,1,0,0,0,0,1,0,0,0,0,0,0,1,0,0,0,0,0,0,1,0,0,0,0,0,0,0,0,1,0,0,0,1,1,0,0,0
2,58.2,44.75,4.5,155.0,3.9,2.0,0.7935483870967742,12,2,3.6,2026-01-28,0,1,0,0,0,0,1,0,0,0,0,0,0,1,0,0,0,0,0,0,1,0,0,0,0,0,0,0,0,1,0,0,0,1,0,1,0,0
2,65.6,58.07,7.3,155.0,3.9,5.1,0.6967741935483871,12,2,3.6,2026-01-28,0,1,0,0,0,0,1,0,0,0,0,0,0,1,0,0,0,0,0,0,1,0,0,0,0,0,0,0,0,1,0,0,0,1,0,1,0,0
1,67.3,88.13,-0.1,155.0,3.9,2.0,0.5290322580645161,11,2,3.6,2026-01-28,0,1,0,0,0,0,1,0,0,0,1,0,0,0,0,0,0,0,0,1,0,0,0,0,0,0,0,0,0,1,0,0,0,1,0,1,0,0
1,72.5,102.79,-1.1,155.0,3.9,2.0,0.432258064516129,11,2,3.6,2026-01-28,0,1,0,0,0,0,1,0,0,0,1,0,0,0,0,0,0,0,0,1,0,0,0,0,0,0,0,0,0,0,0,1,1,0,0,1,0,0
0,74.2,252.63,0.5,205.0,5.6,2.7,0.04878048780487805,12,2,2.8,2026-01-28,0,0,1,0,0,0,0,0,1,0,0,0,0,0,0,0,0,1,0,0,0,0,0,0,0,0,0,0,1,0,0,1,0,1,1,0,0,0
3,43.2,29.0,17.0,140.0,11.9,2.0,0.9285714285714286,17,3,14.5,2026-01-29,0,0,0,1,0,0,0,1,0,0,0,1,0,0,0,0,0,0,0,0,0,0,1,0,0,0,0,0,0,1,0,0,1,0,0,0,1,0
0,67.2,157.0,-2.0,155.0,1.8,0.0,0.16129032258064516,6,3,4.9,2026-01-29,0,0,0,0,1,0,1,0,0,0,0,0,0,0,0,0,1,0,0,0,0,1,0,0,0,0,0,0,0,1,0,0,0,1,1,0,0,0
0,78.2,171.97,-1.7,155.0,1.8,3.3,0.06451612903225806,5,3,4.9,2026-01-29,0,0,0,0,1,0,1,0,0,0,0,0,0,0,0,0,1,0,0,0,0,1,0,0,0,0,0,0,0,1,0,0,1,0,1,0,0,0
3,54.9,10.4,15.3,140.0,11.9,2.0,1.0,18,3,14.5,2026-01-29,0,0,0,1,0,0,0,1,0,0,0,1,0,0,0,0,0,0,0,0,0,0,1,0,0,0,0,0,0,1,0,0,0,1,0,1,0,0
3,53.3,38.12,13.3,140.0,11.9,5.0,0.8214285714285714,17,3,14.5,2026-01-29,0,0,0,1,0,0,0,1,0,0,0,1,0,0,0,0,0,0,0,0,0,0,1,0,0,0,0,0,0,0,1,0,0,1,0,1,0,0
1,55.7,118.72,3.9,140.0,11.9,6.5,0.32142857142857145,16,3,14.5,2026-01-29,0,0,0,1,0,0,0,1,0,0,0,0,0,0,0,1,0,0,0,0,0,0,0,0,1,0,0,0,0,1,0,0,1,0,1,0,0,0
2,56.8,63.33,11.6,140.0,11.9,2.0,0.6785714285714286,17,3,14.5,2026-01-29,0,0,0,1,0,0,0,1,0,0,0,0,1,0,0,0,0,0,0,0,0,0,0,1,0,0,0,0,0,0,1,0,1,0,0,1,0,0
2,54.8,77.87,8.8,140.0,11.9,5.3,0.5714285714285714,16,3,14.5,2026-01-29,0,0,0,1,0,0,0,1,0,0,0,0,1,0,0,0,0,0,0,0,0,0,0,1,0,0,0,0,0,0,1,0,1,0,0,0,0,1
1,73.6,78.93,8.0,140.0,11.9,2.0,0.5357142857142857,16,3,14.5,2026-01-29,0,0,0,1,0,0,0,1,0,0,0,0,0,0,0,1,0,0,0,0,0,0,0,0,1,0,0,0,0,0,1,0,1,0,0,1,0,0
1,59.8,103.08,13.1,140.0,11.9,2.0,0.42857142857142855,16,3,14.5,2026-01-29,0,0,0,1,0,0,0,1,0,0,0,0,0,0,0,1,0,0,0,0,0,0,0,0,1,0,0,0,0,1,0,0,1,0,0,0,0,1
0,86.4,127.4,1.7,155.0,1.8,0.0,0.25806451612903225,6,3,4.9,2026-01-29,0,0,0,0,1,0,1,0,0,0,0,0,0,0,0,0,1,0,0,0,0,1,0,0,0,0,0,0,0,1,0,0,1,0,0,0,1,0
2,67.7,41.87,11.6,140.0,11.9,2.0,0.7857142857142857,17,3,14.5,2026-01-29,0,0,0,1,0,0,0,1,0,0,0,0,1,0,0,0,0,0,0,0,0,0,0,1,0,0,0,0,0,0,1,0,0,1,0,1,0,0
1,56.8,123.53,-0.6,155.0,1.8,4.8,0.33548387096774196,6,3,4.9,2026-01-29,0,0,0,0,1,0,1,0,0,0,1,0,0,0,0,0,0,0,0,1,0,0,0,0,0,0,0,0,0,0,1,0,0,1,0,0,1,0
0,73.1,234.54,0.3,205.0,9.2,0.0,0.12195121951219512,7,3,11.2,2026-01-29,0,0,0,0,0,1,0,0,1,0,0,0,0,0,0,0,0,1,0,0,0,0,0,0,0,0,0,0,1,0,1,0,1,0,0,0,0,1
1,71.5,85.33,4.2,155.0,1.8,2.0,0.5290322580645161,7,3,4.9,2026-01-29,0,0,0,0,1,0,1,0,0,0,1,0,0,0,0,0,0,0,0,1,0,0,0,0,0,0,0,0,0,0,1,0,0,1,0,0,1,0
2,63.2,58.47,1.7,155.0,1.8,3.1,0.6967741935483871,7,3,4.9,2026-01-29,0,0,0,0,1,0,1,0,0,0,0,0,0,1,0,0,0,0,0,0,1,0,0,0,0,0,0,0,0,0,1,0,0,1,0,1,0,0
2,53.0,46.92,6.9,155.0,1.8,2.0,0.7935483870967742,7,3,4.9,2026-01-29,0,0,0,0,1,0,1,0,0,0,0,0,0,1,0,0,0,0,0,0,1,0,0,0,0,0,0,0,0,0,0,1,1,0,1,0,0,0
2,59.2,29.53,4.1,155.0,1.8,2.0,0.8903225806451613,8,3,4.9,2026-01-29,0,0,0,0,1,0,1,0,0,0,0,0,0,1,0,0,0,0,0,0,1,0,0,0,0,0,0,0,0,1,0,0,0,1,0,0,1,0
0,64.3,254.28,0.4,205.0,9.2,1.1,0.04878048780487805,7,3,11.2,2026-01-29,0,0,0,0,0,1,0,0,1,0,0,0,0,0,0,0,0,1,0,0,0,0,0,0,0,0,0,0,1,1,0,0,0,1,0,0,1,0
0,57.0,227.0,0.8,205.0,9.2,0.0,0.1951219512195122,8,3,11.2,2026-01-29,0,0,0,0,0,1,0,0,1,0,0,0,0,0,0,0,0,1,0,0,0,0,0,0,0,0,0,0,1,1,0,0,0,1,1,0,0,0
1,64.1,179.32,3.2,205.0,9.2,2.8,0.3170731707317073,8,3,11.2,2026-01-29,0,0,0,0,0,1,0,0,1,1,0,0,0,0,0,0,0,0,0,0,0,0,0,0,0,0,1,0,0,1,0,0,1,0,0,1,0,0
1,61.2,164.5,8.3,205.0,9.2,2.0,0.3902439024390244,8,3,11.2,2026-01-29,0,0,0,0,0,1,0,0,1,1,0,0,0,0,0,0,0,0,0,0,0,0,0,0,0,0,1,0,0,1,0,0,0,1,0,0,1,0
1,63.3,147.8,5.7,205.0,9.2,2.0,0.4634146341463415,8,3,11.2,2026-01-29,0,0,0,0,0,1,0,0,1,1,0,0,0,0,0,0,0,0,0,0,0,0,0,0,0,0,1,0,0,0,1,0,1,0,0,0,0,1
2,53.3,76.12,8.0,205.0,9.2,5.6,0.7073170731707317,9,3,11.2,2026-01-29,0,0,0,0,0,1,0,0,1,0,0,0,0,0,1,0,0,0,0,0,0,0,0,0,0,0,0,1,0,1,0,0,0,1,0,1,0,0
2,74.1,54.12,7.1,205.0,9.2,2.0,0.7804878048780488,10,3,11.2,2026-01-29,0,0,0,0,0,1,0,0,1,0,0,0,0,0,1,0,0,0,0,0,0,0,0,0,0,0,0,1,0,0,0,1,1,0,1,0,0,0
2,50.4,51.4,11.0,205.0,9.2,2.0,0.8536585365853658,10,3,11.2,2026-01-29,0,0,0,0,0,1,0,0,1,0,0,0,0,0,1,0,0,0,0,0,0,0,0,0,0,0,0,1,0,0,1,0,0,1,0,0,1,0
0,59.8,152.13,5.3,140.0,11.9,0.0,0.2857142857142857,16,3,14.5,2026-01-29,0,0,0,1,0,0,0,1,0,0,0,0,0,0,0,0,0,0,1,0,0,0,0,0,0,1,0,0,0,1,0,0,0,1,0,1,0,0
1,75.9,101.38,-0.8,155.0,1.8,2.0,0.432258064516129,6,3,4.9,2026-01-29,0,0,0,0,1,0,1,0,0,0,1,0,0,0,0,0,0,0,0,1,0,0,0,0,0,0,0,0,0,0,0,1,0,1,0,1,0,0
0,37.8,176.25,2.3,140.0,11.9,0.0,0.17857142857142858,16,3,14.5,2026-01-29,0,0,0,1,0,0,0,1,0,0,0,0,0,0,0,0,0,0,1,0,0,0,0,0,0,1,0,0,0,1,0,0,0,1,0,0,1,0
0,76.4,179.27,-1.7,140.0,11.9,2.5,0.07142857142857142,15,3,14.5,2026-01-29,0,0,0,1,0,0,0,1,0,0,0,0,0,0,0,0,0,0,1,0,0,0,0,0,0,1,0,0,0,1,0,0,1,0,1,0,0,0
0,70.2,180.3,2.2,140.0,6.9,3.4,0.07142857142857142,9,3,6.7,2026-01-29,1,0,0,0,0,0,0,1,0,0,0,0,0,0,0,0,0,0,1,0,0,0,0,0,0,1,0,0,0,1,0,0,1,0,1,0,0,0
2,58.6,45.93,3.1,205.0,1.8,2.0,0.8536585365853658,16,3,4.9,2026-01-29,0,0,1,0,0,0,0,0,1,0,0,0,0,0,1,0,0,0,0,0,0,0,0,0,0,0,0,1,0,1,0,0,1,0,1,0,0,0
0,62.4,166.0,2.5,140.0,6.9,0.0,0.17857142857142858,9,3,6.7,2026-01-29,1,0,0,0,0,0,0,1,0,0,0,0,0,0,0,0,0,0,1,0,0,0,0,0,0,1,0,0,0,1,0,0,1,0,1,0,0,0
0,67.7,146.87,2.5,140.0,6.9,0.0,0.2857142857142857,9,3,6.7,2026-01-29,1,0,0,0,0,0,0,1,0,0,0,0,0,0,0,0,0,0,1,0,0,0,0,0,0,1,0,0,0,0,1,0,0,1,0,0,1,0
1,57.7,118.38,4.9,140.0,6.9,3.2,0.32142857142857145,10,3,6.7,2026-01-29,1,0,0,0,0,0,0,1,0,0,0,0,0,0,0,1,0,0,0,0,0,0,0,0,1,0,0,0,0,0,0,1,1,0,0,0,0,1
1,59.9,103.04,3.0,140.0,6.9,2.0,0.42857142857142855,10,3,6.7,2026-01-29,1,0,0,0,0,0,0,1,0,0,0,0,0,0,0,1,0,0,0,0,0,0,0,0,1,0,0,0,0,1,0,0,1,0,0,0,0,1
1,59.3,88.47,3.9,140.0,6.9,2.0,0.5357142857142857,10,3,6.7,2026-01-29,1,0,0,0,0,0,0,1,0,0,0,0,0,0,0,1,0,0,0,0,0,0,0,0,1,0,0,0,0,1,0,0,0,1,0,1,0,0
2,53.6,78.07,5.7,140.0,6.9,4.3,0.5714285714285714,10,3,6.7,2026-01-29,1,0,0,0,0,0,0,1,0,0,0,0,1,0,0,0,0,0,0,0,0,0,0,1,0,0,0,0,0,1,0,0,1,0,0,1,0,0
2,61.2,61.5,6.4,140.0,6.9,2.0,0.6785714285714286,10,3,6.7,2026-01-29,1,0,0,0,0,0,0,1,0,0,0,0,1,0,0,0,0,0,0,0,0,0,0,1,0,0,0,0,0,1,0,0,1,0,0,0,0,1
3,58.5,37.25,5.4,140.0,6.9,4.0,0.8214285714285714,11,3,6.7,2026-01-29,1,0,0,0,0,0,0,1,0,0,0,1,0,0,0,0,0,0,0,0,0,0,1,0,0,0,0,0,0,0,1,0,1,0,0,0,0,1
3,58.9,22.46,6.8,140.0,6.9,2.0,0.9285714285714286,11,3,6.7,2026-01-29,1,0,0,0,0,0,0,1,0,0,0,1,0,0,0,0,0,0,0,0,0,0,1,0,0,0,0,0,0,1,0,0,1,0,1,0,0,0
3,72.5,1.0,8.3,140.0,6.9,2.0,1.0,11,3,6.7,2026-01-29,1,0,0,0,0,0,0,1,0,0,0,1,0,0,0,0,0,0,0,0,0,0,1,0,0,0,0,0,0,1,0,0,0,1,0,0,0,1
0,46.8,177.2,2.1,155.0,9.0,3.0,0.06451612903225806,11,3,8.4,2026-01-29,0,1,0,0,0,0,1,0,0,0,0,0,0,0,0,0,1,0,0,0,0,1,0,0,0,0,0,0,0,1,0,0,1,0,0,1,0,0
0,65.5,157.71,3.9,155.0,9.0,0.0,0.16129032258064516,11,3,8.4,2026-01-29,0,1,0,0,0,0,1,0,0,0,0,0,0,0,0,0,1,0,0,0,0,1,0,0,0,0,0,0,0,0,1,0,1,0,0,0,1,0
0,85.8,127.8,-0.2,155.0,9.0,0.0,0.25806451612903225,12,3,8.4,2026-01-29,0,1,0,0,0,0,1,0,0,0,0,0,0,0,0,0,1,0,0,0,0,1,0,0,0,0,0,0,0,0,0,1,1,0,0,1,0,0
2,52.6,51.93,7.2,140.0,6.9,2.0,0.7857142857142857,11,3,6.7,2026-01-29,1,0,0,0,0,0,0,1,0,0,0,0,1,0,0,0,0,0,0,0,0,0,0,1,0,0,0,0,0,1,0,0,1,0,0,1,0,0
1,49.0,112.58,1.3,155.0,9.0,2.0,0.432258064516129,12,3,8.4,2026-01-29,0,1,0,0,0,0,1,0,0,0,1,0,0,0,0,0,0,0,0,1,0,0,0,0,0,0,0,0,0,1,0,0,1,0,1,0,0,0
1,60.1,122.98,5.6,155.0,9.0,3.7,0.33548387096774196,12,3,8.4,2026-01-29,0,1,0,0,0,0,1,0,0,0,1,0,0,0,0,0,0,0,0,1,0,0,0,0,0,0,0,0,0,0,1,0,0,1,0,0,0,1
2,79.9,71.68,-1.4,205.0,1.8,4.2,0.7073170731707317,15,3,4.9,2026-01-29,0,0,1,0,0,0,0,0,1,0,0,0,0,0,1,0,0,0,0,0,0,0,0,0,0,0,0,1,0,1,0,0,1,0,0,1,0,0
1,55.4,153.07,-0.9,205.0,1.8,2.0,0.4634146341463415,15,3,4.9,2026-01-29,0,0,1,0,0,0,0,0,1,1,0,0,0,0,0,0,0,0,0,0,0,0,0,0,0,0,1,0,0,0,0,1,1,0,1,0,0,0
1,57.9,165.88,1.3,205.0,1.8,2.0,0.3902439024390244,14,3,4.9,2026-01-29,0,0,1,0,0,0,0,0,1,1,0,0,0,0,0,0,0,0,0,0,0,0,0,0,0,0,1,0,0,1,0,0,1,0,0,1,0,0
1,80.0,176.67,0.6,205.0,1.8,5.6,0.3170731707317073,14,3,4.9,2026-01-29,0,0,1,0,0,0,0,0,1,1,0,0,0,0,0,0,0,0,0,0,0,0,0,0,0,0,1,0,0,1,0,0,0,1,0,1,0,0
0,61.8,223.8,-0.8,205.0,1.8,0.0,0.1951219512195122,14,3,4.9,2026-01-29,0,0,1,0,0,0,0,0,1,0,0,0,0,0,0,0,0,1,0,0,0,0,0,0,0,0,0,0,1,1,0,0,0,1,0,1,0,0
2,60.5,59.79,3.9,205.0,1.8,2.0,0.7804878048780488,16,3,4.9,2026-01-29,0,0,1,0,0,0,0,0,1,0,0,0,0,0,1,0,0,0,0,0,0,0,0,0,0,0,0,1,0,1,0,0,1,0,0,0,0,1
0,59.8,255.03,3.5,205.0,1.8,2.7,0.04878048780487805,13,3,4.9,2026-01-29,0,0,1,0,0,0,0,0,1,0,0,0,0,0,0,0,0,1,0,0,0,0,0,0,0,0,0,0,1,0,1,0,1,0,0,0,1,0
2,54.2,32.87,6.9,155.0,9.0,2.0,0.8903225806451613,13,3,8.4,2026-01-29,0,1,0,0,0,0,1,0,0,0,0,0,0,1,0,0,0,0,0,0,1,0,0,0,0,0,0,0,0,1,0,0,1,0,0,1,0,0
2,65.0,41.92,3.5,155.0,9.0,2.0,0.7935483870967742,13,3,8.4,2026-01-29,0,1,0,0,0,0,1,0,0,0,0,0,0,1,0,0,0,0,0,0,1,0,0,0,0,0,0,0,0,0,0,1,0,1,0,1,0,0
2,77.9,56.02,6.1,155.0,9.0,4.1,0.6967741935483871,13,3,8.4,2026-01-29,0,1,0,0,0,0,1,0,0,0,0,0,0,1,0,0,0,0,0,0,1,0,0,0,0,0,0,0,0,1,0,0,0,1,0,0,0,1
1,63.3,90.8,6.3,155.0,9.0,2.0,0.5290322580645161,12,3,8.4,2026-01-29,0,1,0,0,0,0,1,0,0,0,1,0,0,0,0,0,0,0,0,1,0,0,0,0,0,0,0,0,0,1,0,0,0,1,0,1,0,0
0,59.2,240.33,1.9,205.0,1.8,0.0,0.12195121951219512,13,3,4.9,2026-01-29,0,0,1,0,0,0,0,0,1,0,0,0,0,0,0,0,0,1,0,0,0,0,0,0,0,0,0,0,1,0,0,1,1,0,0,1,0,0
0,58.4,160.67,2.4,155.0,14.4,0.0,0.16129032258064516,7,4,23.8,2026-01-30,0,0,0,0,1,0,1,0,0,0,0,0,0,0,0,0,1,0,0,0,0,1,0,0,0,0,0,0,0,1,0,0,0,1,0,0,0,1
0,70.3,173.28,0.2,155.0,14.4,1.8,0.06451612903225806,6,4,23.8,2026-01-30,0,0,0,0,1,0,1,0,0,0,0,0,0,0,0,0,1,0,0,0,0,1,0,0,0,0,0,0,0,1,0,0,1,0,1,0,0,0
3,67.4,2.07,-2.3,140.0,5.3,2.0,1.0,19,4,-1.0,2026-01-30,0,0,0,1,0,0,0,1,0,0,0,1,0,0,0,0,0,0,0,0,0,0,1,0,0,0,0,0,0,1,0,0,1,0,0,0,0,1
3,55.3,23.96,-3.0,140.0,5.3,2.0,0.9285714285714286,18,4,-1.0,2026-01-30,0,0,0,1,0,0,0,1,0,0,0,1,0,0,0,0,0,0,0,0,0,0,1,0,0,0,0,0,0,0,0,1,1,0,0,1,0,0
3,53.9,38.02,-3.0,140.0,5.3,5.8,0.8214285714285714,18,4,-1.0,2026-01-30,0,0,0,1,0,0,0,1,0,0,0,1,0,0,0,0,0,0,0,0,0,0,1,0,0,0,0,0,0,1,0,0,1,0,1,0,0,0
2,62.7,45.2,-0.7,140.0,5.3,2.0,0.7857142857142857,18,4,-1.0,2026-01-30,0,0,0,1,0,0,0,1,0,0,0,0,1,0,0,0,0,0,0,0,0,0,0,1,0,0,0,0,0,1,0,0,1,0,0,0,0,1
1,57.1,89.93,0.7,140.0,5.3,2.0,0.5357142857142857,17,4,-1.0,2026-01-30,0,0,0,1,0,0,0,1,0,0,0,0,0,0,0,1,0,0,0,0,0,0,0,0,1,0,0,0,0,0,1,0,1,0,0,1,0,0
2,44.6,79.57,4.2,140.0,5.3,6.0,0.5714285714285714,17,4,-1.0,2026-01-30,0,0,0,1,0,0,0,1,0,0,0,0,1,0,0,0,0,0,0,0,0,0,0,1,0,0,0,0,0,1,0,0,1,0,1,0,0,0
1,77.0,95.92,-1.3,140.0,5.3,2.0,0.42857142857142855,17,4,-1.0,2026-01-30,0,0,0,1,0,0,0,1,0,0,0,0,0,0,0,1,0,0,0,0,0,0,0,0,1,0,0,0,0,0,0,1,1,0,0,1,0,0
1,67.7,116.72,1.7,140.0,5.3,4.4,0.32142857142857145,17,4,-1.0,2026-01-30,0,0,0,1,0,0,0,1,0,0,0,0,0,0,0,1,0,0,0,0,0,0,0,0,1,0,0,0,0,1,0,0,1,0,0,1,0,0
0,67.5,147.0,-0.7,140.0,5.3,0.0,0.2857142857142857,17,4,-1.0,2026-01-30,0,0,0,1,0,0,0,1,0,0,0,0,0,0,0,0,0,0,1,0,0,0,0,0,0,1,0,0,0,0,1,0,1,0,0,0,1,0
0,63.8,142.47,8.6,155.0,14.4,0.0,0.25806451612903225,7,4,23.8,2026-01-30,0,0,0,0,1,0,1,0,0,0,0,0,0,0,0,0,1,0,0,0,0,1,0,0,0,0,0,0,0,0,1,0,1,0,0,1,0,0
2,71.6,57.17,-3.0,140.0,5.3,2.0,0.6785714285714286,18,4,-1.0,2026-01-30,0,0,0,1,0,0,0,1,0,0,0,0,1,0,0,0,0,0,0,0,0,0,0,1,0,0,0,0,0,1,0,0,1,0,0,0,0,1
1,82.7,119.22,6.0,155.0,14.4,5.2,0.33548387096774196,7,4,23.8,2026-01-30,0,0,0,0,1,0,1,0,0,0,1,0,0,0,0,0,0,0,0,1,0,0,0,0,0,0,0,0,0,0,1,0,1,0,0,1,0,0
0,75.2,160.67,-1.2,140.0,5.3,0.0,0.17857142857142858,17,4,-1.0,2026-01-30,0,0,0,1,0,0,0,1,0,0,0,0,0,0,0,0,0,0,1,0,0,0,0,0,0,1,0,0,0,1,0,0,1,0,0,1,0,0
1,60.4,92.73,12.4,155.0,14.4,2.0,0.5290322580645161,8,4,23.8,2026-01-30,0,0,0,0,1,0,1,0,0,0,1,0,0,0,0,0,0,0,0,1,0,0,0,0,0,0,0,0,0,1,0,0,1,0,0,1,0,0
2,57.8,59.37,15.6,155.0,14.4,4.7,0.6967741935483871,8,4,23.8,2026-01-30,0,0,0,0,1,0,1,0,0,0,0,0,0,1,0,0,0,0,0,0,1,0,0,0,0,0,0,0,0,0,1,0,0,1,1,0,0,0
2,60.1,43.96,17.9,155.0,14.4,2.0,0.7935483870967742,8,4,23.8,2026-01-30,0,0,0,0,1,0,1,0,0,0,0,0,0,1,0,0,0,0,0,0,1,0,0,0,0,0,0,0,0,0,0,1,0,1,0,0,0,1
2,60.9,28.4,18.9,155.0,14.4,2.0,0.8903225806451613,9,4,23.8,2026-01-30,0,0,0,0,1,0,1,0,0,0,0,0,0,1,0,0,0,0,0,0,1,0,0,0,0,0,0,0,0,1,0,0,0,1,0,0,0,1
0,62.1,254.65,-1.1,205.0,6.2,3.7,0.04878048780487805,8,4,2.2,2026-01-30,0,0,0,0,0,1,0,0,1,0,0,0,0,0,0,0,0,1,0,0,0,0,0,0,0,0,0,0,1,0,0,1,1,0,0,0,1,0
0,85.5,229.38,0.0,205.0,6.2,0.0,0.12195121951219512,8,4,2.2,2026-01-30,0,0,0,0,0,1,0,0,1,0,0,0,0,0,0,0,0,1,0,0,0,0,0,0,0,0,0,0,1,1,0,0,1,0,0,1,0,0
0,80.9,211.07,2.3,205.0,6.2,0.0,0.1951219512195122,9,4,2.2,2026-01-30,0,0,0,0,0,1,0,0,1,0,0,0,0,0,0,0,0,1,0,0,0,0,0,0,0,0,0,0,1,1,0,0,1,0,0,0,0,1
1,62.4,179.6,-1.8,205.0,6.2,6.2,0.3170731707317073,9,4,2.2,2026-01-30,0,0,0,0,0,1,0,0,1,1,0,0,0,0,0,0,0,0,0,0,0,0,0,0,0,0,1,0,0,0,0,1,1,0,1,0,0,0
1,61.9,164.21,1.2,205.0,6.2,2.0,0.3902439024390244,9,4,2.2,2026-01-30,0,0,0,0,0,1,0,0,1,1,0,0,0,0,0,0,0,0,0,0,0,0,0,0,0,0,1,0,0,0,1,0,0,1,0,1,0,0
1,61.8,148.8,5.2,205.0,6.2,2.0,0.4634146341463415,9,4,2.2,2026-01-30,0,0,0,0,0,1,0,0,1,1,0,0,0,0,0,0,0,0,0,0,0,0,0,0,0,0,1,0,0,0,0,1,0,1,0,0,1,0
2,61.8,74.7,2.2,205.0,6.2,4.5,0.7073170731707317,10,4,2.2,2026-01-30,0,0,0,0,0,1,0,0,1,0,0,0,0,0,1,0,0,0,0,0,0,0,0,0,0,0,0,1,0,0,1,0,1,0,1,0,0,0
2,93.1,46.21,0.3,205.0,6.2,2.0,0.7804878048780488,11,4,2.2,2026-01-30,0,0,0,0,0,1,0,0,1,0,0,0,0,0,1,0,0,0,0,0,0,0,0,0,0,0,0,1,0,1,0,0,0,1,0,1,0,0
2,56.5,47.33,5.9,205.0,6.2,2.0,0.8536585365853658,11,4,2.2,2026-01-30,0,0,0,0,0,1,0,0,1,0,0,0,0,0,1,0,0,0,0,0,0,0,0,0,0,0,0,1,0,1,0,0,1,0,0,1,0,0
1,52.5,111.12,13.3,155.0,14.4,2.0,0.432258064516129,7,4,23.8,2026-01-30,0,0,0,0,1,0,1,0,0,0,1,0,0,0,0,0,0,0,0,1,0,0,0,0,0,0,0,0,0,0,1,0,1,0,0,1,0,0
0,56.5,182.58,-1.1,140.0,5.3,2.5,0.07142857142857142,16,4,-1.0,2026-01-30,0,0,0,1,0,0,0,1,0,0,0,0,0,0,0,0,0,0,1,0,0,0,0,0,0,1,0,0,0,1,0,0,1,0,0,1,0,0
0,55.6,182.73,1.9,140.0,0.0,2.9,0.07142857142857142,10,4,7.7,2026-01-30,1,0,0,0,0,0,0,1,0,0,0,0,0,0,0,0,0,0,1,0,0,0,0,0,0,1,0,0,0,1,0,0,1,0,1,0,0,0
2,70.1,55.79,13.2,205.0,10.6,2.0,0.7804878048780488,17,4,17.6,2026-01-30,0,0,1,0,0,0,0,0,1,0,0,0,0,0,1,0,0,0,0,0,0,0,0,0,0,0,0,1,0,1,0,0,1,0,1,0,0,0
2,45.6,54.6,17.1,205.0,10.6,2.0,0.8536585365853658,17,4,17.6,2026-01-30,0,0,1,0,0,0,0,0,1,0,0,0,0,0,1,0,0,0,0,0,0,0,0,0,0,0,0,1,0,1,0,0,1,0,0,1,0,0
0,93.2,153.17,0.6,140.0,0.0,0.0,0.17857142857142858,10,4,7.7,2026-01-30,1,0,0,0,0,0,0,1,0,0,0,0,0,0,0,0,0,0,1,0,0,0,0,0,0,1,0,0,0,0,0,1,1,0,0,0,1,0
0,59.8,152.13,1.3,140.0,0.0,0.0,0.2857142857142857,10,4,7.7,2026-01-30,1,0,0,0,0,0,0,1,0,0,0,0,0,0,0,0,0,0,1,0,0,0,0,0,0,1,0,0,0,0,0,1,1,0,0,1,0,0
1,52.0,119.33,2.2,140.0,0.0,4.8,0.32142857142857145,11,4,7.7,2026-01-30,1,0,0,0,0,0,0,1,0,0,0,0,0,0,0,1,0,0,0,0,0,0,0,0,1,0,0,0,0,0,1,0,1,0,0,0,1,0
1,58.6,103.58,6.3,140.0,0.0,2.0,0.42857142857142855,11,4,7.7,2026-01-30,1,0,0,0,0,0,0,1,0,0,0,0,0,0,0,1,0,0,0,0,0,0,0,0,1,0,0,0,0,0,0,1,0,1,1,0,0,0
1,67.0,83.33,4.5,140.0,0.0,2.0,0.5357142857142857,11,4,7.7,2026-01-30,1,0,0,0,0,0,0,1,0,0,0,0,0,0,0,1,0,0,0,0,0,0,0,0,1,0,0,0,0,1,0,0,1,0,0,1,0,0
2,60.5,76.92,2.0,140.0,0.0,4.1,0.5714285714285714,11,4,7.7,2026-01-30,1,0,0,0,0,0,0,1,0,0,0,0,1,0,0,0,0,0,0,0,0,0,0,1,0,0,0,0,0,1,0,0,1,0,0,1,0,0
2,70.7,39.87,6.4,140.0,0.0,2.0,0.7857142857142857,12,4,7.7,2026-01-30,1,0,0,0,0,0,0,1,0,0,0,0,1,0,0,0,0,0,0,0,0,0,0,1,0,0,0,0,0,0,0,1,1,0,0,0,1,0
3,73.1,34.82,8.1,140.0,0.0,4.2,0.8214285714285714,12,4,7.7,2026-01-30,1,0,0,0,0,0,0,1,0,0,0,1,0,0,0,0,0,0,0,0,0,0,1,0,0,0,0,0,0,0,1,0,1,0,1,0,0,0
3,64.7,20.04,6.1,140.0,0.0,2.0,0.9285714285714286,12,4,7.7,2026-01-30,1,0,0,0,0,0,0,1,0,0,0,1,0,0,0,0,0,0,0,0,0,0,1,0,0,0,0,0,0,0,1,0,0,1,0,1,0,0
3,74.5,1.0,10.4,140.0,0.0,2.0,1.0,12,4,7.7,2026-01-30,1,0,0,0,0,0,0,1,0,0,0,1,0,0,0,0,0,0,0,0,0,0,1,0,0,0,0,0,0,0,1,0,0,1,0,0,1,0
0,70.0,173.33,2.0,155.0,3.8,1.9,0.06451612903225806,12,4,2.2,2026-01-30,0,1,0,0,0,0,1,0,0,0,0,0,0,0,0,0,1,0,0,0,0,1,0,0,0,0,0,0,0,1,0,0,0,1,0,1,0,0
0,69.9,155.88,-2.0,155.0,3.8,0.0,0.16129032258064516,12,4,2.2,2026-01-30,0,1,0,0,0,0,1,0,0,0,0,0,0,0,0,0,1,0,0,0,0,1,0,0,0,0,0,0,0,1,0,0,1,0,1,0,0,0
2,58.4,62.67,7.8,140.0,0.0,2.0,0.6785714285714286,11,4,7.7,2026-01-30,1,0,0,0,0,0,0,1,0,0,0,0,1,0,0,0,0,0,0,0,0,0,0,1,0,0,0,0,0,1,0,0,1,0,0,1,0,0
1,55.9,123.68,1.5,155.0,3.8,3.8,0.33548387096774196,13,4,2.2,2026-01-30,0,1,0,0,0,0,1,0,0,0,1,0,0,0,0,0,0,0,0,1,0,0,0,0,0,0,0,0,0,0,1,0,1,0,0,0,0,1
2,65.4,74.1,9.9,205.0,10.6,4.0,0.7073170731707317,16,4,17.6,2026-01-30,0,0,1,0,0,0,0,0,1,0,0,0,0,0,1,0,0,0,0,0,0,0,0,0,0,0,0,1,0,0,1,0,1,0,0,0,0,1
0,67.2,140.2,2.7,155.0,3.8,0.0,0.25806451612903225,13,4,2.2,2026-01-30,0,1,0,0,0,0,1,0,0,0,0,0,0,0,0,0,1,0,0,0,0,1,0,0,0,0,0,0,0,1,0,0,1,0,0,1,0,0
1,54.6,153.6,5.9,205.0,10.6,2.0,0.4634146341463415,16,4,17.6,2026-01-30,0,0,1,0,0,0,0,0,1,1,0,0,0,0,0,0,0,0,0,0,0,0,0,0,0,0,1,0,0,1,0,0,0,1,0,1,0,0
1,48.8,169.67,8.1,205.0,10.6,2.0,0.3902439024390244,15,4,17.6,2026-01-30,0,0,1,0,0,0,0,0,1,1,0,0,0,0,0,0,0,0,0,0,0,0,0,0,0,0,1,0,0,0,0,1,1,0,0,0,0,1
1,60.7,179.88,7.4,205.0,10.6,4.3,0.3170731707317073,15,4,17.6,2026-01-30,0,0,1,0,0,0,0,0,1,1,0,0,0,0,0,0,0,0,0,0,0,0,0,0,0,0,1,0,0,1,0,0,1,0,0,0,1,0
0,76.1,233.29,2.4,205.0,10.6,0.0,0.12195121951219512,14,4,17.6,2026-01-30,0,0,1,0,0,0,0,0,1,0,0,0,0,0,0,0,0,1,0,0,0,0,0,0,0,0,0,0,1,0,0,1,0,1,0,1,0,0
0,57.2,226.87,4.5,205.0,10.6,0.0,0.1951219512195122,15,4,17.6,2026-01-30,0,0,1,0,0,0,0,0,1,0,0,0,0,0,0,0,0,1,0,0,0,0,0,0,0,0,0,0,1,0,0,1,0,1,0,1,0,0
2,72.5,20.67,4.0,155.0,3.8,2.0,0.8903225806451613,14,4,2.2,2026-01-30,0,1,0,0,0,0,1,0,0,0,0,0,0,1,0,0,0,0,0,0,1,0,0,0,0,0,0,0,0,1,0,0,1,0,0,1,0,0
2,64.2,42.25,3.6,155.0,3.8,2.0,0.7935483870967742,14,4,2.2,2026-01-30,0,1,0,0,0,0,1,0,0,0,0,0,0,1,0,0,0,0,0,0,1,0,0,0,0,0,0,0,0,1,0,0,1,0,0,1,0,0
2,73.8,56.7,-0.4,155.0,3.8,3.8,0.6967741935483871,14,4,2.2,2026-01-30,0,1,0,0,0,0,1,0,0,0,0,0,0,1,0,0,0,0,0,0,1,0,0,0,0,0,0,0,0,1,0,0,1,0,1,0,0,0
1,75.2,82.87,2.1,155.0,3.8,2.0,0.5290322580645161,13,4,2.2,2026-01-30,0,1,0,0,0,0,1,0,0,0,1,0,0,0,0,0,0,0,0,1,0,0,0,0,0,0,0,0,0,0,0,1,1,0,0,0,0,1
1,63.0,106.75,2.9,155.0,3.8,2.0,0.432258064516129,13,4,2.2,2026-01-30,0,1,0,0,0,0,1,0,0,0,1,0,0,0,0,0,0,0,0,1,0,0,0,0,0,0,0,0,0,1,0,0,0,1,0,0,1,0
0,66.9,253.85,0.0,205.0,10.6,1.9,0.04878048780487805,14,4,17.6,2026-01-30,0,0,1,0,0,0,0,0,1,0,0,0,0,0,0,0,0,1,0,0,0,0,0,0,0,0,0,0,1,1,0,0,1,0,0,1,0,0
0,62.3,159.04,-0.1,155.0,2.1,0.0,0.16129032258064516,8,5,10.8,2026-01-31,0,0,0,0,1,0,1,0,0,0,0,0,0,0,0,0,1,0,0,0,0,1,0,0,0,0,0,0,0,1,0,0,1,0,0,0,1,0
3,80.1,33.65,11.1,140.0,6.5,5.1,0.8214285714285714,7,5,14.9,2026-01-31,0,0,0,1,0,0,0,1,0,0,0,1,0,0,0,0,0,0,0,0,0,0,1,0,0,0,0,0,0,1,0,0,1,0,0,0,1,0
0,72.0,173.0,1.6,155.0,2.1,3.0,0.06451612903225806,7,5,10.8,2026-01-31,0,0,0,0,1,0,1,0,0,0,0,0,0,0,0,0,1,0,0,0,0,1,0,0,0,0,0,0,0,0,1,0,1,0,0,0,0,1
3,54.5,10.67,13.2,140.0,6.5,2.0,1.0,8,5,14.9,2026-01-31,0,0,0,1,0,0,0,1,0,0,0,1,0,0,0,0,0,0,0,0,0,0,1,0,0,0,0,0,0,0,0,1,1,0,0,1,0,0
3,67.7,18.79,15.7,140.0,6.5,2.0,0.9285714285714286,7,5,14.9,2026-01-31,0,0,0,1,0,0,0,1,0,0,0,1,0,0,0,0,0,0,0,0,0,0,1,0,0,0,0,0,0,0,0,1,0,1,0,0,0,1
2,59.7,47.2,10.4,140.0,6.5,2.0,0.7857142857142857,7,5,14.9,2026-01-31,0,0,0,1,0,0,0,1,0,0,0,0,1,0,0,0,0,0,0,0,0,0,0,1,0,0,0,0,0,1,0,0,0,1,1,0,0,0
0,60.7,151.53,3.9,140.0,6.5,0.0,0.2857142857142857,6,5,14.9,2026-01-31,0,0,0,1,0,0,0,1,0,0,0,0,0,0,0,0,0,0,1,0,0,0,0,0,0,1,0,0,0,1,0,0,1,0,0,1,0,0
2,72.9,74.85,12.2,140.0,6.5,4.1,0.5714285714285714,6,5,14.9,2026-01-31,0,0,0,1,0,0,0,1,0,0,0,0,1,0,0,0,0,0,0,0,0,0,0,1,0,0,0,0,0,0,1,0,1,0,0,0,1,0
1,77.2,76.53,7.7,140.0,6.5,2.0,0.5357142857142857,6,5,14.9,2026-01-31,0,0,0,1,0,0,0,1,0,0,0,0,0,0,0,1,0,0,0,0,0,0,0,0,1,0,0,0,0,1,0,0,1,0,0,1,0,0
1,76.8,96.0,2.4,140.0,6.5,2.0,0.42857142857142855,6,5,14.9,2026-01-31,0,0,0,1,0,0,0,1,0,0,0,0,0,0,0,1,0,0,0,0,0,0,0,0,1,0,0,0,0,1,0,0,1,0,0,1,0,0
1,74.2,115.63,2.3,140.0,6.5,4.5,0.32142857142857145,6,5,14.9,2026-01-31,0,0,0,1,0,0,0,1,0,0,0,0,0,0,0,1,0,0,0,0,0,0,0,0,1,0,0,0,0,0,1,0,0,1,0,1,0,0
0,49.4,152.07,5.7,155.0,2.1,0.0,0.25806451612903225,8,5,10.8,2026-01-31,0,0,0,0,1,0,1,0,0,0,0,0,0,0,0,0,1,0,0,0,0,1,0,0,0,0,0,0,0,1,0,0,1,0,0,1,0,0
2,46.3,67.71,13.1,140.0,6.5,2.0,0.6785714285714286,7,5,14.9,2026-01-31,0,0,0,1,0,0,0,1,0,0,0,0,1,0,0,0,0,0,0,0,0,0,0,1,0,0,0,0,0,1,0,0,1,0,0,0,1,0
1,65.2,122.13,6.5,155.0,2.1,4.2,0.33548387096774196,8,5,10.8,2026-01-31,0,0,0,0,1,0,1,0,0,0,1,0,0,0,0,0,0,0,0,1,0,0,0,0,0,0,0,0,0,1,0,0,1,0,0,1,0,0
2,51.2,50.87,7.8,205.0,8.8,2.0,0.8536585365853658,12,5,6.0,2026-01-31,0,0,0,0,0,1,0,0,1,0,0,0,0,0,1,0,0,0,0,0,0,0,0,0,0,0,0,1,0,0,1,0,1,0,1,0,0,0
1,51.1,98.93,6.4,155.0,2.1,2.0,0.5290322580645161,9,5,10.8,2026-01-31,0,0,0,0,1,0,1,0,0,0,1,0,0,0,0,0,0,0,0,1,0,0,0,0,0,0,0,0,0,0,0,1,1,0,0,0,0,1
2,53.8,60.03,7.5,155.0,2.1,4.3,0.6967741935483871,9,5,10.8,2026-01-31,0,0,0,0,1,0,1,0,0,0,0,0,0,1,0,0,0,0,0,0,1,0,0,0,0,0,0,0,0,1,0,0,1,0,0,0,1,0
2,54.1,46.46,10.2,155.0,2.1,2.0,0.7935483870967742,9,5,10.8,2026-01-31,0,0,0,0,1,0,1,0,0,0,0,0,0,1,0,0,0,0,0,0,1,0,0,0,0,0,0,0,0,1,0,0,1,0,0,1,0,0
2,55.0,32.33,12.8,155.0,2.1,2.0,0.8903225806451613,10,5,10.8,2026-01-31,0,0,0,0,1,0,1,0,0,0,0,0,0,1,0,0,0,0,0,0,1,0,0,0,0,0,0,0,0,1,0,0,1,0,0,0,1,0
0,73.2,252.8,2.1,205.0,8.8,3.0,0.04878048780487805,9,5,6.0,2026-01-31,0,0,0,0,0,1,0,0,1,0,0,0,0,0,0,0,0,1,0,0,0,0,0,0,0,0,0,0,1,1,0,0,1,0,0,1,0,0
0,70.0,235.83,1.9,205.0,8.8,0.0,0.12195121951219512,9,5,6.0,2026-01-31,0,0,0,0,0,1,0,0,1,0,0,0,0,0,0,0,0,1,0,0,0,0,0,0,0,0,0,0,1,0,1,0,0,1,0,0,0,1
0,60.3,224.8,0.0,205.0,8.8,0.0,0.1951219512195122,10,5,6.0,2026-01-31,0,0,0,0,0,1,0,0,1,0,0,0,0,0,0,0,0,1,0,0,0,0,0,0,0,0,0,0,1,1,0,0,1,0,0,1,0,0
1,57.6,180.4,0.6,205.0,8.8,4.6,0.3170731707317073,10,5,6.0,2026-01-31,0,0,0,0,0,1,0,0,1,1,0,0,0,0,0,0,0,0,0,0,0,0,0,0,0,0,1,0,0,1,0,0,1,0,0,1,0,0
1,56.4,166.5,4.5,205.0,8.8,2.0,0.3902439024390244,10,5,6.0,2026-01-31,0,0,0,0,0,1,0,0,1,1,0,0,0,0,0,0,0,0,0,0,0,0,0,0,0,0,1,0,0,1,0,0,0,1,0,0,0,1
1,60.5,149.67,5.2,205.0,8.8,2.0,0.4634146341463415,10,5,6.0,2026-01-31,0,0,0,0,0,1,0,0,1,1,0,0,0,0,0,0,0,0,0,0,0,0,0,0,0,0,1,0,0,0,1,0,0,1,0,1,0,0
2,76.9,72.18,5.5,205.0,8.8,4.1,0.7073170731707317,11,5,6.0,2026-01-31,0,0,0,0,0,1,0,0,1,0,0,0,0,0,1,0,0,0,0,0,0,0,0,0,0,0,0,1,0,1,0,0,0,1,0,0,0,1
2,73.3,54.46,5.8,205.0,8.8,2.0,0.7804878048780488,12,5,6.0,2026-01-31,0,0,0,0,0,1,0,0,1,0,0,0,0,0,1,0,0,0,0,0,0,0,0,0,0,0,0,1,0,1,0,0,1,0,0,1,0,0
0,85.0,156.58,2.7,140.0,6.5,0.0,0.17857142857142858,6,5,14.9,2026-01-31,0,0,0,1,0,0,0,1,0,0,0,0,0,0,0,0,0,0,1,0,0,0,0,0,0,1,0,0,0,0,1,0,1,0,0,0,1,0
1,73.1,102.54,6.0,155.0,2.1,2.0,0.432258064516129,8,5,10.8,2026-01-31,0,0,0,0,1,0,1,0,0,0,1,0,0,0,0,0,0,0,0,1,0,0,0,0,0,0,0,0,0,0,1,0,1,0,1,0,0,0
0,69.2,180.47,3.1,140.0,6.5,3.1,0.07142857142857142,5,5,14.9,2026-01-31,0,0,0,1,0,0,0,1,0,0,0,0,0,0,0,0,0,0,1,0,0,0,0,0,0,1,0,0,0,0,1,0,1,0,1,0,0,0
0,55.2,182.8,-0.5,140.0,5.7,2.7,0.07142857142857142,11,5,5.8,2026-01-31,1,0,0,0,0,0,0,1,0,0,0,0,0,0,0,0,0,0,1,0,0,0,0,0,0,1,0,0,0,1,0,0,1,0,0,0,0,1
2,60.8,59.67,1.5,205.0,4.5,2.0,0.7804878048780488,18,5,10.5,2026-01-31,0,0,1,0,0,0,0,0,1,0,0,0,0,0,1,0,0,0,0,0,0,0,0,0,0,0,0,1,0,0,1,0,0,1,0,1,0,0
0,53.8,169.58,5.1,140.0,5.7,0.0,0.17857142857142858,11,5,5.8,2026-01-31,1,0,0,0,0,0,0,1,0,0,0,0,0,0,0,0,0,0,1,0,0,0,0,0,0,1,0,0,0,1,0,0,0,1,0,1,0,0
0,61.9,150.73,-0.1,140.0,5.7,0.0,0.2857142857142857,11,5,5.8,2026-01-31,1,0,0,0,0,0,0,1,0,0,0,0,0,0,0,0,0,0,1,0,0,0,0,0,0,1,0,0,0,0,0,1,0,1,0,1,0,0
1,75.4,115.43,4.2,140.0,5.7,4.4,0.32142857142857145,12,5,5.8,2026-01-31,1,0,0,0,0,0,0,1,0,0,0,0,0,0,0,1,0,0,0,0,0,0,0,0,1,0,0,0,0,0,1,0,1,0,0,1,0,0
1,75.1,96.71,1.2,140.0,5.7,2.0,0.42857142857142855,12,5,5.8,2026-01-31,1,0,0,0,0,0,0,1,0,0,0,0,0,0,0,1,0,0,0,0,0,0,0,0,1,0,0,0,0,1,0,0,1,0,0,0,0,1
1,68.8,82.13,1.5,140.0,5.7,2.0,0.5357142857142857,12,5,5.8,2026-01-31,1,0,0,0,0,0,0,1,0,0,0,0,0,0,0,1,0,0,0,0,0,0,0,0,1,0,0,0,0,1,0,0,0,1,0,0,1,0
2,63.2,76.47,2.7,140.0,5.7,3.6,0.5714285714285714,12,5,5.8,2026-01-31,1,0,0,0,0,0,0,1,0,0,0,0,1,0,0,0,0,0,0,0,0,0,0,1,0,0,0,0,0,1,0,0,1,0,0,1,0,0
2,67.5,58.88,6.0,140.0,5.7,2.0,0.6785714285714286,12,5,5.8,2026-01-31,1,0,0,0,0,0,0,1,0,0,0,0,1,0,0,0,0,0,0,0,0,0,0,1,0,0,0,0,0,0,1,0,0,1,1,0,0,0
2,78.3,34.8,4.4,140.0,5.7,2.0,0.7857142857142857,13,5,5.8,2026-01-31,1,0,0,0,0,0,0,1,0,0,0,0,1,0,0,0,0,0,0,0,0,0,0,1,0,0,0,0,0,1,0,0,1,0,0,0,0,1
3,49.8,38.7,3.6,140.0,5.7,4.1,0.8214285714285714,13,5,5.8,2026-01-31,1,0,0,0,0,0,0,1,0,0,0,1,0,0,0,0,0,0,0,0,0,0,1,0,0,0,0,0,0,0,0,1,1,0,1,0,0,0
3,67.1,19.04,6.3,140.0,5.7,2.0,0.9285714285714286,13,5,5.8,2026-01-31,1,0,0,0,0,0,0,1,0,0,0,1,0,0,0,0,0,0,0,0,0,0,1,0,0,0,0,0,0,0,0,1,0,1,0,0,1,0
3,60.5,6.67,7.2,140.0,5.7,2.0,1.0,13,5,5.8,2026-01-31,1,0,0,0,0,0,0,1,0,0,0,1,0,0,0,0,0,0,0,0,0,0,1,0,0,0,0,0,0,1,0,0,0,1,0,1,0,0
0,67.9,173.68,-0.0,155.0,12.4,3.8,0.06451612903225806,13,5,16.6,2026-01-31,0,1,0,0,0,0,1,0,0,0,0,0,0,0,0,0,1,0,0,0,0,1,0,0,0,0,0,0,0,1,0,0,1,0,0,0,0,1
0,72.6,154.75,4.0,155.0,12.4,0.0,0.16129032258064516,13,5,16.6,2026-01-31,0,1,0,0,0,0,1,0,0,0,0,0,0,0,0,0,1,0,0,0,0,1,0,0,0,0,0,0,0,0,0,1,0,1,0,1,0,0
2,51.1,50.93,12.4,205.0,4.5,2.0,0.8536585365853658,18,5,10.5,2026-01-31,0,0,1,0,0,0,0,0,1,0,0,0,0,0,1,0,0,0,0,0,0,0,0,0,0,0,0,1,0,0,0,1,0,1,0,1,0,0
1,62.5,122.58,9.7,155.0,12.4,3.9,0.33548387096774196,14,5,16.6,2026-01-31,0,1,0,0,0,0,1,0,0,0,1,0,0,0,0,0,0,0,0,1,0,0,0,0,0,0,0,0,0,1,0,0,0,1,0,0,1,0
0,68.8,139.13,4.7,155.0,12.4,0.0,0.25806451612903225,14,5,16.6,2026-01-31,0,1,0,0,0,0,1,0,0,0,0,0,0,0,0,0,1,0,0,0,0,1,0,0,0,0,0,0,0,0,0,1,0,1,0,1,0,0
2,74.0,72.67,6.9,205.0,4.5,4.2,0.7073170731707317,17,5,10.5,2026-01-31,0,0,1,0,0,0,0,0,1,0,0,0,0,0,1,0,0,0,0,0,0,0,0,0,0,0,0,1,0,0,0,1,1,0,0,1,0,0
1,62.1,148.6,8.3,205.0,4.5,2.0,0.4634146341463415,17,5,10.5,2026-01-31,0,0,1,0,0,0,0,0,1,1,0,0,0,0,0,0,0,0,0,0,0,0,0,0,0,0,1,0,0,1,0,0,0,1,0,1,0,0
1,67.6,161.83,2.4,205.0,4.5,2.0,0.3902439024390244,16,5,10.5,2026-01-31,0,0,1,0,0,0,0,0,1,1,0,0,0,0,0,0,0,0,0,0,0,0,0,0,0,0,1,0,0,0,0,1,1,0,0,0,0,1
0,70.7,217.87,1.6,205.0,4.5,0.0,0.1951219512195122,16,5,10.5,2026-01-31,0,0,1,0,0,0,0,0,1,0,0,0,0,0,0,0,0,1,0,0,0,0,0,0,0,0,0,0,1,0,0,1,1,0,0,1,0,0
0,82.9,230.46,0.3,205.0,4.5,0.0,0.12195121951219512,15,5,10.5,2026-01-31,0,0,1,0,0,0,0,0,1,0,0,0,0,0,0,0,0,1,0,0,0,0,0,0,0,0,0,0,1,1,0,0,0,1,1,0,0,0
1,66.0,179.0,5.4,205.0,4.5,4.4,0.3170731707317073,16,5,10.5,2026-01-31,0,0,1,0,0,0,0,0,1,1,0,0,0,0,0,0,0,0,0,0,0,0,0,0,0,0,1,0,0,0,0,1,1,0,1,0,0,0
2,65.1,25.6,15.4,155.0,12.4,2.0,0.8903225806451613,15,5,16.6,2026-01-31,0,1,0,0,0,0,1,0,0,0,0,0,0,1,0,0,0,0,0,0,1,0,0,0,0,0,0,0,0,1,0,0,1,0,0,1,0,0
2,59.9,44.04,10.6,155.0,12.4,2.0,0.7935483870967742,15,5,16.6,2026-01-31,0,1,0,0,0,0,1,0,0,0,0,0,0,1,0,0,0,0,0,0,1,0,0,0,0,0,0,0,0,1,0,0,1,0,0,0,1,0
2,51.7,60.38,10.4,155.0,12.4,5.0,0.6967741935483871,15,5,16.6,2026-01-31,0,1,0,0,0,0,1,0,0,0,0,0,0,1,0,0,0,0,0,0,1,0,0,0,0,0,0,0,0,0,0,1,0,1,0,0,0,1
1,63.4,90.73,12.5,155.0,12.4,2.0,0.5290322580645161,14,5,16.6,2026-01-31,0,1,0,0,0,0,1,0,0,0,1,0,0,0,0,0,0,0,0,1,0,0,0,0,0,0,0,0,0,0,0,1,1,0,0,1,0,0
1,55.6,109.83,3.5,155.0,12.4,2.0,0.432258064516129,14,5,16.6,2026-01-31,0,1,0,0,0,0,1,0,0,0,1,0,0,0,0,0,0,0,0,1,0,0,0,0,0,0,0,0,0,1,0,0,1,0,0,1,0,0
0,73.5,252.75,2.1,205.0,4.5,2.0,0.04878048780487805,15,5,10.5,2026-01-31,0,0,1,0,0,0,0,0,1,0,0,0,0,0,0,0,0,1,0,0,0,0,0,0,0,0,0,0,1,0,1,0,1,0,0,0,1,0
3,61.6,21.33,2.1,140.0,4.5,2.0,0.9285714285714286,8,6,4.0,2026-02-01,0,0,0,1,0,0,0,1,0,0,0,1,0,0,0,0,0,0,0,0,0,0,1,0,0,0,0,0,0,0,1,0,1,0,0,1,0,0
0,73.6,154.33,1.5,155.0,7.4,0.0,0.16129032258064516,9,6,7.6,2026-02-01,0,0,0,0,1,0,1,0,0,0,0,0,0,0,0,0,1,0,0,0,0,1,0,0,0,0,0,0,0,0,1,0,1,0,0,1,0,0
0,69.2,173.47,2.7,155.0,7.4,2.4,0.06451612903225806,8,6,7.6,2026-02-01,0,0,0,0,1,0,1,0,0,0,0,0,0,0,0,0,1,0,0,0,0,1,0,0,0,0,0,0,0,1,0,0,1,0,1,0,0,0
3,61.3,6.13,3.3,140.0,4.5,2.0,1.0,9,6,4.0,2026-02-01,0,0,0,1,0,0,0,1,0,0,0,1,0,0,0,0,0,0,0,0,0,0,1,0,0,0,0,0,0,1,0,0,0,1,0,1,0,0
3,59.6,37.07,3.5,140.0,4.5,4.5,0.8214285714285714,8,6,4.0,2026-02-01,0,0,0,1,0,0,0,1,0,0,0,1,0,0,0,0,0,0,0,0,0,0,1,0,0,0,0,0,0,0,1,0,1,0,0,1,0,0
1,65.5,117.08,-0.1,140.0,4.5,4.2,0.32142857142857145,7,6,4.0,2026-02-01,0,0,0,1,0,0,0,1,0,0,0,0,0,0,0,1,0,0,0,0,0,0,0,0,1,0,0,0,0,1,0,0,1,0,0,0,0,1
2,48.4,66.83,7.3,140.0,4.5,2.0,0.6785714285714286,8,6,4.0,2026-02-01,0,0,0,1,0,0,0,1,0,0,0,0,1,0,0,0,0,0,0,0,0,0,0,1,0,0,0,0,0,0,0,1,1,0,0,1,0,0
2,71.9,75.02,0.7,140.0,4.5,3.3,0.5714285714285714,7,6,4.0,2026-02-01,0,0,0,1,0,0,0,1,0,0,0,0,1,0,0,0,0,0,0,0,0,0,0,1,0,0,0,0,0,1,0,0,1,0,0,0,0,1
1,72.9,79.4,3.0,140.0,4.5,2.0,0.5357142857142857,7,6,4.0,2026-02-01,0,0,0,1,0,0,0,1,0,0,0,0,0,0,0,1,0,0,0,0,0,0,0,0,1,0,0,0,0,1,0,0,0,1,0,0,1,0
1,64.2,101.25,0.4,140.0,4.5,2.0,0.42857142857142855,7,6,4.0,2026-02-01,0,0,0,1,0,0,0,1,0,0,0,0,0,0,0,1,0,0,0,0,0,0,0,0,1,0,0,0,0,0,1,0,1,0,0,0,1,0
0,60.4,144.73,4.6,155.0,7.4,0.0,0.25806451612903225,9,6,7.6,2026-02-01,0,0,0,0,1,0,1,0,0,0,0,0,0,0,0,0,1,0,0,0,0,1,0,0,0,0,0,0,0,1,0,0,1,0,0,1,0,0
2,61.7,45.87,3.2,140.0,4.5,2.0,0.7857142857142857,8,6,4.0,2026-02-01,0,0,0,1,0,0,0,1,0,0,0,0,1,0,0,0,0,0,0,0,0,0,0,1,0,0,0,0,0,0,1,0,0,1,1,0,0,0
1,55.3,123.78,5.3,155.0,7.4,5.7,0.33548387096774196,9,6,7.6,2026-02-01,0,0,0,0,1,0,1,0,0,0,1,0,0,0,0,0,0,0,0,1,0,0,0,0,0,0,0,0,0,0,1,0,1,0,0,1,0,0
0,68.7,236.38,6.7,205.0,5.0,0.0,0.12195121951219512,10,6,9.4,2026-02-01,0,0,0,0,0,1,0,0,1,0,0,0,0,0,0,0,0,1,0,0,0,0,0,0,0,0,0,0,1,0,0,1,0,1,0,1,0,0
1,62.7,91.2,3.6,155.0,7.4,2.0,0.5290322580645161,10,6,7.6,2026-02-01,0,0,0,0,1,0,1,0,0,0,1,0,0,0,0,0,0,0,0,1,0,0,0,0,0,0,0,0,0,0,1,0,0,1,0,0,1,0
2,71.2,57.13,2.2,155.0,7.4,4.7,0.6967741935483871,10,6,7.6,2026-02-01,0,0,0,0,1,0,1,0,0,0,0,0,0,1,0,0,0,0,0,0,1,0,0,0,0,0,0,0,0,1,0,0,1,0,0,1,0,0
2,58.2,44.75,6.5,155.0,7.4,2.0,0.7935483870967742,10,6,7.6,2026-02-01,0,0,0,0,1,0,1,0,0,0,0,0,0,1,0,0,0,0,0,0,1,0,0,0,0,0,0,0,0,1,0,0,1,0,1,0,0,0
2,58.0,30.33,7.8,155.0,7.4,2.0,0.8903225806451613,11,6,7.6,2026-02-01,0,0,0,0,1,0,1,0,0,0,0,0,0,1,0,0,0,0,0,0,1,0,0,0,0,0,0,0,0,1,0,0,1,0,1,0,0,0
0,62.9,254.52,1.6,205.0,5.0,1.3,0.04878048780487805,10,6,9.4,2026-02-01,0,0,0,0,0,1,0,0,1,0,0,0,0,0,0,0,0,1,0,0,0,0,0,0,0,0,0,0,1,0,0,1,1,0,0,1,0,0
0,84.7,208.53,0.4,205.0,5.0,0.0,0.1951219512195122,11,6,9.4,2026-02-01,0,0,0,0,0,1,0,0,1,0,0,0,0,0,0,0,0,1,0,0,0,0,0,0,0,0,0,0,1,1,0,0,1,0,0,0,0,1
1,52.7,181.22,3.2,205.0,5.0,4.9,0.3170731707317073,11,6,9.4,2026-02-01,0,0,0,0,0,1,0,0,1,1,0,0,0,0,0,0,0,0,0,0,0,0,0,0,0,0,1,0,0,0,1,0,1,0,0,0,0,1
1,59.9,165.04,1.1,205.0,5.0,2.0,0.3902439024390244,11,6,9.4,2026-02-01,0,0,0,0,0,1,0,0,1,1,0,0,0,0,0,0,0,0,0,0,0,0,0,0,0,0,1,0,0,0,0,1,1,0,1,0,0,0
1,72.2,141.87,2.6,205.0,5.0,2.0,0.4634146341463415,11,6,9.4,2026-02-01,0,0,0,0,0,1,0,0,1,1,0,0,0,0,0,0,0,0,0,0,0,0,0,0,0,0,1,0,0,0,1,0,1,0,0,0,1,0
2,61.9,74.68,6.1,205.0,5.0,5.7,0.7073170731707317,12,6,9.4,2026-02-01,0,0,0,0,0,1,0,0,1,0,0,0,0,0,1,0,0,0,0,0,0,0,0,0,0,0,0,1,0,0,1,0,1,0,0,1,0,0
2,73.9,54.21,7.9,205.0,5.0,2.0,0.7804878048780488,13,6,9.4,2026-02-01,0,0,0,0,0,1,0,0,1,0,0,0,0,0,1,0,0,0,0,0,0,0,0,0,0,0,0,1,0,0,0,1,1,0,0,0,1,0
2,68.5,39.33,10.4,205.0,5.0,2.0,0.8536585365853658,13,6,9.4,2026-02-01,0,0,0,0,0,1,0,0,1,0,0,0,0,0,1,0,0,0,0,0,0,0,0,0,0,0,0,1,0,1,0,0,0,1,0,0,1,0
0,51.5,157.67,-2.0,140.0,4.5,0.0,0.2857142857142857,7,6,4.0,2026-02-01,0,0,0,1,0,0,0,1,0,0,0,0,0,0,0,0,0,0,1,0,0,0,0,0,0,1,0,0,0,0,0,1,0,1,0,0,0,1
1,57.0,109.25,1.8,155.0,7.4,2.0,0.432258064516129,9,6,7.6,2026-02-01,0,0,0,0,1,0,1,0,0,0,1,0,0,0,0,0,0,0,0,1,0,0,0,0,0,0,0,0,0,1,0,0,1,0,1,0,0,0
0,52.8,170.0,2.9,140.0,4.5,0.0,0.17857142857142858,7,6,4.0,2026-02-01,0,0,0,1,0,0,0,1,0,0,0,0,0,0,0,0,0,0,1,0,0,0,0,0,0,1,0,0,0,0,1,0,1,0,0,1,0,0
0,64.6,181.23,0.1,140.0,4.5,1.1,0.07142857142857142,6,6,4.0,2026-02-01,0,0,0,1,0,0,0,1,0,0,0,0,0,0,0,0,0,0,1,0,0,0,0,0,0,1,0,0,0,1,0,0,1,0,0,0,1,0
0,72.4,179.93,-0.7,140.0,4.1,2.8,0.07142857142857142,12,6,3.8,2026-02-01,1,0,0,0,0,0,0,1,0,0,0,0,0,0,0,0,0,0,1,0,0,0,0,0,0,1,0,0,0,0,0,1,1,0,1,0,0,0
2,64.0,42.33,11.7,205.0,5.8,2.0,0.8536585365853658,19,6,14.2,2026-02-01,0,0,1,0,0,0,0,0,1,0,0,0,0,0,1,0,0,0,0,0,0,0,0,0,0,0,0,1,0,1,0,0,1,0,0,1,0,0
0,70.7,162.54,2.2,140.0,4.1,0.0,0.17857142857142858,12,6,3.8,2026-02-01,1,0,0,0,0,0,0,1,0,0,0,0,0,0,0,0,0,0,1,0,0,0,0,0,0,1,0,0,0,0,1,0,1,0,0,0,1,0
0,54.9,155.4,-0.2,140.0,4.1,0.0,0.2857142857142857,12,6,3.8,2026-02-01,1,0,0,0,0,0,0,1,0,0,0,0,0,0,0,0,0,0,1,0,0,0,0,0,0,1,0,0,0,1,0,0,1,0,0,0,1,0
1,64.9,117.18,-0.2,140.0,4.1,3.7,0.32142857142857145,13,6,3.8,2026-02-01,1,0,0,0,0,0,0,1,0,0,0,0,0,0,0,1,0,0,0,0,0,0,0,0,1,0,0,0,0,0,1,0,1,0,0,0,0,1
1,52.3,106.21,2.0,140.0,4.1,2.0,0.42857142857142855,13,6,3.8,2026-02-01,1,0,0,0,0,0,0,1,0,0,0,0,0,0,0,1,0,0,0,0,0,0,0,0,1,0,0,0,0,1,0,0,1,0,1,0,0,0
1,59.9,88.07,3.1,140.0,4.1,2.0,0.5357142857142857,13,6,3.8,2026-02-01,1,0,0,0,0,0,0,1,0,0,0,0,0,0,0,1,0,0,0,0,0,0,0,0,1,0,0,0,0,0,1,0,1,0,0,1,0,0
2,59.2,77.13,0.4,140.0,4.1,3.6,0.5714285714285714,13,6,3.8,2026-02-01,1,0,0,0,0,0,0,1,0,0,0,0,1,0,0,0,0,0,0,0,0,0,0,1,0,0,0,0,0,0,0,1,1,0,0,0,0,1
2,56.3,63.54,0.9,140.0,4.1,2.0,0.6785714285714286,13,6,3.8,2026-02-01,1,0,0,0,0,0,0,1,0,0,0,0,1,0,0,0,0,0,0,0,0,0,0,1,0,0,0,0,0,0,1,0,1,0,0,1,0,0
3,62.5,36.58,1.2,140.0,4.1,5.5,0.8214285714285714,14,6,3.8,2026-02-01,1,0,0,0,0,0,0,1,0,0,0,1,0,0,0,0,0,0,0,0,0,0,1,0,0,0,0,0,0,1,0,0,1,0,0,1,0,0
3,68.6,18.42,5.8,140.0,4.1,2.0,0.9285714285714286,14,6,3.8,2026-02-01,1,0,0,0,0,0,0,1,0,0,0,1,0,0,0,0,0,0,0,0,0,0,1,0,0,0,0,0,0,1,0,0,1,0,0,1,0,0
3,68.9,1.07,4.3,140.0,4.1,2.0,1.0,14,6,3.8,2026-02-01,1,0,0,0,0,0,0,1,0,0,0,1,0,0,0,0,0,0,0,0,0,0,1,0,0,0,0,0,0,1,0,0,1,0,0,0,0,1
0,69.9,173.35,3.7,155.0,7.2,4.1,0.06451612903225806,14,6,4.7,2026-02-01,0,1,0,0,0,0,1,0,0,0,0,0,0,0,0,0,1,0,0,0,0,1,0,0,0,0,0,0,0,1,0,0,0,1,1,0,0,0
0,61.4,159.42,1.7,155.0,7.2,0.0,0.16129032258064516,14,6,4.7,2026-02-01,0,1,0,0,0,0,1,0,0,0,0,0,0,0,0,0,1,0,0,0,0,1,0,0,0,0,0,0,0,0,0,1,0,1,0,0,1,0
0,70.2,138.2,-0.1,155.0,7.2,0.0,0.25806451612903225,15,6,4.7,2026-02-01,0,1,0,0,0,0,1,0,0,0,0,0,0,0,0,0,1,0,0,0,0,1,0,0,0,0,0,0,0,0,0,1,0,1,0,0,0,1
2,49.8,53.8,3.4,140.0,4.1,2.0,0.7857142857142857,14,6,3.8,2026-02-01,1,0,0,0,0,0,0,1,0,0,0,0,1,0,0,0,0,0,0,0,0,0,0,1,0,0,0,0,0,0,0,1,0,1,1,0,0,0
1,65.8,105.58,2.9,155.0,7.2,2.0,0.432258064516129,15,6,4.7,2026-02-01,0,1,0,0,0,0,1,0,0,0,1,0,0,0,0,0,0,0,0,1,0,0,0,0,0,0,0,0,0,0,0,1,1,0,1,0,0,0
1,53.7,124.05,3.6,155.0,7.2,3.3,0.33548387096774196,15,6,4.7,2026-02-01,0,1,0,0,0,0,1,0,0,0,1,0,0,0,0,0,0,0,0,1,0,0,0,0,0,0,0,0,0,0,1,0,1,0,0,1,0,0
2,73.1,72.82,11.4,205.0,5.8,4.3,0.7073170731707317,18,6,14.2,2026-02-01,0,0,1,0,0,0,0,0,1,0,0,0,0,0,1,0,0,0,0,0,0,0,0,0,0,0,0,1,0,1,0,0,1,0,0,0,0,1
1,56.7,152.2,8.0,205.0,5.8,2.0,0.4634146341463415,18,6,14.2,2026-02-01,0,0,1,0,0,0,0,0,1,1,0,0,0,0,0,0,0,0,0,0,0,0,0,0,0,0,1,0,0,1,0,0,1,0,0,0,1,0
1,72.9,159.62,4.7,205.0,5.8,2.0,0.3902439024390244,17,6,14.2,2026-02-01,0,0,1,0,0,0,0,0,1,1,0,0,0,0,0,0,0,0,0,0,0,0,0,0,0,0,1,0,0,0,0,1,0,1,0,1,0,0
1,60.0,180.0,3.3,205.0,5.8,3.5,0.3170731707317073,17,6,14.2,2026-02-01,0,0,1,0,0,0,0,0,1,1,0,0,0,0,0,0,0,0,0,0,0,0,0,0,0,0,1,0,0,0,0,1,1,0,0,0,0,1
0,63.5,222.67,4.1,205.0,5.8,0.0,0.1951219512195122,17,6,14.2,2026-02-01,0,0,1,0,0,0,0,0,1,0,0,0,0,0,0,0,0,1,0,0,0,0,0,0,0,0,0,0,1,0,0,1,1,0,1,0,0,0
2,35.7,70.12,10.1,205.0,5.8,2.0,0.7804878048780488,19,6,14.2,2026-02-01,0,0,1,0,0,0,0,0,1,0,0,0,0,0,1,0,0,0,0,0,0,0,0,0,0,0,0,1,0,0,1,0,1,0,0,0,0,1
0,69.8,253.37,-0.1,205.0,5.8,3.6,0.04878048780487805,16,6,14.2,2026-02-01,0,0,1,0,0,0,0,0,1,0,0,0,0,0,0,0,0,1,0,0,0,0,0,0,0,0,0,0,1,0,1,0,0,1,1,0,0,0
2,68.7,23.2,-0.0,155.0,7.2,2.0,0.8903225806451613,16,6,4.7,2026-02-01,0,1,0,0,0,0,1,0,0,0,0,0,0,1,0,0,0,0,0,0,1,0,0,0,0,0,0,0,0,0,1,0,0,1,0,1,0,0
2,65.2,41.83,5.3,155.0,7.2,2.0,0.7935483870967742,16,6,4.7,2026-02-01,0,1,0,0,0,0,1,0,0,0,0,0,0,1,0,0,0,0,0,0,1,0,0,0,0,0,0,0,0,1,0,0,1,0,1,0,0,0
2,59.5,59.08,1.3,155.0,7.2,6.3,0.6967741935483871,16,6,4.7,2026-02-01,0,1,0,0,0,0,1,0,0,0,0,0,0,1,0,0,0,0,0,0,1,0,0,0,0,0,0,0,0,1,0,0,0,1,1,0,0,0
1,68.4,87.4,1.7,155.0,7.2,2.0,0.5290322580645161,15,6,4.7,2026-02-01,0,1,0,0,0,0,1,0,0,0,1,0,0,0,0,0,0,0,0,1,0,0,0,0,0,0,0,0,0,0,0,1,0,1,0,1,0,0
0,72.2,234.92,-0.4,205.0,5.8,0.0,0.12195121951219512,16,6,14.2,2026-02-01,0,0,1,0,0,0,0,0,1,0,0,0,0,0,0,0,0,1,0,0,0,0,0,0,0,0,0,0,1,1,0,0,0,1,0,0,1,0
0,80.7,151.38,1.3,155.0,5.9,0.0,0.16129032258064516,10,0,7.5,2026-02-02,0,0,0,0,1,0,1,0,0,0,0,0,0,0,0,0,1,0,0,0,0,1,0,0,0,0,0,0,0,0,0,1,1,0,0,1,0,0
0,74.5,172.58,0.4,155.0,5.9,0.5,0.06451612903225806,9,0,7.5,2026-02-02,0,0,0,0,1,0,1,0,0,0,0,0,0,0,0,0,1,0,0,0,0,1,0,0,0,0,0,0,0,0,0,1,0,1,0,0,1,0
3,46.1,16.27,13.3,140.0,3.2,2.0,1.0,10,0,8.9,2026-02-02,0,0,0,1,0,0,0,1,0,0,0,1,0,0,0,0,0,0,0,0,0,0,1,0,0,0,0,0,0,0,1,0,1,0,0,1,0,0
3,58.2,22.75,6.2,140.0,3.2,2.0,0.9285714285714286,9,0,8.9,2026-02-02,0,0,0,1,0,0,0,1,0,0,0,1,0,0,0,0,0,0,0,0,0,0,1,0,0,0,0,0,0,0,1,0,1,0,0,0,1,0
3,60.3,36.95,7.8,140.0,3.2,4.4,0.8214285714285714,9,0,8.9,2026-02-02,0,0,0,1,0,0,0,1,0,0,0,1,0,0,0,0,0,0,0,0,0,0,1,0,0,0,0,0,0,1,0,0,1,0,0,0,0,1
2,63.9,44.4,6.8,140.0,3.2,2.0,0.7857142857142857,9,0,8.9,2026-02-02,0,0,0,1,0,0,0,1,0,0,0,0,1,0,0,0,0,0,0,0,0,0,0,1,0,0,0,0,0,0,1,0,1,0,0,1,0,0
1,53.8,92.13,3.6,140.0,3.2,2.0,0.5357142857142857,8,0,8.9,2026-02-02,0,0,0,1,0,0,0,1,0,0,0,0,0,0,0,1,0,0,0,0,0,0,0,0,1,0,0,0,0,0,1,0,0,1,0,1,0,0
2,69.5,75.42,5.2,140.0,3.2,3.9,0.5714285714285714,8,0,8.9,2026-02-02,0,0,0,1,0,0,0,1,0,0,0,0,1,0,0,0,0,0,0,0,0,0,0,1,0,0,0,0,0,1,0,0,0,1,1,0,0,0
1,48.5,107.79,1.8,140.0,3.2,2.0,0.42857142857142855,8,0,8.9,2026-02-02,0,0,0,1,0,0,0,1,0,0,0,0,0,0,0,1,0,0,0,0,0,0,0,0,1,0,0,0,0,0,1,0,1,0,1,0,0,0
1,73.3,115.78,-0.2,140.0,3.2,4.9,0.32142857142857145,8,0,8.9,2026-02-02,0,0,0,1,0,0,0,1,0,0,0,0,0,0,0,1,0,0,0,0,0,0,0,0,1,0,0,0,0,1,0,0,1,0,0,1,0,0
0,77.1,140.6,3.5,140.0,3.2,0.0,0.2857142857142857,8,0,8.9,2026-02-02,0,0,0,1,0,0,0,1,0,0,0,0,0,0,0,0,0,0,1,0,0,0,0,0,0,1,0,0,0,1,0,0,1,0,0,1,0,0
0,54.2,148.87,2.7,155.0,5.9,0.0,0.25806451612903225,10,0,7.5,2026-02-02,0,0,0,0,1,0,1,0,0,0,0,0,0,0,0,0,1,0,0,0,0,1,0,0,0,0,0,0,0,0,1,0,0,1,1,0,0,0
2,64.1,60.29,7.5,140.0,3.2,2.0,0.6785714285714286,9,0,8.9,2026-02-02,0,0,0,1,0,0,0,1,0,0,0,0,1,0,0,0,0,0,0,0,0,0,0,1,0,0,0,0,0,0,0,1,1,0,0,0,1,0
1,53.9,124.02,1.8,155.0,5.9,4.6,0.33548387096774196,10,0,7.5,2026-02-02,0,0,0,0,1,0,1,0,0,0,1,0,0,0,0,0,0,0,0,1,0,0,0,0,0,0,0,0,0,1,0,0,0,1,1,0,0,0
0,43.1,174.04,0.6,140.0,3.2,0.0,0.17857142857142858,8,0,8.9,2026-02-02,0,0,0,1,0,0,0,1,0,0,0,0,0,0,0,0,0,0,1,0,0,0,0,0,0,1,0,0,0,0,1,0,1,0,0,1,0,0
1,57.5,94.67,3.7,155.0,5.9,2.0,0.5290322580645161,11,0,7.5,2026-02-02,0,0,0,0,1,0,1,0,0,0,1,0,0,0,0,0,0,0,0,1,0,0,0,0,0,0,0,0,0,0,1,0,1,0,0,1,0,0
2,71.3,57.12,7.4,155.0,5.9,3.3,0.6967741935483871,11,0,7.5,2026-02-02,0,0,0,0,1,0,1,0,0,0,0,0,0,1,0,0,0,0,0,0,1,0,0,0,0,0,0,0,0,0,1,0,1,0,0,1,0,0
2,62.3,43.04,3.9,155.0,5.9,2.0,0.7935483870967742,11,0,7.5,2026-02-02,0,0,0,0,1,0,1,0,0,0,0,0,0,1,0,0,0,0,0,0,1,0,0,0,0,0,0,0,0,0,1,0,0,1,0,1,0,0
2,64.3,26.13,7.3,155.0,5.9,2.0,0.8903225806451613,12,0,7.5,2026-02-02,0,0,0,0,1,0,1,0,0,0,0,0,0,1,0,0,0,0,0,0,1,0,0,0,0,0,0,0,0,1,0,0,0,1,0,1,0,0
0,74.0,252.67,0.6,205.0,14.3,1.8,0.04878048780487805,11,0,10.2,2026-02-02,0,0,0,0,0,1,0,0,1,0,0,0,0,0,0,0,0,1,0,0,0,0,0,0,0,0,0,0,1,1,0,0,0,1,0,1,0,0
0,72.2,234.92,0.2,205.0,14.3,0.0,0.12195121951219512,11,0,10.2,2026-02-02,0,0,0,0,0,1,0,0,1,0,0,0,0,0,0,0,0,1,0,0,0,0,0,0,0,0,0,0,1,1,0,0,0,1,0,1,0,0
0,61.6,223.93,5.2,205.0,14.3,0.0,0.1951219512195122,12,0,10.2,2026-02-02,0,0,0,0,0,1,0,0,1,0,0,0,0,0,0,0,0,1,0,0,0,0,0,0,0,0,0,0,1,0,1,0,0,1,0,0,1,0
1,58.4,180.27,1.5,205.0,14.3,5.6,0.3170731707317073,12,0,10.2,2026-02-02,0,0,0,0,0,1,0,0,1,1,0,0,0,0,0,0,0,0,0,0,0,0,0,0,0,0,1,0,0,1,0,0,0,1,1,0,0,0
1,64.3,163.21,3.5,205.0,14.3,2.0,0.3902439024390244,12,0,10.2,2026-02-02,0,0,0,0,0,1,0,0,1,1,0,0,0,0,0,0,0,0,0,0,0,0,0,0,0,0,1,0,0,1,0,0,1,0,0,1,0,0
1,76.1,139.27,2.1,205.0,14.3,2.0,0.4634146341463415,12,0,10.2,2026-02-02,0,0,0,0,0,1,0,0,1,1,0,0,0,0,0,0,0,0,0,0,0,0,0,0,0,0,1,0,0,0,0,1,1,0,1,0,0,0
2,58.5,75.25,6.7,205.0,14.3,4.9,0.7073170731707317,13,0,10.2,2026-02-02,0,0,0,0,0,1,0,0,1,0,0,0,0,0,1,0,0,0,0,0,0,0,0,0,0,0,0,1,0,1,0,0,1,0,0,1,0,0
2,65.8,57.58,9.3,205.0,14.3,2.0,0.7804878048780488,14,0,10.2,2026-02-02,0,0,0,0,0,1,0,0,1,0,0,0,0,0,1,0,0,0,0,0,0,0,0,0,0,0,0,1,0,0,1,0,1,0,0,0,1,0
2,60.3,44.8,10.4,205.0,14.3,2.0,0.8536585365853658,14,0,10.2,2026-02-02,0,0,0,0,0,1,0,0,1,0,0,0,0,0,1,0,0,0,0,0,0,0,0,0,0,0,0,1,0,0,1,0,1,0,0,1,0,0
1,70.3,103.71,0.7,155.0,5.9,2.0,0.432258064516129,10,0,7.5,2026-02-02,0,0,0,0,1,0,1,0,0,0,1,0,0,0,0,0,0,0,0,1,0,0,0,0,0,0,0,0,0,1,0,0,1,0,0,1,0,0
0,65.0,181.17,2.5,140.0,3.2,2.6,0.07142857142857142,7,0,8.9,2026-02-02,0,0,0,1,0,0,0,1,0,0,0,0,0,0,0,0,0,0,1,0,0,0,0,0,0,1,0,0,0,1,0,0,1,0,0,0,0,1
2,81.6,30.6,4.2,205.0,4.5,2.0,0.8536585365853658,8,0,10.1,2026-02-02,0,0,1,0,0,0,0,0,1,0,0,0,0,0,1,0,0,0,0,0,0,0,0,0,0,0,0,1,0,0,1,0,1,0,0,1,0,0
2,60.3,59.88,9.6,205.0,4.5,2.0,0.7804878048780488,8,0,10.1,2026-02-02,0,0,1,0,0,0,0,0,1,0,0,0,0,0,1,0,0,0,0,0,0,0,0,0,0,0,0,1,0,1,0,0,1,0,1,0,0,0
0,72.2,179.97,0.6,140.0,5.0,1.5,0.07142857142857142,13,0,3.5,2026-02-02,1,0,0,0,0,0,0,1,0,0,0,0,0,0,0,0,0,0,1,0,0,0,0,0,0,1,0,0,0,1,0,0,0,1,0,0,1,0
0,94.4,152.67,0.4,140.0,5.0,0.0,0.17857142857142858,13,0,3.5,2026-02-02,1,0,0,0,0,0,0,1,0,0,0,0,0,0,0,0,0,0,1,0,0,0,0,0,0,1,0,0,0,1,0,0,0,1,1,0,0,0
0,69.6,145.6,-0.5,140.0,5.0,0.0,0.2857142857142857,13,0,3.5,2026-02-02,1,0,0,0,0,0,0,1,0,0,0,0,0,0,0,0,0,0,1,0,0,0,0,0,0,1,0,0,0,1,0,0,0,1,0,0,0,1
1,74.2,115.63,-3.0,140.0,5.0,4.2,0.32142857142857145,14,0,3.5,2026-02-02,1,0,0,0,0,0,0,1,0,0,0,0,0,0,0,1,0,0,0,0,0,0,0,0,1,0,0,0,0,1,0,0,0,1,1,0,0,0
1,54.1,105.46,1.8,140.0,5.0,2.0,0.42857142857142855,14,0,3.5,2026-02-02,1,0,0,0,0,0,0,1,0,0,0,0,0,0,0,1,0,0,0,0,0,0,0,0,1,0,0,0,0,1,0,0,1,0,0,1,0,0
1,52.9,92.73,3.7,140.0,5.0,2.0,0.5357142857142857,14,0,3.5,2026-02-02,1,0,0,0,0,0,0,1,0,0,0,0,0,0,0,1,0,0,0,0,0,0,0,0,1,0,0,0,0,0,1,0,1,0,0,1,0,0
2,90.1,71.98,0.6,140.0,5.0,5.1,0.5714285714285714,14,0,3.5,2026-02-02,1,0,0,0,0,0,0,1,0,0,0,0,1,0,0,0,0,0,0,0,0,0,0,1,0,0,0,0,0,1,0,0,0,1,0,1,0,0
2,70.4,40.07,2.3,140.0,5.0,2.0,0.7857142857142857,15,0,3.5,2026-02-02,1,0,0,0,0,0,0,1,0,0,0,0,1,0,0,0,0,0,0,0,0,0,0,1,0,0,0,0,0,0,1,0,0,1,0,0,0,1
3,58.0,37.33,-1.4,140.0,5.0,5.5,0.8214285714285714,15,0,3.5,2026-02-02,1,0,0,0,0,0,0,1,0,0,0,1,0,0,0,0,0,0,0,0,0,0,1,0,0,0,0,0,0,0,1,0,0,1,1,0,0,0
3,69.4,18.08,3.2,140.0,5.0,2.0,0.9285714285714286,15,0,3.5,2026-02-02,1,0,0,0,0,0,0,1,0,0,0,1,0,0,0,0,0,0,0,0,0,0,1,0,0,0,0,0,0,0,0,1,1,0,1,0,0,0
3,70.7,1.0,4.2,140.0,5.0,2.0,1.0,15,0,3.5,2026-02-02,1,0,0,0,0,0,0,1,0,0,0,1,0,0,0,0,0,0,0,0,0,0,1,0,0,0,0,0,0,1,0,0,0,1,0,0,0,1
0,69.9,173.35,2.3,155.0,7.1,1.0,0.06451612903225806,15,0,12.5,2026-02-02,0,1,0,0,0,0,1,0,0,0,0,0,0,0,0,0,1,0,0,0,0,1,0,0,0,0,0,0,0,0,0,1,0,1,0,0,0,1
0,59.3,160.29,1.4,155.0,7.1,0.0,0.16129032258064516,15,0,12.5,2026-02-02,0,1,0,0,0,0,1,0,0,0,0,0,0,0,0,0,1,0,0,0,0,1,0,0,0,0,0,0,0,0,0,1,1,0,0,1,0,0
2,44.4,68.5,1.9,140.0,5.0,2.0,0.6785714285714286,14,0,3.5,2026-02-02,1,0,0,0,0,0,0,1,0,0,0,0,1,0,0,0,0,0,0,0,0,0,0,1,0,0,0,0,0,1,0,0,1,0,0,0,0,1
1,62.7,122.55,7.3,155.0,7.1,5.2,0.33548387096774196,16,0,12.5,2026-02-02,0,1,0,0,0,0,1,0,0,0,1,0,0,0,0,0,0,0,0,1,0,0,0,0,0,0,0,0,0,1,0,0,1,0,0,0,0,1
0,66.0,141.0,5.6,155.0,7.1,0.0,0.25806451612903225,16,0,12.5,2026-02-02,0,1,0,0,0,0,1,0,0,0,0,0,0,0,0,0,1,0,0,0,0,1,0,0,0,0,0,0,0,0,1,0,0,1,0,0,0,1
1,52.5,155.0,3.3,205.0,4.5,2.0,0.4634146341463415,7,0,10.1,2026-02-02,0,0,1,0,0,0,0,0,1,1,0,0,0,0,0,0,0,0,0,0,0,0,0,0,0,0,1,0,0,1,0,0,0,1,0,0,1,0
1,48.4,169.83,7.0,205.0,4.5,2.0,0.3902439024390244,6,0,10.1,2026-02-02,0,0,1,0,0,0,0,0,1,1,0,0,0,0,0,0,0,0,0,0,0,0,0,0,0,0,1,0,0,1,0,0,1,0,0,0,1,0
1,81.0,176.5,3.7,205.0,4.5,4.5,0.3170731707317073,6,0,10.1,2026-02-02,0,0,1,0,0,0,0,0,1,1,0,0,0,0,0,0,0,0,0,0,0,0,0,0,0,0,1,0,0,1,0,0,0,1,0,1,0,0
0,74.6,215.27,0.7,205.0,4.5,0.0,0.1951219512195122,6,0,10.1,2026-02-02,0,0,1,0,0,0,0,0,1,0,0,0,0,0,0,0,0,1,0,0,0,0,0,0,0,0,0,0,1,1,0,0,1,0,1,0,0,0
0,71.6,235.17,2.2,205.0,4.5,0.0,0.12195121951219512,5,0,10.1,2026-02-02,0,0,1,0,0,0,0,0,1,0,0,0,0,0,0,0,0,1,0,0,0,0,0,0,0,0,0,0,1,0,1,0,0,1,1,0,0,0
2,74.8,72.53,8.8,205.0,4.5,4.4,0.7073170731707317,7,0,10.1,2026-02-02,0,0,1,0,0,0,0,0,1,0,0,0,0,0,1,0,0,0,0,0,0,0,0,0,0,0,0,1,0,1,0,0,1,0,0,0,1,0
2,62.8,27.13,9.7,155.0,7.1,2.0,0.8903225806451613,17,0,12.5,2026-02-02,0,1,0,0,0,0,1,0,0,0,0,0,0,1,0,0,0,0,0,0,1,0,0,0,0,0,0,0,0,0,0,1,1,0,0,1,0,0
2,59.0,44.42,6.3,155.0,7.1,2.0,0.7935483870967742,17,0,12.5,2026-02-02,0,1,0,0,0,0,1,0,0,0,0,0,0,1,0,0,0,0,0,0,1,0,0,0,0,0,0,0,0,0,1,0,0,1,0,0,1,0
2,60.1,58.98,10.4,155.0,7.1,4.8,0.6967741935483871,17,0,12.5,2026-02-02,0,1,0,0,0,0,1,0,0,0,0,0,0,1,0,0,0,0,0,0,1,0,0,0,0,0,0,0,0,1,0,0,0,1,1,0,0,0
1,68.8,87.13,4.2,155.0,7.1,2.0,0.5290322580645161,16,0,12.5,2026-02-02,0,1,0,0,0,0,1,0,0,0,1,0,0,0,0,0,0,0,0,1,0,0,0,0,0,0,0,0,0,1,0,0,1,0,0,1,0,0
1,56.8,109.33,2.5,155.0,7.1,2.0,0.432258064516129,16,0,12.5,2026-02-02,0,1,0,0,0,0,1,0,0,0,1,0,0,0,0,0,0,0,0,1,0,0,0,0,0,0,0,0,0,1,0,0,1,0,0,0,1,0
0,61.9,254.68,-1.5,205.0,4.5,2.3,0.04878048780487805,5,0,10.1,2026-02-02,0,0,1,0,0,0,0,0,1,0,0,0,0,0,0,0,0,1,0,0,0,0,0,0,0,0,0,0,1,1,0,0,1,0,1,0,0,0
0,53.1,149.6,3.0,155.0,8.4,0.0,0.25806451612903225,11,1,9.3,2026-02-03,0,0,0,0,1,0,1,0,0,0,0,0,0,0,0,0,1,0,0,0,0,1,0,0,0,0,0,0,0,0,1,0,0,1,0,0,0,1
0,62.3,159.04,0.7,155.0,8.4,0.0,0.16129032258064516,11,1,9.3,2026-02-03,0,0,0,0,1,0,1,0,0,0,0,0,0,0,0,0,1,0,0,0,0,1,0,0,0,0,0,0,0,1,0,0,0,1,0,0,1,0
0,69.5,173.42,0.4,155.0,8.4,1.6,0.06451612903225806,10,1,9.3,2026-02-03,0,0,0,0,1,0,1,0,0,0,0,0,0,0,0,0,1,0,0,0,0,1,0,0,0,0,0,0,0,1,0,0,1,0,1,0,0,0
3,64.5,4.0,21.1,140.0,14.1,2.0,1.0,11,1,20.3,2026-02-03,0,0,0,1,0,0,0,1,0,0,0,1,0,0,0,0,0,0,0,0,0,0,1,0,0,0,0,0,0,0,1,0,0,1,0,1,0,0
3,41.3,29.79,16.7,140.0,14.1,2.0,0.9285714285714286,10,1,20.3,2026-02-03,0,0,0,1,0,0,0,1,0,0,0,1,0,0,0,0,0,0,0,0,0,0,1,0,0,0,0,0,0,0,0,1,1,0,1,0,0,0
3,58.7,37.22,13.6,140.0,14.1,5.5,0.8214285714285714,10,1,20.3,2026-02-03,0,0,0,1,0,0,0,1,0,0,0,1,0,0,0,0,0,0,0,0,0,0,1,0,0,0,0,0,0,0,1,0,1,0,0,1,0,0
1,65.2,84.53,12.1,140.0,14.1,2.0,0.5357142857142857,9,1,20.3,2026-02-03,0,0,0,1,0,0,0,1,0,0,0,0,0,0,0,1,0,0,0,0,0,0,0,0,1,0,0,0,0,1,0,0,1,0,0,1,0,0
2,58.1,62.79,16.3,140.0,14.1,2.0,0.6785714285714286,10,1,20.3,2026-02-03,0,0,0,1,0,0,0,1,0,0,0,0,1,0,0,0,0,0,0,0,0,0,0,1,0,0,0,0,0,1,0,0,0,1,0,1,0,0
2,56.8,77.53,12.0,140.0,14.1,4.3,0.5714285714285714,9,1,20.3,2026-02-03,0,0,0,1,0,0,0,1,0,0,0,0,1,0,0,0,0,0,0,0,0,0,0,1,0,0,0,0,0,0,0,1,1,0,0,0,1,0
1,76.5,96.12,7.5,140.0,14.1,2.0,0.42857142857142855,9,1,20.3,2026-02-03,0,0,0,1,0,0,0,1,0,0,0,0,0,0,0,1,0,0,0,0,0,0,0,0,1,0,0,0,0,1,0,0,0,1,0,1,0,0
1,66.3,116.95,5.9,140.0,14.1,4.8,0.32142857142857145,9,1,20.3,2026-02-03,0,0,0,1,0,0,0,1,0,0,0,0,0,0,0,1,0,0,0,0,0,0,0,0,1,0,0,0,0,0,0,1,1,0,1,0,0,0
0,73.4,143.07,5.5,140.0,14.1,0.0,0.2857142857142857,9,1,20.3,2026-02-03,0,0,0,1,0,0,0,1,0,0,0,0,0,0,0,0,0,0,1,0,0,0,0,0,0,1,0,0,0,0,0,1,0,1,0,0,1,0
2,50.7,53.2,15.2,140.0,14.1,2.0,0.7857142857142857,10,1,20.3,2026-02-03,0,0,0,1,0,0,0,1,0,0,0,0,1,0,0,0,0,0,0,0,0,0,0,1,0,0,0,0,0,0,1,0,1,0,0,0,0,1
1,69.1,121.48,1.8,155.0,8.4,4.8,0.33548387096774196,11,1,9.3,2026-02-03,0,0,0,0,1,0,1,0,0,0,1,0,0,0,0,0,0,0,0,1,0,0,0,0,0,0,0,0,0,0,0,1,1,0,0,1,0,0
2,57.0,47.0,4.5,205.0,3.7,2.0,0.8536585365853658,15,1,4.2,2026-02-03,0,0,0,0,0,1,0,0,1,0,0,0,0,0,1,0,0,0,0,0,0,0,0,0,0,0,0,1,0,1,0,0,1,0,0,1,0,0
1,66.8,88.47,3.9,155.0,8.4,2.0,0.5290322580645161,12,1,9.3,2026-02-03,0,0,0,0,1,0,1,0,0,0,1,0,0,0,0,0,0,0,0,1,0,0,0,0,0,0,0,0,0,0,0,1,0,1,0,0,0,1
2,48.3,60.95,4.6,155.0,8.4,3.9,0.6967741935483871,12,1,9.3,2026-02-03,0,0,0,0,1,0,1,0,0,0,0,0,0,1,0,0,0,0,0,0,1,0,0,0,0,0,0,0,0,0,1,0,1,0,0,1,0,0
2,57.1,45.21,6.3,155.0,8.4,2.0,0.7935483870967742,12,1,9.3,2026-02-03,0,0,0,0,1,0,1,0,0,0,0,0,0,1,0,0,0,0,0,0,1,0,0,0,0,0,0,0,0,1,0,0,1,0,1,0,0,0
2,59.1,29.6,7.6,155.0,8.4,2.0,0.8903225806451613,13,1,9.3,2026-02-03,0,0,0,0,1,0,1,0,0,0,0,0,0,1,0,0,0,0,0,0,1,0,0,0,0,0,0,0,0,0,0,1,0,1,1,0,0,0
0,82.0,251.33,1.2,205.0,3.7,1.6,0.04878048780487805,12,1,4.2,2026-02-03,0,0,0,0,0,1,0,0,1,0,0,0,0,0,0,0,0,1,0,0,0,0,0,0,0,0,0,0,1,0,0,1,1,0,0,1,0,0
0,63.0,238.75,1.7,205.0,3.7,0.0,0.12195121951219512,12,1,4.2,2026-02-03,0,0,0,0,0,1,0,0,1,0,0,0,0,0,0,0,0,1,0,0,0,0,0,0,0,0,0,0,1,1,0,0,0,1,0,0,0,1
0,63.0,223.0,0.3,205.0,3.7,0.0,0.1951219512195122,13,1,4.2,2026-02-03,0,0,0,0,0,1,0,0,1,0,0,0,0,0,0,0,0,1,0,0,0,0,0,0,0,0,0,0,1,0,0,1,1,0,0,1,0,0
1,66.5,178.92,0.0,205.0,3.7,5.1,0.3170731707317073,13,1,4.2,2026-02-03,0,0,0,0,0,1,0,0,1,1,0,0,0,0,0,0,0,0,0,0,0,0,0,0,0,0,1,0,0,0,1,0,1,0,1,0,0,0
1,88.8,153.0,2.3,205.0,3.7,2.0,0.3902439024390244,13,1,4.2,2026-02-03,0,0,0,0,0,1,0,0,1,1,0,0,0,0,0,0,0,0,0,0,0,0,0,0,0,0,1,0,0,1,0,0,1,0,0,0,0,1
1,68.8,144.13,2.6,205.0,3.7,2.0,0.4634146341463415,13,1,4.2,2026-02-03,0,0,0,0,0,1,0,0,1,1,0,0,0,0,0,0,0,0,0,0,0,0,0,0,0,0,1,0,0,1,0,0,1,0,0,1,0,0
2,70.7,73.22,2.2,205.0,3.7,4.9,0.7073170731707317,14,1,4.2,2026-02-03,0,0,0,0,0,1,0,0,1,0,0,0,0,0,1,0,0,0,0,0,0,0,0,0,0,0,0,1,0,1,0,0,1,0,0,1,0,0
2,63.4,58.58,5.3,205.0,3.7,2.0,0.7804878048780488,15,1,4.2,2026-02-03,0,0,0,0,0,1,0,0,1,0,0,0,0,0,1,0,0,0,0,0,0,0,0,0,0,0,0,1,0,0,0,1,0,1,0,0,0,1
0,62.5,165.96,4.2,140.0,14.1,0.0,0.17857142857142858,9,1,20.3,2026-02-03,0,0,0,1,0,0,0,1,0,0,0,0,0,0,0,0,0,0,1,0,0,0,0,0,0,1,0,0,0,0,1,0,0,1,1,0,0,0
1,62.9,106.79,5.5,155.0,8.4,2.0,0.432258064516129,11,1,9.3,2026-02-03,0,0,0,0,1,0,1,0,0,0,1,0,0,0,0,0,0,0,0,1,0,0,0,0,0,0,0,0,0,1,0,0,1,0,0,0,1,0
0,61.4,181.77,4.1,140.0,14.1,2.4,0.07142857142857142,8,1,20.3,2026-02-03,0,0,0,1,0,0,0,1,0,0,0,0,0,0,0,0,0,0,1,0,0,0,0,0,0,1,0,0,0,0,0,1,1,0,1,0,0,0
2,57.1,46.93,11.6,205.0,2.5,2.0,0.8536585365853658,9,1,13.8,2026-02-03,0,0,1,0,0,0,0,0,1,0,0,0,0,0,1,0,0,0,0,0,0,0,0,0,0,0,0,1,0,1,0,0,1,0,0,0,0,1
2,60.7,59.71,6.4,205.0,2.5,2.0,0.7804878048780488,9,1,13.8,2026-02-03,0,0,1,0,0,0,0,0,1,0,0,0,0,0,1,0,0,0,0,0,0,0,0,0,0,0,0,1,0,1,0,0,1,0,0,0,1,0
0,63.8,165.42,2.2,140.0,6.3,0.0,0.17857142857142858,14,1,11.7,2026-02-03,1,0,0,0,0,0,0,1,0,0,0,0,0,0,0,0,0,0,1,0,0,0,0,0,0,1,0,0,0,0,0,1,0,1,1,0,0,0
0,70.3,145.13,0.7,140.0,6.3,0.0,0.2857142857142857,14,1,11.7,2026-02-03,1,0,0,0,0,0,0,1,0,0,0,0,0,0,0,0,0,0,1,0,0,0,0,0,0,1,0,0,0,0,0,1,1,0,0,0,0,1
1,70.7,116.22,2.0,140.0,6.3,4.4,0.32142857142857145,15,1,11.7,2026-02-03,1,0,0,0,0,0,0,1,0,0,0,0,0,0,0,1,0,0,0,0,0,0,0,0,1,0,0,0,0,0,0,1,1,0,0,1,0,0
1,56.1,104.62,6.5,140.0,6.3,2.0,0.42857142857142855,15,1,11.7,2026-02-03,1,0,0,0,0,0,0,1,0,0,0,0,0,0,0,1,0,0,0,0,0,0,0,0,1,0,0,0,0,0,0,1,1,0,0,1,0,0
1,54.0,92.0,2.4,140.0,6.3,2.0,0.5357142857142857,15,1,11.7,2026-02-03,1,0,0,0,0,0,0,1,0,0,0,0,0,0,0,1,0,0,0,0,0,0,0,0,1,0,0,0,0,1,0,0,0,1,0,1,0,0
2,63.4,76.43,5.9,140.0,6.3,4.0,0.5714285714285714,15,1,11.7,2026-02-03,1,0,0,0,0,0,0,1,0,0,0,0,1,0,0,0,0,0,0,0,0,0,0,1,0,0,0,0,0,1,0,0,1,0,1,0,0,0
2,50.8,65.83,8.2,140.0,6.3,2.0,0.6785714285714286,15,1,11.7,2026-02-03,1,0,0,0,0,0,0,1,0,0,0,0,1,0,0,0,0,0,0,0,0,0,0,1,0,0,0,0,0,1,0,0,0,1,0,1,0,0
2,78.6,34.6,7.6,140.0,6.3,2.0,0.7857142857142857,16,1,11.7,2026-02-03,1,0,0,0,0,0,0,1,0,0,0,0,1,0,0,0,0,0,0,0,0,0,0,1,0,0,0,0,0,1,0,0,0,1,1,0,0,0
3,42.1,39.98,10.9,140.0,6.3,4.6,0.8214285714285714,16,1,11.7,2026-02-03,1,0,0,0,0,0,0,1,0,0,0,1,0,0,0,0,0,0,0,0,0,0,1,0,0,0,0,0,0,1,0,0,1,0,0,1,0,0
3,55.6,23.83,14.7,140.0,6.3,2.0,0.9285714285714286,16,1,11.7,2026-02-03,1,0,0,0,0,0,0,1,0,0,0,1,0,0,0,0,0,0,0,0,0,0,1,0,0,0,0,0,0,1,0,0,1,0,1,0,0,0
3,76.2,1.0,10.5,140.0,6.3,2.0,1.0,16,1,11.7,2026-02-03,1,0,0,0,0,0,0,1,0,0,0,1,0,0,0,0,0,0,0,0,0,0,1,0,0,0,0,0,0,1,0,0,1,0,0,0,1,0
0,71.0,173.17,-1.0,155.0,3.8,4.9,0.06451612903225806,16,1,1.5,2026-02-03,0,1,0,0,0,0,1,0,0,0,0,0,0,0,0,0,1,0,0,0,0,1,0,0,0,0,0,0,0,0,1,0,1,0,0,0,1,0
0,65.3,157.79,1.0,155.0,3.8,0.0,0.16129032258064516,16,1,1.5,2026-02-03,0,1,0,0,0,0,1,0,0,0,0,0,0,0,0,0,1,0,0,0,0,1,0,0,0,0,0,0,0,1,0,0,1,0,0,0,0,1
0,68.7,180.55,0.6,140.0,6.3,1.5,0.07142857142857142,14,1,11.7,2026-02-03,1,0,0,0,0,0,0,1,0,0,0,0,0,0,0,0,0,0,1,0,0,0,0,0,0,1,0,0,0,0,1,0,0,1,0,0,1,0
1,66.5,121.92,-0.9,155.0,3.8,4.0,0.33548387096774196,17,1,1.5,2026-02-03,0,1,0,0,0,0,1,0,0,0,1,0,0,0,0,0,0,0,0,1,0,0,0,0,0,0,0,0,0,1,0,0,1,0,0,0,1,0
0,54.0,149.0,3.1,155.0,3.8,0.0,0.25806451612903225,17,1,1.5,2026-02-03,0,1,0,0,0,0,1,0,0,0,0,0,0,0,0,0,1,0,0,0,0,1,0,0,0,0,0,0,0,1,0,0,0,1,1,0,0,0
2,51.6,76.4,9.3,205.0,2.5,5.6,0.7073170731707317,8,1,13.8,2026-02-03,0,0,1,0,0,0,0,0,1,0,0,0,0,0,1,0,0,0,0,0,0,0,0,0,0,0,0,1,0,0,0,1,0,1,0,1,0,0
1,59.3,150.47,8.5,205.0,2.5,2.0,0.4634146341463415,8,1,13.8,2026-02-03,0,0,1,0,0,0,0,0,1,1,0,0,0,0,0,0,0,0,0,0,0,0,0,0,0,0,1,0,0,1,0,0,0,1,0,1,0,0
1,68.8,161.33,10.0,205.0,2.5,2.0,0.3902439024390244,7,1,13.8,2026-02-03,0,0,1,0,0,0,0,0,1,1,0,0,0,0,0,0,0,0,0,0,0,0,0,0,0,0,1,0,0,1,0,0,1,0,0,1,0,0
0,60.1,224.93,2.3,205.0,2.5,0.0,0.1951219512195122,7,1,13.8,2026-02-03,0,0,1,0,0,0,0,0,1,0,0,0,0,0,0,0,0,1,0,0,0,0,0,0,0,0,0,0,1,0,0,1,1,0,0,1,0,0
0,71.7,235.12,-1.6,205.0,2.5,0.0,0.12195121951219512,6,1,13.8,2026-02-03,0,0,1,0,0,0,0,0,1,0,0,0,0,0,0,0,0,1,0,0,0,0,0,0,0,0,0,0,1,0,0,1,1,0,1,0,0,0
1,59.7,180.05,1.7,205.0,2.5,4.5,0.3170731707317073,7,1,13.8,2026-02-03,0,0,1,0,0,0,0,0,1,1,0,0,0,0,0,0,0,0,0,0,0,0,0,0,0,0,1,0,0,1,0,0,1,0,0,0,1,0
2,73.7,19.87,-1.0,155.0,3.8,2.0,0.8903225806451613,18,1,1.5,2026-02-03,0,1,0,0,0,0,1,0,0,0,0,0,0,1,0,0,0,0,0,0,1,0,0,0,0,0,0,0,0,0,0,1,1,0,0,0,0,1
2,60.7,43.71,3.0,155.0,3.8,2.0,0.7935483870967742,18,1,1.5,2026-02-03,0,1,0,0,0,0,1,0,0,0,0,0,0,1,0,0,0,0,0,0,1,0,0,0,0,0,0,0,0,0,0,1,1,0,0,0,1,0
2,63.5,58.42,0.8,155.0,3.8,5.5,0.6967741935483871,18,1,1.5,2026-02-03,0,1,0,0,0,0,1,0,0,0,0,0,0,1,0,0,0,0,0,0,1,0,0,0,0,0,0,0,0,0,0,1,1,0,1,0,0,0
1,50.7,99.2,0.2,155.0,3.8,2.0,0.5290322580645161,17,1,1.5,2026-02-03,0,1,0,0,0,0,1,0,0,0,1,0,0,0,0,0,0,0,0,1,0,0,0,0,0,0,0,0,0,1,0,0,1,0,0,0,0,1
1,62.6,106.92,0.0,155.0,3.8,2.0,0.432258064516129,17,1,1.5,2026-02-03,0,1,0,0,0,0,1,0,0,0,1,0,0,0,0,0,0,0,0,1,0,0,0,0,0,0,0,0,0,1,0,0,1,0,1,0,0,0
0,76.0,252.33,-1.2,205.0,2.5,3.1,0.04878048780487805,6,1,13.8,2026-02-03,0,0,1,0,0,0,0,0,1,0,0,0,0,0,0,0,0,1,0,0,0,0,0,0,0,0,0,0,1,1,0,0,0,1,1,0,0,0
3,68.0,18.67,-3.0,140.0,10.2,2.0,0.9285714285714286,11,2,1.3,2026-02-04,0,0,0,1,0,0,0,1,0,0,0,1,0,0,0,0,0,0,0,0,0,0,1,0,0,0,0,0,0,0,0,1,1,0,1,0,0,0
0,53.9,162.54,1.2,155.0,10.4,0.0,0.16129032258064516,12,2,16.6,2026-02-04,0,0,0,0,1,0,1,0,0,0,0,0,0,0,0,0,1,0,0,0,0,1,0,0,0,0,0,0,0,1,0,0,1,0,0,1,0,0
0,76.6,172.23,0.6,155.0,10.4,3.1,0.06451612903225806,11,2,16.6,2026-02-04,0,0,0,0,1,0,1,0,0,0,0,0,0,0,0,0,1,0,0,0,0,1,0,0,0,0,0,0,0,0,1,0,1,0,0,1,0,0
3,76.9,1.0,4.6,140.0,10.2,2.0,1.0,12,2,1.3,2026-02-04,0,0,0,1,0,0,0,1,0,0,0,1,0,0,0,0,0,0,0,0,0,0,1,0,0,0,0,0,0,1,0,0,1,0,0,1,0,0
3,65.7,36.05,3.2,140.0,10.2,4.5,0.8214285714285714,11,2,1.3,2026-02-04,0,0,0,1,0,0,0,1,0,0,0,1,0,0,0,0,0,0,0,0,0,0,1,0,0,0,0,0,0,1,0,0,0,1,0,1,0,0
1,68.2,116.63,-0.6,140.0,10.2,4.5,0.32142857142857145,10,2,1.3,2026-02-04,0,0,0,1,0,0,0,1,0,0,0,0,0,0,0,1,0,0,0,0,0,0,0,0,1,0,0,0,0,1,0,0,1,0,0,1,0,0
2,82.4,52.67,0.6,140.0,10.2,2.0,0.6785714285714286,11,2,1.3,2026-02-04,0,0,0,1,0,0,0,1,0,0,0,0,1,0,0,0,0,0,0,0,0,0,0,1,0,0,0,0,0,0,1,0,1,0,1,0,0,0
2,69.7,75.38,-1.2,140.0,10.2,4.4,0.5714285714285714,10,2,1.3,2026-02-04,0,0,0,1,0,0,0,1,0,0,0,0,1,0,0,0,0,0,0,0,0,0,0,1,0,0,0,0,0,1,0,0,0,1,0,0,0,1
1,76.1,77.27,-1.6,140.0,10.2,2.0,0.5357142857142857,10,2,1.3,2026-02-04,0,0,0,1,0,0,0,1,0,0,0,0,0,0,0,1,0,0,0,0,0,0,0,0,1,0,0,0,0,1,0,0,1,0,0,0,1,0
1,80.9,94.29,-0.8,140.0,10.2,2.0,0.42857142857142855,10,2,1.3,2026-02-04,0,0,0,1,0,0,0,1,0,0,0,0,0,0,0,1,0,0,0,0,0,0,0,0,1,0,0,0,0,1,0,0,0,1,0,1,0,0
0,76.2,134.2,3.7,155.0,10.4,0.0,0.25806451612903225,12,2,16.6,2026-02-04,0,0,0,0,1,0,1,0,0,0,0,0,0,0,0,0,1,0,0,0,0,1,0,0,0,0,0,0,0,0,1,0,1,0,0,1,0,0
2,65.8,43.13,2.7,140.0,10.2,2.0,0.7857142857142857,11,2,1.3,2026-02-04,0,0,0,1,0,0,0,1,0,0,0,0,1,0,0,0,0,0,0,0,0,0,0,1,0,0,0,0,0,0,0,1,1,0,0,0,0,1
1,68.8,121.53,8.1,155.0,10.4,5.4,0.33548387096774196,12,2,16.6,2026-02-04,0,0,0,0,1,0,1,0,0,0,1,0,0,0,0,0,0,0,0,1,0,0,0,0,0,0,0,0,0,1,0,0,0,1,0,0,0,1
0,58.5,240.62,3.3,205.0,15.7,0.0,0.12195121951219512,13,2,17.2,2026-02-04,0,0,0,0,0,1,0,0,1,0,0,0,0,0,0,0,0,1,0,0,0,0,0,0,0,0,0,0,1,0,1,0,1,0,0,0,0,1
1,58.5,94.0,11.5,155.0,10.4,2.0,0.5290322580645161,13,2,16.6,2026-02-04,0,0,0,0,1,0,1,0,0,0,1,0,0,0,0,0,0,0,0,1,0,0,0,0,0,0,0,0,0,1,0,0,1,0,0,0,0,1
2,52.0,60.33,13.1,155.0,10.4,3.9,0.6967741935483871,13,2,16.6,2026-02-04,0,0,0,0,1,0,1,0,0,0,0,0,0,1,0,0,0,0,0,0,1,0,0,0,0,0,0,0,0,1,0,0,1,0,0,0,1,0
2,52.7,47.04,8.0,155.0,10.4,2.0,0.7935483870967742,13,2,16.6,2026-02-04,0,0,0,0,1,0,1,0,0,0,0,0,0,1,0,0,0,0,0,0,1,0,0,0,0,0,0,0,0,0,1,0,0,1,0,0,0,1
2,49.6,35.93,15.3,155.0,10.4,2.0,0.8903225806451613,14,2,16.6,2026-02-04,0,0,0,0,1,0,1,0,0,0,0,0,0,1,0,0,0,0,0,0,1,0,0,0,0,0,0,0,0,0,1,0,1,0,0,1,0,0
0,66.1,253.98,-0.0,205.0,15.7,2.8,0.04878048780487805,13,2,17.2,2026-02-04,0,0,0,0,0,1,0,0,1,0,0,0,0,0,0,0,0,1,0,0,0,0,0,0,0,0,0,0,1,0,1,0,0,1,0,0,0,1
0,60.8,224.47,5.1,205.0,15.7,0.0,0.1951219512195122,14,2,17.2,2026-02-04,0,0,0,0,0,1,0,0,1,0,0,0,0,0,0,0,0,1,0,0,0,0,0,0,0,0,0,0,1,1,0,0,1,0,0,0,0,1
1,67.4,178.77,1.7,205.0,15.7,5.0,0.3170731707317073,14,2,17.2,2026-02-04,0,0,0,0,0,1,0,0,1,1,0,0,0,0,0,0,0,0,0,0,0,0,0,0,0,0,1,0,0,0,1,0,1,0,0,0,0,1
1,57.4,166.08,7.0,205.0,15.7,2.0,0.3902439024390244,14,2,17.2,2026-02-04,0,0,0,0,0,1,0,0,1,1,0,0,0,0,0,0,0,0,0,0,0,0,0,0,0,0,1,0,0,0,0,1,1,0,1,0,0,0
1,68.5,144.33,7.3,205.0,15.7,2.0,0.4634146341463415,14,2,17.2,2026-02-04,0,0,0,0,0,1,0,0,1,1,0,0,0,0,0,0,0,0,0,0,0,0,0,0,0,0,1,0,0,1,0,0,1,0,0,0,1,0
2,62.2,74.63,10.8,205.0,15.7,4.8,0.7073170731707317,15,2,17.2,2026-02-04,0,0,0,0,0,1,0,0,1,0,0,0,0,0,1,0,0,0,0,0,0,0,0,0,0,0,0,1,0,0,1,0,0,1,0,1,0,0
2,56.3,61.54,13.2,205.0,15.7,2.0,0.7804878048780488,16,2,17.2,2026-02-04,0,0,0,0,0,1,0,0,1,0,0,0,0,0,1,0,0,0,0,0,0,0,0,0,0,0,0,1,0,0,0,1,1,0,0,1,0,0
2,55.3,48.13,18.1,205.0,15.7,2.0,0.8536585365853658,16,2,17.2,2026-02-04,0,0,0,0,0,1,0,0,1,0,0,0,0,0,1,0,0,0,0,0,0,0,0,0,0,0,0,1,0,0,0,1,1,0,0,1,0,0
0,84.5,135.67,-0.8,140.0,10.2,0.0,0.2857142857142857,10,2,1.3,2026-02-04,0,0,0,1,0,0,0,1,0,0,0,0,0,0,0,0,0,0,1,0,0,0,0,0,0,1,0,0,0,0,0,1,1,0,1,0,0,0
1,69.1,104.21,5.9,155.0,10.4,2.0,0.432258064516129,12,2,16.6,2026-02-04,0,0,0,0,1,0,1,0,0,0,1,0,0,0,0,0,0,0,0,1,0,0,0,0,0,0,0,0,0,0,1,0,1,0,0,0,1,0
0,84.1,156.96,1.5,140.0,10.2,0.0,0.17857142857142858,10,2,1.3,2026-02-04,0,0,0,1,0,0,0,1,0,0,0,0,0,0,0,0,0,0,1,0,0,0,0,0,0,1,0,0,0,1,0,0,0,1,0,1,0,0
0,72.7,179.88,3.4,140.0,10.2,1.5,0.07142857142857142,9,2,1.3,2026-02-04,0,0,0,1,0,0,0,1,0,0,0,0,0,0,0,0,0,0,1,0,0,0,0,0,0,1,0,0,0,0,1,0,1,0,1,0,0,0
2,46.4,54.07,19.1,205.0,11.6,2.0,0.8536585365853658,10,2,19.8,2026-02-04,0,0,1,0,0,0,0,0,1,0,0,0,0,0,1,0,0,0,0,0,0,0,0,0,0,0,0,1,0,1,0,0,0,1,0,1,0,0
0,76.2,160.25,3.7,140.0,7.4,0.0,0.17857142857142858,15,2,10.6,2026-02-04,1,0,0,0,0,0,0,1,0,0,0,0,0,0,0,0,0,0,1,0,0,0,0,0,0,1,0,0,0,0,0,1,1,0,0,1,0,0
0,66.0,148.0,5.8,140.0,7.4,0.0,0.2857142857142857,15,2,10.6,2026-02-04,1,0,0,0,0,0,0,1,0,0,0,0,0,0,0,0,0,0,1,0,0,0,0,0,0,1,0,0,0,0,0,1,1,0,0,0,0,1
1,77.5,115.08,2.2,140.0,7.4,4.6,0.32142857142857145,16,2,10.6,2026-02-04,1,0,0,0,0,0,0,1,0,0,0,0,0,0,0,1,0,0,0,0,0,0,0,0,1,0,0,0,0,0,0,1,0,1,0,1,0,0
1,63.7,101.46,3.0,140.0,7.4,2.0,0.42857142857142855,16,2,10.6,2026-02-04,1,0,0,0,0,0,0,1,0,0,0,0,0,0,0,1,0,0,0,0,0,0,0,0,1,0,0,0,0,0,1,0,1,0,0,0,1,0
1,73.7,78.87,10.8,140.0,7.4,2.0,0.5357142857142857,16,2,10.6,2026-02-04,1,0,0,0,0,0,0,1,0,0,0,0,0,0,0,1,0,0,0,0,0,0,0,0,1,0,0,0,0,0,0,1,0,1,0,1,0,0
2,60.2,76.97,5.2,140.0,7.4,4.4,0.5714285714285714,16,2,10.6,2026-02-04,1,0,0,0,0,0,0,1,0,0,0,0,1,0,0,0,0,0,0,0,0,0,0,1,0,0,0,0,0,1,0,0,1,0,0,0,0,1
2,78.4,54.33,2.7,140.0,7.4,2.0,0.6785714285714286,16,2,10.6,2026-02-04,1,0,0,0,0,0,0,1,0,0,0,0,1,0,0,0,0,0,0,0,0,0,0,1,0,0,0,0,0,0,1,0,1,0,0,0,0,1
2,64.9,43.73,8.8,140.0,7.4,2.0,0.7857142857142857,17,2,10.6,2026-02-04,1,0,0,0,0,0,0,1,0,0,0,0,1,0,0,0,0,0,0,0,0,0,0,1,0,0,0,0,0,1,0,0,1,0,0,0,0,1
3,60.1,36.98,9.9,140.0,7.4,5.4,0.8214285714285714,17,2,10.6,2026-02-04,1,0,0,0,0,0,0,1,0,0,0,1,0,0,0,0,0,0,0,0,0,0,1,0,0,0,0,0,0,1,0,0,1,0,0,0,0,1
3,48.6,26.75,5.1,140.0,7.4,2.0,0.9285714285714286,17,2,10.6,2026-02-04,1,0,0,0,0,0,0,1,0,0,0,1,0,0,0,0,0,0,0,0,0,0,1,0,0,0,0,0,0,0,0,1,0,1,1,0,0,0
3,59.1,7.6,8.7,140.0,7.4,2.0,1.0,17,2,10.6,2026-02-04,1,0,0,0,0,0,0,1,0,0,0,1,0,0,0,0,0,0,0,0,0,0,1,0,0,0,0,0,0,1,0,0,0,1,0,0,0,1
0,71.9,173.02,2.1,155.0,10.2,2.3,0.06451612903225806,5,2,8.4,2026-02-04,0,1,0,0,0,0,1,0,0,0,0,0,0,0,0,0,1,0,0,0,0,1,0,0,0,0,0,0,0,1,0,0,1,0,0,1,0,0
0,70.8,155.5,2.9,155.0,10.2,0.0,0.16129032258064516,5,2,8.4,2026-02-04,0,1,0,0,0,0,1,0,0,0,0,0,0,0,0,0,1,0,0,0,0,1,0,0,0,0,0,0,0,0,1,0,1,0,0,1,0,0
0,80.8,131.13,1.7,155.0,10.2,0.0,0.25806451612903225,6,2,8.4,2026-02-04,0,1,0,0,0,0,1,0,0,0,0,0,0,0,0,0,1,0,0,0,0,1,0,0,0,0,0,0,0,1,0,0,0,1,0,0,0,1
0,64.9,181.18,4.8,140.0,7.4,2.3,0.07142857142857142,15,2,10.6,2026-02-04,1,0,0,0,0,0,0,1,0,0,0,0,0,0,0,0,0,0,1,0,0,0,0,0,0,1,0,0,0,0,1,0,0,1,0,1,0,0
1,91.7,94.79,2.3,155.0,10.2,2.0,0.432258064516129,6,2,8.4,2026-02-04,0,1,0,0,0,0,1,0,0,0,1,0,0,0,0,0,0,0,0,1,0,0,0,0,0,0,0,0,0,0,0,1,1,0,0,0,0,1
2,53.9,62.54,16.1,205.0,11.6,2.0,0.7804878048780488,10,2,19.8,2026-02-04,0,0,1,0,0,0,0,0,1,0,0,0,0,0,1,0,0,0,0,0,0,0,0,0,0,0,0,1,0,0,0,1,1,0,1,0,0,0
2,71.3,73.12,13.0,205.0,11.6,5.7,0.7073170731707317,9,2,19.8,2026-02-04,0,0,1,0,0,0,0,0,1,0,0,0,0,0,1,0,0,0,0,0,0,0,0,0,0,0,0,1,0,1,0,0,0,1,1,0,0,0
1,45.7,159.53,10.2,205.0,11.6,2.0,0.4634146341463415,9,2,19.8,2026-02-04,0,0,1,0,0,0,0,0,1,1,0,0,0,0,0,0,0,0,0,0,0,0,0,0,0,0,1,0,0,0,0,1,1,0,0,0,1,0
1,59.6,123.07,2.8,155.0,10.2,4.6,0.33548387096774196,6,2,8.4,2026-02-04,0,1,0,0,0,0,1,0,0,0,1,0,0,0,0,0,0,0,0,1,0,0,0,0,0,0,0,0,0,0,0,1,0,1,0,1,0,0
1,59.8,180.03,1.5,205.0,11.6,4.8,0.3170731707317073,8,2,19.8,2026-02-04,0,0,1,0,0,0,0,0,1,1,0,0,0,0,0,0,0,0,0,0,0,0,0,0,0,0,1,0,0,1,0,0,1,0,0,0,1,0
0,64.7,221.87,1.6,205.0,11.6,0.0,0.1951219512195122,8,2,19.8,2026-02-04,0,0,1,0,0,0,0,0,1,0,0,0,0,0,0,0,0,1,0,0,0,0,0,0,0,0,0,0,1,0,1,0,1,0,0,1,0,0
1,60.7,164.71,2.2,205.0,11.6,2.0,0.3902439024390244,8,2,19.8,2026-02-04,0,0,1,0,0,0,0,0,1,1,0,0,0,0,0,0,0,0,0,0,0,0,0,0,0,0,1,0,0,1,0,0,1,0,0,0,1,0
0,65.0,254.17,-1.2,205.0,11.6,2.9,0.04878048780487805,7,2,19.8,2026-02-04,0,0,1,0,0,0,0,0,1,0,0,0,0,0,0,0,0,1,0,0,0,0,0,0,0,0,0,0,1,1,0,0,1,0,0,0,0,1
2,70.6,21.93,7.8,155.0,10.2,2.0,0.8903225806451613,7,2,8.4,2026-02-04,0,1,0,0,0,0,1,0,0,0,0,0,0,1,0,0,0,0,0,0,1,0,0,0,0,0,0,0,0,0,0,1,0,1,0,0,1,0
2,68.6,40.42,8.9,155.0,10.2,2.0,0.7935483870967742,7,2,8.4,2026-02-04,0,1,0,0,0,0,1,0,0,0,0,0,0,1,0,0,0,0,0,0,1,0,0,0,0,0,0,0,0,1,0,0,0,1,0,0,1,0
2,49.6,60.73,5.0,155.0,10.2,5.4,0.6967741935483871,7,2,8.4,2026-02-04,0,1,0,0,0,0,1,0,0,0,0,0,0,1,0,0,0,0,0,0,1,0,0,0,0,0,0,0,0,0,1,0,1,0,0,0,1,0
1,75.5,82.67,7.2,155.0,10.2,2.0,0.5290322580645161,6,2,8.4,2026-02-04,0,1,0,0,0,0,1,0,0,0,1,0,0,0,0,0,0,0,0,1,0,0,0,0,0,0,0,0,0,1,0,0,1,0,0,1,0,0
0,75.0,233.75,1.8,205.0,11.6,0.0,0.12195121951219512,7,2,19.8,2026-02-04,0,0,1,0,0,0,0,0,1,0,0,0,0,0,0,0,0,1,0,0,0,0,0,0,0,0,0,0,1,0,0,1,1,0,0,1,0,0
0,55.6,161.83,3.4,155.0,2.3,0.0,0.16129032258064516,13,3,7.6,2026-02-05,0,0,0,0,1,0,1,0,0,0,0,0,0,0,0,0,1,0,0,0,0,1,0,0,0,0,0,0,0,0,1,0,0,1,0,0,0,1
0,83.9,171.02,0.9,155.0,2.3,0.5,0.06451612903225806,12,3,7.6,2026-02-05,0,0,0,0,1,0,1,0,0,0,0,0,0,0,0,0,1,0,0,0,0,1,0,0,0,0,0,0,0,1,0,0,1,0,0,1,0,0
3,70.9,1.0,-3.0,140.0,4.9,2.0,1.0,13,3,-2.0,2026-02-05,0,0,0,1,0,0,0,1,0,0,0,1,0,0,0,0,0,0,0,0,0,0,1,0,0,0,0,0,0,0,1,0,1,0,1,0,0,0
3,49.0,26.58,-1.7,140.0,4.9,2.0,0.9285714285714286,12,3,-2.0,2026-02-05,0,0,0,1,0,0,0,1,0,0,0,1,0,0,0,0,0,0,0,0,0,0,1,0,0,0,0,0,0,1,0,0,0,1,0,1,0,0
3,53.6,38.07,0.5,140.0,4.9,4.7,0.8214285714285714,12,3,-2.0,2026-02-05,0,0,0,1,0,0,0,1,0,0,0,1,0,0,0,0,0,0,0,0,0,0,1,0,0,0,0,0,0,0,1,0,0,1,0,0,0,1
0,59.9,152.07,-2.5,140.0,4.9,0.0,0.2857142857142857,11,3,-2.0,2026-02-05,0,0,0,1,0,0,0,1,0,0,0,0,0,0,0,0,0,0,1,0,0,0,0,0,0,1,0,0,0,1,0,0,1,0,0,1,0,0
2,62.1,61.12,-2.7,140.0,4.9,2.0,0.6785714285714286,12,3,-2.0,2026-02-05,0,0,0,1,0,0,0,1,0,0,0,0,1,0,0,0,0,0,0,0,0,0,0,1,0,0,0,0,0,0,0,1,1,0,0,1,0,0
2,80.2,73.63,-3.0,140.0,4.9,4.0,0.5714285714285714,11,3,-2.0,2026-02-05,0,0,0,1,0,0,0,1,0,0,0,0,1,0,0,0,0,0,0,0,0,0,0,1,0,0,0,0,0,1,0,0,0,1,0,1,0,0
1,68.0,82.67,-3.0,140.0,4.9,2.0,0.5357142857142857,11,3,-2.0,2026-02-05,0,0,0,1,0,0,0,1,0,0,0,0,0,0,0,1,0,0,0,0,0,0,0,0,1,0,0,0,0,0,1,0,1,0,0,0,0,1
1,64.7,101.04,1.8,140.0,4.9,2.0,0.42857142857142855,11,3,-2.0,2026-02-05,0,0,0,1,0,0,0,1,0,0,0,0,0,0,0,1,0,0,0,0,0,0,0,0,1,0,0,0,0,1,0,0,0,1,0,0,1,0
1,82.0,114.33,-2.2,140.0,4.9,2.8,0.32142857142857145,11,3,-2.0,2026-02-05,0,0,0,1,0,0,0,1,0,0,0,0,0,0,0,1,0,0,0,0,0,0,0,0,1,0,0,0,0,0,0,1,1,0,0,0,1,0
0,60.8,144.47,5.2,155.0,2.3,0.0,0.25806451612903225,13,3,7.6,2026-02-05,0,0,0,0,1,0,1,0,0,0,0,0,0,0,0,0,1,0,0,0,0,1,0,0,0,0,0,0,0,1,0,0,1,0,1,0,0,0
2,68.2,41.53,-1.2,140.0,4.9,2.0,0.7857142857142857,12,3,-2.0,2026-02-05,0,0,0,1,0,0,0,1,0,0,0,0,1,0,0,0,0,0,0,0,0,0,0,1,0,0,0,0,0,1,0,0,1,0,1,0,0,0
1,57.3,123.45,4.5,155.0,2.3,5.1,0.33548387096774196,13,3,7.6,2026-02-05,0,0,0,0,1,0,1,0,0,0,1,0,0,0,0,0,0,0,0,1,0,0,0,0,0,0,0,0,0,0,1,0,1,0,0,1,0,0
0,71.1,235.38,-1.0,205.0,11.1,0.0,0.12195121951219512,14,3,1.6,2026-02-05,0,0,0,0,0,1,0,0,1,0,0,0,0,0,0,0,0,1,0,0,0,0,0,0,0,0,0,0,1,1,0,0,1,0,1,0,0,0
1,56.3,95.47,4.3,155.0,2.3,2.0,0.5290322580645161,14,3,7.6,2026-02-05,0,0,0,0,1,0,1,0,0,0,1,0,0,0,0,0,0,0,0,1,0,0,0,0,0,0,0,0,0,1,0,0,1,0,0,1,0,0
2,59.2,59.13,7.0,155.0,2.3,4.5,0.6967741935483871,14,3,7.6,2026-02-05,0,0,0,0,1,0,1,0,0,0,0,0,0,1,0,0,0,0,0,0,1,0,0,0,0,0,0,0,0,0,1,0,1,0,1,0,0,0
2,77.6,36.67,5.7,155.0,2.3,2.0,0.7935483870967742,14,3,7.6,2026-02-05,0,0,0,0,1,0,1,0,0,0,0,0,0,1,0,0,0,0,0,0,1,0,0,0,0,0,0,0,0,0,1,0,1,0,1,0,0,0
2,43.7,39.87,8.7,155.0,2.3,2.0,0.8903225806451613,15,3,7.6,2026-02-05,0,0,0,0,1,0,1,0,0,0,0,0,0,1,0,0,0,0,0,0,1,0,0,0,0,0,0,0,0,0,1,0,1,0,1,0,0,0
0,75.3,252.45,-0.8,205.0,11.1,3.0,0.04878048780487805,14,3,1.6,2026-02-05,0,0,0,0,0,1,0,0,1,0,0,0,0,0,0,0,0,1,0,0,0,0,0,0,0,0,0,0,1,0,0,1,0,1,0,1,0,0
0,70.7,217.87,2.4,205.0,11.1,0.0,0.1951219512195122,15,3,1.6,2026-02-05,0,0,0,0,0,1,0,0,1,0,0,0,0,0,0,0,0,1,0,0,0,0,0,0,0,0,0,0,1,1,0,0,0,1,1,0,0,0
1,69.5,178.42,2.7,205.0,11.1,5.1,0.3170731707317073,15,3,1.6,2026-02-05,0,0,0,0,0,1,0,0,1,1,0,0,0,0,0,0,0,0,0,0,0,0,0,0,0,0,1,0,0,0,0,1,1,0,1,0,0,0
1,67.7,161.79,-1.4,205.0,11.1,2.0,0.3902439024390244,15,3,1.6,2026-02-05,0,0,0,0,0,1,0,0,1,1,0,0,0,0,0,0,0,0,0,0,0,0,0,0,0,0,1,0,0,0,0,1,1,0,0,1,0,0
1,53.8,154.13,1.0,205.0,11.1,2.0,0.4634146341463415,15,3,1.6,2026-02-05,0,0,0,0,0,1,0,0,1,1,0,0,0,0,0,0,0,0,0,0,0,0,0,0,0,0,1,0,0,1,0,0,1,0,0,0,0,1
2,72.4,72.93,-3.0,205.0,11.1,4.2,0.7073170731707317,16,3,1.6,2026-02-05,0,0,0,0,0,1,0,0,1,0,0,0,0,0,1,0,0,0,0,0,0,0,0,0,0,0,0,1,0,1,0,0,1,0,1,0,0,0
2,77.1,52.88,2.7,205.0,11.1,2.0,0.7804878048780488,17,3,1.6,2026-02-05,0,0,0,0,0,1,0,0,1,0,0,0,0,0,1,0,0,0,0,0,0,0,0,0,0,0,0,1,0,0,1,0,1,0,0,1,0,0
2,58.1,46.27,1.6,205.0,11.1,2.0,0.8536585365853658,17,3,1.6,2026-02-05,0,0,0,0,0,1,0,0,1,0,0,0,0,0,1,0,0,0,0,0,0,0,0,0,0,0,0,1,0,0,1,0,1,0,0,0,0,1
0,67.4,163.92,0.9,140.0,4.9,0.0,0.17857142857142858,11,3,-2.0,2026-02-05,0,0,0,1,0,0,0,1,0,0,0,0,0,0,0,0,0,0,1,0,0,0,0,0,0,1,0,0,0,0,1,0,1,0,0,0,0,1
1,47.7,113.12,5.9,155.0,2.3,2.0,0.432258064516129,13,3,7.6,2026-02-05,0,0,0,0,1,0,1,0,0,0,1,0,0,0,0,0,0,0,0,1,0,0,0,0,0,0,0,0,0,0,1,0,0,1,0,1,0,0
0,82.6,178.23,-3.0,140.0,4.9,2.3,0.07142857142857142,10,3,-2.0,2026-02-05,0,0,0,1,0,0,0,1,0,0,0,0,0,0,0,0,0,0,1,0,0,0,0,0,0,1,0,0,0,0,1,0,1,0,0,0,1,0
2,42.8,56.47,7.0,205.0,5.7,2.0,0.8536585365853658,11,3,10.2,2026-02-05,0,0,1,0,0,0,0,0,1,0,0,0,0,0,1,0,0,0,0,0,0,0,0,0,0,0,0,1,0,0,0,1,0,1,0,1,0,0
2,73.1,54.54,9.6,205.0,5.7,2.0,0.7804878048780488,11,3,10.2,2026-02-05,0,0,1,0,0,0,0,0,1,0,0,0,0,0,1,0,0,0,0,0,0,0,0,0,0,0,0,1,0,1,0,0,1,0,0,1,0,0
0,64.0,181.33,0.0,140.0,1.2,1.9,0.07142857142857142,16,3,3.5,2026-02-05,1,0,0,0,0,0,0,1,0,0,0,0,0,0,0,0,0,0,1,0,0,0,0,0,0,1,0,0,0,0,1,0,0,1,0,1,0,0
0,76.4,160.17,3.3,140.0,1.2,0.0,0.17857142857142858,16,3,3.5,2026-02-05,1,0,0,0,0,0,0,1,0,0,0,0,0,0,0,0,0,0,1,0,0,0,0,0,0,1,0,0,0,1,0,0,0,1,0,0,1,0
0,43.4,163.07,1.9,140.0,1.2,0.0,0.2857142857142857,16,3,3.5,2026-02-05,1,0,0,0,0,0,0,1,0,0,0,0,0,0,0,0,0,0,1,0,0,0,0,0,0,1,0,0,0,0,0,1,0,1,0,0,0,1
1,52.5,119.25,5.8,140.0,1.2,3.5,0.32142857142857145,17,3,3.5,2026-02-05,1,0,0,0,0,0,0,1,0,0,0,0,0,0,0,1,0,0,0,0,0,0,0,0,1,0,0,0,0,0,0,1,1,0,1,0,0,0
1,87.0,91.75,-1.9,140.0,1.2,2.0,0.42857142857142855,17,3,3.5,2026-02-05,1,0,0,0,0,0,0,1,0,0,0,0,0,0,0,1,0,0,0,0,0,0,0,0,1,0,0,0,0,0,1,0,1,0,1,0,0,0
1,73.3,79.13,-1.0,140.0,1.2,2.0,0.5357142857142857,17,3,3.5,2026-02-05,1,0,0,0,0,0,0,1,0,0,0,0,0,0,0,1,0,0,0,0,0,0,0,0,1,0,0,0,0,1,0,0,1,0,0,1,0,0
2,78.9,73.85,5.8,140.0,1.2,5.6,0.5714285714285714,17,3,3.5,2026-02-05,1,0,0,0,0,0,0,1,0,0,0,0,1,0,0,0,0,0,0,0,0,0,0,1,0,0,0,0,0,1,0,0,0,1,1,0,0,0
2,51.3,52.8,4.1,140.0,1.2,2.0,0.7857142857142857,18,3,3.5,2026-02-05,1,0,0,0,0,0,0,1,0,0,0,0,1,0,0,0,0,0,0,0,0,0,0,1,0,0,0,0,0,0,0,1,1,0,0,0,1,0
3,54.8,37.87,3.8,140.0,1.2,4.1,0.8214285714285714,18,3,3.5,2026-02-05,1,0,0,0,0,0,0,1,0,0,0,1,0,0,0,0,0,0,0,0,0,0,1,0,0,0,0,0,0,0,1,0,0,1,0,0,0,1
3,61.2,21.5,3.6,140.0,1.2,2.0,0.9285714285714286,18,3,3.5,2026-02-05,1,0,0,0,0,0,0,1,0,0,0,1,0,0,0,0,0,0,0,0,0,0,1,0,0,0,0,0,0,0,1,0,1,0,0,1,0,0
3,50.6,13.27,6.2,140.0,1.2,2.0,1.0,18,3,3.5,2026-02-05,1,0,0,0,0,0,0,1,0,0,0,1,0,0,0,0,0,0,0,0,0,0,1,0,0,0,0,0,0,1,0,0,1,0,0,0,0,1
0,72.5,172.92,0.0,155.0,1.8,3.3,0.06451612903225806,6,3,9.9,2026-02-05,0,1,0,0,0,0,1,0,0,0,0,0,0,0,0,0,1,0,0,0,0,1,0,0,0,0,0,0,0,1,0,0,0,1,0,0,0,1
0,55.2,162.0,1.1,155.0,1.8,0.0,0.16129032258064516,6,3,9.9,2026-02-05,0,1,0,0,0,0,1,0,0,0,0,0,0,0,0,0,1,0,0,0,0,1,0,0,0,0,0,0,0,0,1,0,1,0,0,0,0,1
2,59.4,62.25,0.3,140.0,1.2,2.0,0.6785714285714286,17,3,3.5,2026-02-05,1,0,0,0,0,0,0,1,0,0,0,0,1,0,0,0,0,0,0,0,0,0,0,1,0,0,0,0,0,1,0,0,1,0,0,1,0,0
1,70.3,121.28,2.5,155.0,1.8,6.0,0.33548387096774196,7,3,9.9,2026-02-05,0,1,0,0,0,0,1,0,0,0,1,0,0,0,0,0,0,0,0,1,0,0,0,0,0,0,0,0,0,0,1,0,1,0,0,1,0,0
0,80.9,131.07,1.6,155.0,1.8,0.0,0.25806451612903225,7,3,9.9,2026-02-05,0,1,0,0,0,0,1,0,0,0,0,0,0,0,0,0,1,0,0,0,0,1,0,0,0,0,0,0,0,0,0,1,1,0,0,0,1,0
1,58.4,151.07,6.4,205.0,5.7,2.0,0.4634146341463415,10,3,10.2,2026-02-05,0,0,1,0,0,0,0,0,1,1,0,0,0,0,0,0,0,0,0,0,0,0,0,0,0,0,1,0,0,0,1,0,1,0,0,0,1,0
1,82.9,155.46,4.3,205.0,5.7,2.0,0.3902439024390244,9,3,10.2,2026-02-05,0,0,1,0,0,0,0,0,1,1,0,0,0,0,0,0,0,0,0,0,0,0,0,0,0,0,1,0,0,0,0,1,1,0,0,0,1,0
1,43.6,182.73,3.5,205.0,5.7,4.8,0.3170731707317073,9,3,10.2,2026-02-05,0,0,1,0,0,0,0,0,1,1,0,0,0,0,0,0,0,0,0,0,0,0,0,0,0,0,1,0,0,0,1,0,0,1,0,1,0,0
0,61.5,224.0,2.7,205.0,5.7,0.0,0.1951219512195122,9,3,10.2,2026-02-05,0,0,1,0,0,0,0,0,1,0,0,0,0,0,0,0,0,1,0,0,0,0,0,0,0,0,0,0,1,0,0,1,0,1,0,0,0,1
0,59.7,240.12,1.5,205.0,5.7,0.0,0.12195121951219512,8,3,10.2,2026-02-05,0,0,1,0,0,0,0,0,1,0,0,0,0,0,0,0,0,1,0,0,0,0,0,0,0,0,0,0,1,1,0,0,1,0,1,0,0,0
2,68.2,73.63,7.1,205.0,5.7,3.4,0.7073170731707317,10,3,10.2,2026-02-05,0,0,1,0,0,0,0,0,1,0,0,0,0,0,1,0,0,0,0,0,0,0,0,0,0,0,0,1,0,1,0,0,0,1,0,0,0,1
2,62.4,27.4,9.6,155.0,1.8,2.0,0.8903225806451613,8,3,9.9,2026-02-05,0,1,0,0,0,0,1,0,0,0,0,0,0,1,0,0,0,0,0,0,1,0,0,0,0,0,0,0,0,0,1,0,1,0,0,1,0,0
2,59.8,44.08,8.8,155.0,1.8,2.0,0.7935483870967742,8,3,9.9,2026-02-05,0,1,0,0,0,0,1,0,0,0,0,0,0,1,0,0,0,0,0,0,1,0,0,0,0,0,0,0,0,1,0,0,1,0,0,1,0,0
2,55.2,59.8,6.0,155.0,1.8,4.3,0.6967741935483871,8,3,9.9,2026-02-05,0,1,0,0,0,0,1,0,0,0,0,0,0,1,0,0,0,0,0,0,1,0,0,0,0,0,0,0,0,0,1,0,0,1,0,1,0,0
1,58.8,93.8,8.4,155.0,1.8,2.0,0.5290322580645161,7,3,9.9,2026-02-05,0,1,0,0,0,0,1,0,0,0,1,0,0,0,0,0,0,0,0,1,0,0,0,0,0,0,0,0,0,1,0,0,1,0,0,0,1,0
1,56.7,109.38,5.0,155.0,1.8,2.0,0.432258064516129,7,3,9.9,2026-02-05,0,1,0,0,0,0,1,0,0,0,1,0,0,0,0,0,0,0,0,1,0,0,0,0,0,0,0,0,0,0,0,1,1,0,1,0,0,0
0,55.3,255.78,4.2,205.0,5.7,2.6,0.04878048780487805,8,3,10.2,2026-02-05,0,0,1,0,0,0,0,0,1,0,0,0,0,0,0,0,0,1,0,0,0,0,0,0,0,0,0,0,1,0,0,1,1,0,0,0,0,1
0,84.9,128.4,3.8,155.0,9.4,0.0,0.25806451612903225,14,4,17.5,2026-02-06,0,0,0,0,1,0,1,0,0,0,0,0,0,0,0,0,1,0,0,0,0,1,0,0,0,0,0,0,0,1,0,0,1,0,0,1,0,0
0,64.3,158.21,2.0,155.0,9.4,0.0,0.16129032258064516,14,4,17.5,2026-02-06,0,0,0,0,1,0,1,0,0,0,0,0,0,0,0,0,1,0,0,0,0,1,0,0,0,0,0,0,0,1,0,0,1,0,0,1,0,0
0,64.3,174.28,-1.6,155.0,9.4,1.8,0.06451612903225806,13,4,17.5,2026-02-06,0,0,0,0,1,0,1,0,0,0,0,0,0,0,0,0,1,0,0,0,0,1,0,0,0,0,0,0,0,0,0,1,1,0,0,1,0,0
3,74.4,1.0,0.7,140.0,1.7,2.0,1.0,14,4,-0.5,2026-02-06,0,0,0,1,0,0,0,1,0,0,0,1,0,0,0,0,0,0,0,0,0,0,1,0,0,0,0,0,0,1,0,0,1,0,1,0,0,0
3,69.3,18.12,-1.9,140.0,1.7,2.0,0.9285714285714286,13,4,-0.5,2026-02-06,0,0,0,1,0,0,0,1,0,0,0,1,0,0,0,0,0,0,0,0,0,0,1,0,0,0,0,0,0,1,0,0,0,1,0,0,0,1
3,61.2,36.8,0.2,140.0,1.7,5.2,0.8214285714285714,13,4,-0.5,2026-02-06,0,0,0,1,0,0,0,1,0,0,0,1,0,0,0,0,0,0,0,0,0,0,1,0,0,0,0,0,0,1,0,0,0,1,0,1,0,0
1,69.9,81.4,2.3,140.0,1.7,2.0,0.5357142857142857,12,4,-0.5,2026-02-06,0,0,0,1,0,0,0,1,0,0,0,0,0,0,0,1,0,0,0,0,0,0,0,0,1,0,0,0,0,0,0,1,0,1,0,1,0,0
2,76.7,55.04,-3.0,140.0,1.7,2.0,0.6785714285714286,13,4,-0.5,2026-02-06,0,0,0,1,0,0,0,1,0,0,0,0,1,0,0,0,0,0,0,0,0,0,0,1,0,0,0,0,0,0,1,0,1,0,0,1,0,0
2,87.3,72.45,-3.0,140.0,1.7,3.3,0.5714285714285714,12,4,-0.5,2026-02-06,0,0,0,1,0,0,0,1,0,0,0,0,1,0,0,0,0,0,0,0,0,0,0,1,0,0,0,0,0,0,1,0,1,0,0,0,0,1
1,81.0,94.25,-2.3,140.0,1.7,2.0,0.42857142857142855,12,4,-0.5,2026-02-06,0,0,0,1,0,0,0,1,0,0,0,0,0,0,0,1,0,0,0,0,0,0,0,0,1,0,0,0,0,1,0,0,0,1,0,0,1,0
1,76.1,115.32,-3.0,140.0,1.7,4.3,0.32142857142857145,12,4,-0.5,2026-02-06,0,0,0,1,0,0,0,1,0,0,0,0,0,0,0,1,0,0,0,0,0,0,0,0,1,0,0,0,0,0,1,0,1,0,0,0,0,1
0,64.4,149.07,2.7,140.0,1.7,0.0,0.2857142857142857,12,4,-0.5,2026-02-06,0,0,0,1,0,0,0,1,0,0,0,0,0,0,0,0,0,0,1,0,0,0,0,0,0,1,0,0,0,1,0,0,1,0,1,0,0,0
2,68.7,41.2,1.5,140.0,1.7,2.0,0.7857142857142857,13,4,-0.5,2026-02-06,0,0,0,1,0,0,0,1,0,0,0,0,1,0,0,0,0,0,0,0,0,0,0,1,0,0,0,0,0,0,0,1,0,1,0,0,1,0
1,59.2,123.13,5.6,155.0,9.4,6.4,0.33548387096774196,14,4,17.5,2026-02-06,0,0,0,0,1,0,1,0,0,0,1,0,0,0,0,0,0,0,0,1,0,0,0,0,0,0,0,0,0,1,0,0,1,0,0,0,0,1
2,57.5,46.67,7.5,205.0,7.0,2.0,0.8536585365853658,18,4,8.4,2026-02-06,0,0,0,0,0,1,0,0,1,0,0,0,0,0,1,0,0,0,0,0,0,0,0,0,0,0,0,1,0,0,1,0,1,0,0,0,0,1
1,65.4,89.4,11.6,155.0,9.4,2.0,0.5290322580645161,15,4,17.5,2026-02-06,0,0,0,0,1,0,1,0,0,0,1,0,0,0,0,0,0,0,0,1,0,0,0,0,0,0,0,0,0,1,0,0,1,0,0,0,1,0
2,63.5,58.42,10.7,155.0,9.4,5.0,0.6967741935483871,15,4,17.5,2026-02-06,0,0,0,0,1,0,1,0,0,0,0,0,0,1,0,0,0,0,0,0,1,0,0,0,0,0,0,0,0,1,0,0,0,1,0,1,0,0
2,47.6,49.17,11.4,155.0,9.4,2.0,0.7935483870967742,15,4,17.5,2026-02-06,0,0,0,0,1,0,1,0,0,0,0,0,0,1,0,0,0,0,0,0,1,0,0,0,0,0,0,0,0,0,0,1,1,0,0,0,0,1
2,52.2,34.2,16.0,155.0,9.4,2.0,0.8903225806451613,16,4,17.5,2026-02-06,0,0,0,0,1,0,1,0,0,0,0,0,0,1,0,0,0,0,0,0,1,0,0,0,0,0,0,0,0,1,0,0,1,0,0,0,1,0
0,62.9,254.52,-0.5,205.0,7.0,2.2,0.04878048780487805,15,4,8.4,2026-02-06,0,0,0,0,0,1,0,0,1,0,0,0,0,0,0,0,0,1,0,0,0,0,0,0,0,0,0,0,1,0,1,0,1,0,0,0,0,1
0,55.6,241.83,4.2,205.0,7.0,0.0,0.12195121951219512,15,4,8.4,2026-02-06,0,0,0,0,0,1,0,0,1,0,0,0,0,0,0,0,0,1,0,0,0,0,0,0,0,0,0,0,1,1,0,0,0,1,0,0,0,1
0,84.6,208.6,-1.6,205.0,7.0,0.0,0.1951219512195122,16,4,8.4,2026-02-06,0,0,0,0,0,1,0,0,1,0,0,0,0,0,0,0,0,1,0,0,0,0,0,0,0,0,0,0,1,0,0,1,1,0,0,0,0,1
1,73.3,177.78,1.1,205.0,7.0,4.5,0.3170731707317073,16,4,8.4,2026-02-06,0,0,0,0,0,1,0,0,1,1,0,0,0,0,0,0,0,0,0,0,0,0,0,0,0,0,1,0,0,1,0,0,1,0,0,0,1,0
1,67.7,161.79,3.0,205.0,7.0,2.0,0.3902439024390244,16,4,8.4,2026-02-06,0,0,0,0,0,1,0,0,1,1,0,0,0,0,0,0,0,0,0,0,0,0,0,0,0,0,1,0,0,1,0,0,0,1,0,1,0,0
1,71.2,142.53,6.0,205.0,7.0,2.0,0.4634146341463415,16,4,8.4,2026-02-06,0,0,0,0,0,1,0,0,1,1,0,0,0,0,0,0,0,0,0,0,0,0,0,0,0,0,1,0,0,1,0,0,0,1,0,1,0,0
2,54.3,75.95,7.4,205.0,7.0,5.2,0.7073170731707317,17,4,8.4,2026-02-06,0,0,0,0,0,1,0,0,1,0,0,0,0,0,1,0,0,0,0,0,0,0,0,0,0,0,0,1,0,1,0,0,1,0,0,0,0,1
2,54.1,62.46,6.5,205.0,7.0,2.0,0.7804878048780488,18,4,8.4,2026-02-06,0,0,0,0,0,1,0,0,1,0,0,0,0,0,1,0,0,0,0,0,0,0,0,0,0,0,0,1,0,0,0,1,1,0,1,0,0,0
0,72.9,161.62,-2.1,140.0,1.7,0.0,0.17857142857142858,12,4,-0.5,2026-02-06,0,0,0,1,0,0,0,1,0,0,0,0,0,0,0,0,0,0,1,0,0,0,0,0,0,1,0,0,0,0,1,0,0,1,0,1,0,0
1,59.7,108.12,9.8,155.0,9.4,2.0,0.432258064516129,14,4,17.5,2026-02-06,0,0,0,0,1,0,1,0,0,0,1,0,0,0,0,0,0,0,0,1,0,0,0,0,0,0,0,0,0,1,0,0,1,0,0,0,0,1
2,54.0,49.0,5.8,205.0,5.9,2.0,0.8536585365853658,12,4,7.0,2026-02-06,0,0,1,0,0,0,0,0,1,0,0,0,0,0,1,0,0,0,0,0,0,0,0,0,0,0,0,1,0,1,0,0,1,0,1,0,0,0
0,58.9,255.18,-1.7,205.0,5.9,1.6,0.04878048780487805,9,4,7.0,2026-02-06,0,0,1,0,0,0,0,0,1,0,0,0,0,0,0,0,0,1,0,0,0,0,0,0,0,0,0,0,1,1,0,0,0,1,1,0,0,0
2,66.2,57.42,2.4,205.0,5.9,2.0,0.7804878048780488,12,4,7.0,2026-02-06,0,0,1,0,0,0,0,0,1,0,0,0,0,0,1,0,0,0,0,0,0,0,0,0,0,0,0,1,0,0,1,0,0,1,0,1,0,0
0,73.9,179.68,-2.9,140.0,1.7,2.8,0.07142857142857142,11,4,-0.5,2026-02-06,0,0,0,1,0,0,0,1,0,0,0,0,0,0,0,0,0,0,1,0,0,0,0,0,0,1,0,0,0,1,0,0,0,1,0,0,0,1
0,69.7,180.38,2.8,140.0,5.7,2.4,0.07142857142857142,5,4,14.5,2026-02-06,1,0,0,0,0,0,0,1,0,0,0,0,0,0,0,0,0,0,1,0,0,0,0,0,0,1,0,0,0,0,1,0,1,0,1,0,0,0
0,57.5,168.04,7.1,140.0,5.7,0.0,0.17857142857142858,5,4,14.5,2026-02-06,1,0,0,0,0,0,0,1,0,0,0,0,0,0,0,0,0,0,1,0,0,0,0,0,0,1,0,0,0,0,1,0,1,0,0,1,0,0
0,68.5,146.33,3.0,140.0,5.7,0.0,0.2857142857142857,5,4,14.5,2026-02-06,1,0,0,0,0,0,0,1,0,0,0,0,0,0,0,0,0,0,1,0,0,0,0,0,0,1,0,0,0,1,0,0,1,0,0,1,0,0
1,56.3,118.62,4.0,140.0,5.7,4.9,0.32142857142857145,6,4,14.5,2026-02-06,1,0,0,0,0,0,0,1,0,0,0,0,0,0,0,1,0,0,0,0,0,0,0,0,1,0,0,0,0,1,0,0,1,0,1,0,0,0
1,54.6,105.25,7.9,140.0,5.7,2.0,0.42857142857142855,6,4,14.5,2026-02-06,1,0,0,0,0,0,0,1,0,0,0,0,0,0,0,1,0,0,0,0,0,0,0,0,1,0,0,0,0,0,0,1,0,1,0,0,0,1
1,74.3,78.47,8.8,140.0,5.7,2.0,0.5357142857142857,6,4,14.5,2026-02-06,1,0,0,0,0,0,0,1,0,0,0,0,0,0,0,1,0,0,0,0,0,0,0,0,1,0,0,0,0,1,0,0,1,0,0,0,1,0
2,63.5,76.42,8.3,140.0,5.7,5.0,0.5714285714285714,6,4,14.5,2026-02-06,1,0,0,0,0,0,0,1,0,0,0,0,1,0,0,0,0,0,0,0,0,0,0,1,0,0,0,0,0,1,0,0,0,1,1,0,0,0
2,53.7,64.62,7.0,140.0,5.7,2.0,0.6785714285714286,6,4,14.5,2026-02-06,1,0,0,0,0,0,0,1,0,0,0,0,1,0,0,0,0,0,0,0,0,0,0,1,0,0,0,0,0,0,1,0,0,1,0,1,0,0
3,68.9,35.52,12.3,140.0,5.7,5.2,0.8214285714285714,7,4,14.5,2026-02-06,1,0,0,0,0,0,0,1,0,0,0,1,0,0,0,0,0,0,0,0,0,0,1,0,0,0,0,0,0,1,0,0,0,1,0,1,0,0
3,53.6,24.67,12.4,140.0,5.7,2.0,0.9285714285714286,7,4,14.5,2026-02-06,1,0,0,0,0,0,0,1,0,0,0,1,0,0,0,0,0,0,0,0,0,0,1,0,0,0,0,0,0,0,1,0,0,1,1,0,0,0
3,52.2,12.2,16.9,140.0,5.7,2.0,1.0,7,4,14.5,2026-02-06,1,0,0,0,0,0,0,1,0,0,0,1,0,0,0,0,0,0,0,0,0,0,1,0,0,0,0,0,0,0,1,0,1,0,0,1,0,0
0,61.7,174.72,-1.3,155.0,6.5,2.4,0.06451612903225806,7,4,9.8,2026-02-06,0,1,0,0,0,0,1,0,0,0,0,0,0,0,0,0,1,0,0,0,0,1,0,0,0,0,0,0,0,1,0,0,1,0,0,0,1,0
0,61.9,159.21,-0.5,155.0,6.5,0.0,0.16129032258064516,7,4,9.8,2026-02-06,0,1,0,0,0,0,1,0,0,0,0,0,0,0,0,0,1,0,0,0,0,1,0,0,0,0,0,0,0,0,0,1,0,1,0,1,0,0
2,60.1,46.93,12.5,140.0,5.7,2.0,0.7857142857142857,7,4,14.5,2026-02-06,1,0,0,0,0,0,0,1,0,0,0,0,1,0,0,0,0,0,0,0,0,0,0,1,0,0,0,0,0,1,0,0,0,1,0,0,1,0
1,59.6,123.07,2.4,155.0,6.5,2.6,0.33548387096774196,8,4,9.8,2026-02-06,0,1,0,0,0,0,1,0,0,0,1,0,0,0,0,0,0,0,0,1,0,0,0,0,0,0,0,0,0,0,1,0,1,0,0,1,0,0
2,52.8,76.2,4.3,205.0,5.9,5.1,0.7073170731707317,11,4,7.0,2026-02-06,0,0,1,0,0,0,0,0,1,0,0,0,0,0,1,0,0,0,0,0,0,0,0,0,0,0,0,1,0,0,0,1,1,0,0,0,1,0
0,63.7,142.53,3.6,155.0,6.5,0.0,0.25806451612903225,8,4,9.8,2026-02-06,0,1,0,0,0,0,1,0,0,0,0,0,0,0,0,0,1,0,0,0,0,1,0,0,0,0,0,0,0,1,0,0,1,0,1,0,0,0
1,64.0,163.33,5.6,205.0,5.9,2.0,0.3902439024390244,10,4,7.0,2026-02-06,0,0,1,0,0,0,0,0,1,1,0,0,0,0,0,0,0,0,0,0,0,0,0,0,0,0,1,0,0,0,1,0,0,1,0,1,0,0
1,61.0,179.83,5.7,205.0,5.9,4.8,0.3170731707317073,10,4,7.0,2026-02-06,0,0,1,0,0,0,0,0,1,1,0,0,0,0,0,0,0,0,0,0,0,0,0,0,0,0,1,0,0,0,1,0,1,0,1,0,0,0
0,77.1,213.6,-3.0,205.0,5.9,0.0,0.1951219512195122,10,4,7.0,2026-02-06,0,0,1,0,0,0,0,0,1,0,0,0,0,0,0,0,0,1,0,0,0,0,0,0,0,0,0,0,1,0,0,1,1,0,0,0,0,1
0,76.9,232.96,1.3,205.0,5.9,0.0,0.12195121951219512,9,4,7.0,2026-02-06,0,0,1,0,0,0,0,0,1,0,0,0,0,0,0,0,0,1,0,0,0,0,0,0,0,0,0,0,1,0,1,0,0,1,0,1,0,0
1,61.5,149.0,3.5,205.0,5.9,2.0,0.4634146341463415,11,4,7.0,2026-02-06,0,0,1,0,0,0,0,0,1,1,0,0,0,0,0,0,0,0,0,0,0,0,0,0,0,0,1,0,0,1,0,0,0,1,0,1,0,0
2,61.9,27.73,6.9,155.0,6.5,2.0,0.8903225806451613,9,4,9.8,2026-02-06,0,1,0,0,0,0,1,0,0,0,0,0,0,1,0,0,0,0,0,0,1,0,0,0,0,0,0,0,0,0,0,1,0,1,0,1,0,0
2,73.2,38.5,6.7,155.0,6.5,2.0,0.7935483870967742,9,4,9.8,2026-02-06,0,1,0,0,0,0,1,0,0,0,0,0,0,1,0,0,0,0,0,0,1,0,0,0,0,0,0,0,0,0,0,1,0,1,0,0,0,1
2,61.9,58.68,7.8,155.0,6.5,2.8,0.6967741935483871,9,4,9.8,2026-02-06,0,1,0,0,0,0,1,0,0,0,0,0,0,1,0,0,0,0,0,0,1,0,0,0,0,0,0,0,0,0,0,1,0,1,0,1,0,0
1,47.9,101.07,8.2,155.0,6.5,2.0,0.5290322580645161,8,4,9.8,2026-02-06,0,1,0,0,0,0,1,0,0,0,1,0,0,0,0,0,0,0,0,1,0,0,0,0,0,0,0,0,0,1,0,0,0,1,0,1,0,0
1,76.0,101.33,6.1,155.0,6.5,2.0,0.432258064516129,8,4,9.8,2026-02-06,0,1,0,0,0,0,1,0,0,0,1,0,0,0,0,0,0,0,0,1,0,0,0,0,0,0,0,0,0,0,1,0,0,1,0,0,1,0
0,58.4,175.27,2.7,155.0,6.1,3.3,0.06451612903225806,14,5,3.8,2026-02-07,0,0,0,0,1,0,1,0,0,0,0,0,0,0,0,0,1,0,0,0,0,1,0,0,0,0,0,0,0,1,0,0,0,1,1,0,0,0
3,72.0,1.0,0.5,140.0,0.0,2.0,1.0,15,5,0.9,2026-02-07,0,0,0,1,0,0,0,1,0,0,0,1,0,0,0,0,0,0,0,0,0,0,1,0,0,0,0,0,0,0,0,1,1,0,1,0,0,0
3,63.8,20.42,1.3,140.0,0.0,2.0,0.9285714285714286,14,5,0.9,2026-02-07,0,0,0,1,0,0,0,1,0,0,0,1,0,0,0,0,0,0,0,0,0,0,1,0,0,0,0,0,0,0,1,0,0,1,0,0,0,1
3,79.2,33.8,-3.0,140.0,0.0,5.3,0.8214285714285714,14,5,0.9,2026-02-07,0,0,0,1,0,0,0,1,0,0,0,1,0,0,0,0,0,0,0,0,0,0,1,0,0,0,0,0,0,1,0,0,1,0,0,1,0,0
2,71.7,39.2,0.2,140.0,0.0,2.0,0.7857142857142857,14,5,0.9,2026-02-07,0,0,0,1,0,0,0,1,0,0,0,0,1,0,0,0,0,0,0,0,0,0,0,1,0,0,0,0,0,0,0,1,0,1,0,0,0,1
2,66.8,75.87,-1.7,140.0,0.0,3.9,0.5714285714285714,13,5,0.9,2026-02-07,0,0,0,1,0,0,0,1,0,0,0,0,1,0,0,0,0,0,0,0,0,0,0,1,0,0,0,0,0,1,0,0,0,1,0,1,0,0
0,73.7,142.87,-3.0,140.0,0.0,0.0,0.2857142857142857,13,5,0.9,2026-02-07,0,0,0,1,0,0,0,1,0,0,0,0,0,0,0,0,0,0,1,0,0,0,0,0,0,1,0,0,0,1,0,0,1,0,0,0,1,0
1,67.6,82.93,1.6,140.0,0.0,2.0,0.5357142857142857,13,5,0.9,2026-02-07,0,0,0,1,0,0,0,1,0,0,0,0,0,0,0,1,0,0,0,0,0,0,0,0,1,0,0,0,0,0,0,1,0,1,1,0,0,0
1,84.6,92.75,-1.7,140.0,0.0,2.0,0.42857142857142855,13,5,0.9,2026-02-07,0,0,0,1,0,0,0,1,0,0,0,0,0,0,0,1,0,0,0,0,0,0,0,0,1,0,0,0,0,1,0,0,1,0,0,1,0,0
1,77.9,115.02,-0.6,140.0,0.0,2.8,0.32142857142857145,13,5,0.9,2026-02-07,0,0,0,1,0,0,0,1,0,0,0,0,0,0,0,1,0,0,0,0,0,0,0,0,1,0,0,0,0,1,0,0,1,0,0,1,0,0
0,62.1,159.12,-1.1,155.0,6.1,0.0,0.16129032258064516,15,5,3.8,2026-02-07,0,0,0,0,1,0,1,0,0,0,0,0,0,0,0,0,1,0,0,0,0,1,0,0,0,0,0,0,0,0,1,0,0,1,0,0,0,1
2,70.3,57.71,0.1,140.0,0.0,2.0,0.6785714285714286,14,5,0.9,2026-02-07,0,0,0,1,0,0,0,1,0,0,0,0,1,0,0,0,0,0,0,0,0,0,0,1,0,0,0,0,0,1,0,0,1,0,0,1,0,0
0,74.0,135.67,-0.9,155.0,6.1,0.0,0.25806451612903225,15,5,3.8,2026-02-07,0,0,0,0,1,0,1,0,0,0,0,0,0,0,0,0,1,0,0,0,0,1,0,0,0,0,0,0,0,1,0,0,0,1,1,0,0,0
2,56.3,61.54,9.9,205.0,2.4,2.0,0.7804878048780488,19,5,8.3,2026-02-07,0,0,0,0,0,1,0,0,1,0,0,0,0,0,1,0,0,0,0,0,0,0,0,0,0,0,0,1,0,0,1,0,1,0,0,1,0,0
1,43.7,114.79,8.3,155.0,6.1,2.0,0.432258064516129,15,5,3.8,2026-02-07,0,0,0,0,1,0,1,0,0,0,1,0,0,0,0,0,0,0,0,1,0,0,0,0,0,0,0,0,0,1,0,0,1,0,0,1,0,0
1,67.0,88.33,0.8,155.0,6.1,2.0,0.5290322580645161,16,5,3.8,2026-02-07,0,0,0,0,1,0,1,0,0,0,1,0,0,0,0,0,0,0,0,1,0,0,0,0,0,0,0,0,0,1,0,0,1,0,1,0,0,0
2,81.6,55.4,0.7,155.0,6.1,4.5,0.6967741935483871,16,5,3.8,2026-02-07,0,0,0,0,1,0,1,0,0,0,0,0,0,1,0,0,0,0,0,0,1,0,0,0,0,0,0,0,0,0,0,1,1,0,0,1,0,0
2,73.2,38.5,7.6,155.0,6.1,2.0,0.7935483870967742,16,5,3.8,2026-02-07,0,0,0,0,1,0,1,0,0,0,0,0,0,1,0,0,0,0,0,0,1,0,0,0,0,0,0,0,0,0,1,0,0,1,0,1,0,0
2,61.4,28.07,1.0,155.0,6.1,2.0,0.8903225806451613,17,5,3.8,2026-02-07,0,0,0,0,1,0,1,0,0,0,0,0,0,1,0,0,0,0,0,0,1,0,0,0,0,0,0,0,0,0,0,1,1,0,0,1,0,0
0,57.4,255.43,-1.0,205.0,2.4,2.9,0.04878048780487805,16,5,8.3,2026-02-07,0,0,0,0,0,1,0,0,1,0,0,0,0,0,0,0,0,1,0,0,0,0,0,0,0,0,0,0,1,0,0,1,1,0,0,0,0,1
0,69.5,236.04,4.1,205.0,2.4,0.0,0.12195121951219512,16,5,8.3,2026-02-07,0,0,0,0,0,1,0,0,1,0,0,0,0,0,0,0,0,1,0,0,0,0,0,0,0,0,0,0,1,0,0,1,1,0,1,0,0,0
0,73.4,216.07,-2.5,205.0,2.4,0.0,0.1951219512195122,17,5,8.3,2026-02-07,0,0,0,0,0,1,0,0,1,0,0,0,0,0,0,0,0,1,0,0,0,0,0,0,0,0,0,0,1,1,0,0,1,0,1,0,0,0
1,65.4,179.1,4.5,205.0,2.4,3.7,0.3170731707317073,17,5,8.3,2026-02-07,0,0,0,0,0,1,0,0,1,1,0,0,0,0,0,0,0,0,0,0,0,0,0,0,0,0,1,0,0,0,0,1,1,0,0,0,1,0
1,76.9,157.96,1.8,205.0,2.4,2.0,0.3902439024390244,17,5,8.3,2026-02-07,0,0,0,0,0,1,0,0,1,1,0,0,0,0,0,0,0,0,0,0,0,0,0,0,0,0,1,0,0,1,0,0,1,0,0,0,1,0
1,53.3,154.47,8.4,205.0,2.4,2.0,0.4634146341463415,17,5,8.3,2026-02-07,0,0,0,0,0,1,0,0,1,1,0,0,0,0,0,0,0,0,0,0,0,0,0,0,0,0,1,0,0,0,1,0,1,0,0,0,0,1
2,60.0,75.0,4.7,205.0,2.4,4.8,0.7073170731707317,18,5,8.3,2026-02-07,0,0,0,0,0,1,0,0,1,0,0,0,0,0,1,0,0,0,0,0,0,0,0,0,0,0,0,1,0,1,0,0,0,1,0,0,1,0
0,71.1,162.38,0.6,140.0,0.0,0.0,0.17857142857142858,13,5,0.9,2026-02-07,0,0,0,1,0,0,0,1,0,0,0,0,0,0,0,0,0,0,1,0,0,0,0,0,0,1,0,0,0,0,0,1,0,1,0,0,0,1
2,60.8,44.47,7.5,205.0,2.4,2.0,0.8536585365853658,19,5,8.3,2026-02-07,0,0,0,0,0,1,0,0,1,0,0,0,0,0,1,0,0,0,0,0,0,0,0,0,0,0,0,1,0,0,1,0,0,1,0,0,1,0
1,59.3,123.12,4.2,155.0,6.1,3.3,0.33548387096774196,15,5,3.8,2026-02-07,0,0,0,0,1,0,1,0,0,0,1,0,0,0,0,0,0,0,0,1,0,0,0,0,0,0,0,0,0,0,1,0,0,1,0,1,0,0
0,58.7,182.22,-2.9,140.0,0.0,3.1,0.07142857142857142,12,5,0.9,2026-02-07,0,0,0,1,0,0,0,1,0,0,0,0,0,0,0,0,0,0,1,0,0,0,0,0,0,1,0,0,0,0,0,1,0,1,0,1,0,0
0,75.8,233.42,1.5,205.0,6.2,0.0,0.12195121951219512,10,5,12.9,2026-02-07,0,0,1,0,0,0,0,0,1,0,0,0,0,0,0,0,0,1,0,0,0,0,0,0,0,0,0,0,1,1,0,0,1,0,0,1,0,0
2,46.7,65.54,8.4,205.0,6.2,2.0,0.7804878048780488,13,5,12.9,2026-02-07,0,0,1,0,0,0,0,0,1,0,0,0,0,0,1,0,0,0,0,0,0,0,0,0,0,0,0,1,0,1,0,0,1,0,0,1,0,0
0,71.5,180.08,1.6,140.0,14.2,1.5,0.07142857142857142,6,5,15.7,2026-02-07,1,0,0,0,0,0,0,1,0,0,0,0,0,0,0,0,0,0,1,0,0,0,0,0,0,1,0,0,0,0,1,0,0,1,0,1,0,0
0,59.5,167.21,2.3,140.0,14.2,0.0,0.17857142857142858,6,5,15.7,2026-02-07,1,0,0,0,0,0,0,1,0,0,0,0,0,0,0,0,0,0,1,0,0,0,0,0,0,1,0,0,0,0,1,0,1,0,0,0,0,1
0,58.5,153.0,5.5,140.0,14.2,0.0,0.2857142857142857,6,5,15.7,2026-02-07,1,0,0,0,0,0,0,1,0,0,0,0,0,0,0,0,0,0,1,0,0,0,0,0,0,1,0,0,0,0,1,0,1,0,0,0,1,0
1,86.0,113.67,4.5,140.0,14.2,3.4,0.32142857142857145,7,5,15.7,2026-02-07,1,0,0,0,0,0,0,1,0,0,0,0,0,0,0,1,0,0,0,0,0,0,0,0,1,0,0,0,0,1,0,0,1,0,0,1,0,0
1,76.1,96.29,11.0,140.0,14.2,2.0,0.42857142857142855,7,5,15.7,2026-02-07,1,0,0,0,0,0,0,1,0,0,0,0,0,0,0,1,0,0,0,0,0,0,0,0,1,0,0,0,0,0,1,0,1,0,0,0,1,0
1,58.4,89.07,7.6,140.0,14.2,2.0,0.5357142857142857,7,5,15.7,2026-02-07,1,0,0,0,0,0,0,1,0,0,0,0,0,0,0,1,0,0,0,0,0,0,0,0,1,0,0,0,0,1,0,0,1,0,0,0,0,1
2,73.1,36.27,6.7,205.0,6.2,2.0,0.8536585365853658,13,5,12.9,2026-02-07,0,0,1,0,0,0,0,0,1,0,0,0,0,0,1,0,0,0,0,0,0,0,0,0,0,0,0,1,0,1,0,0,1,0,0,1,0,0
2,48.9,66.62,13.2,140.0,14.2,2.0,0.6785714285714286,7,5,15.7,2026-02-07,1,0,0,0,0,0,0,1,0,0,0,0,1,0,0,0,0,0,0,0,0,0,0,1,0,0,0,0,0,1,0,0,0,1,0,0,0,1
2,52.6,51.93,12.3,140.0,14.2,2.0,0.7857142857142857,8,5,15.7,2026-02-07,1,0,0,0,0,0,0,1,0,0,0,0,1,0,0,0,0,0,0,0,0,0,0,1,0,0,0,0,0,0,0,1,1,0,0,0,0,1
3,60.1,36.98,15.2,140.0,14.2,3.2,0.8214285714285714,8,5,15.7,2026-02-07,1,0,0,0,0,0,0,1,0,0,0,1,0,0,0,0,0,0,0,0,0,0,1,0,0,0,0,0,0,0,1,0,0,1,0,0,0,1
3,52.4,25.17,16.4,140.0,14.2,2.0,0.9285714285714286,8,5,15.7,2026-02-07,1,0,0,0,0,0,0,1,0,0,0,1,0,0,0,0,0,0,0,0,0,0,1,0,0,0,0,0,0,1,0,0,0,1,0,1,0,0
3,52.6,11.93,16.7,140.0,14.2,2.0,1.0,8,5,15.7,2026-02-07,1,0,0,0,0,0,0,1,0,0,0,1,0,0,0,0,0,0,0,0,0,0,1,0,0,0,0,0,0,1,0,0,1,0,0,0,1,0
0,66.8,173.87,2.2,155.0,0.0,2.4,0.06451612903225806,8,5,8.1,2026-02-07,0,1,0,0,0,0,1,0,0,0,0,0,0,0,0,0,1,0,0,0,0,1,0,0,0,0,0,0,0,0,1,0,1,0,0,0,0,1
2,45.4,79.43,10.9,140.0,14.2,3.4,0.5714285714285714,7,5,15.7,2026-02-07,1,0,0,0,0,0,0,1,0,0,0,0,1,0,0,0,0,0,0,0,0,0,0,1,0,0,0,0,0,1,0,0,0,1,0,1,0,0
0,59.6,145.27,-0.8,155.0,0.0,0.0,0.25806451612903225,9,5,8.1,2026-02-07,0,1,0,0,0,0,1,0,0,0,0,0,0,0,0,0,1,0,0,0,0,1,0,0,0,0,0,0,0,1,0,0,1,0,0,0,0,1
0,77.3,152.79,-3.0,155.0,0.0,0.0,0.16129032258064516,8,5,8.1,2026-02-07,0,1,0,0,0,0,1,0,0,0,0,0,0,0,0,0,1,0,0,0,0,1,0,0,0,0,0,0,0,0,0,1,0,1,0,0,1,0
2,71.9,73.02,6.5,205.0,6.2,3.2,0.7073170731707317,12,5,12.9,2026-02-07,0,0,1,0,0,0,0,0,1,0,0,0,0,0,1,0,0,0,0,0,0,0,0,0,0,0,0,1,0,1,0,0,0,1,0,1,0,0
1,67.1,145.27,8.5,205.0,6.2,2.0,0.4634146341463415,12,5,12.9,2026-02-07,0,0,1,0,0,0,0,0,1,1,0,0,0,0,0,0,0,0,0,0,0,0,0,0,0,0,1,0,0,1,0,0,0,1,0,1,0,0
1,76.0,158.33,4.3,205.0,6.2,2.0,0.3902439024390244,11,5,12.9,2026-02-07,0,0,1,0,0,0,0,0,1,1,0,0,0,0,0,0,0,0,0,0,0,0,0,0,0,0,1,0,0,0,1,0,1,0,0,1,0,0
0,54.9,228.4,1.2,205.0,6.2,0.0,0.1951219512195122,11,5,12.9,2026-02-07,0,0,1,0,0,0,0,0,1,0,0,0,0,0,0,0,0,1,0,0,0,0,0,0,0,0,0,0,1,1,0,0,0,1,0,0,0,1
0,66.3,253.95,-1.0,205.0,6.2,3.1,0.04878048780487805,10,5,12.9,2026-02-07,0,0,1,0,0,0,0,0,1,0,0,0,0,0,0,0,0,1,0,0,0,0,0,0,0,0,0,0,1,0,0,1,1,0,0,0,1,0
1,74.7,177.55,4.3,205.0,6.2,4.2,0.3170731707317073,11,5,12.9,2026-02-07,0,0,1,0,0,0,0,0,1,1,0,0,0,0,0,0,0,0,0,0,0,0,0,0,0,0,1,0,0,0,1,0,1,0,0,1,0,0
2,44.7,50.38,6.1,155.0,0.0,2.0,0.7935483870967742,10,5,8.1,2026-02-07,0,1,0,0,0,0,1,0,0,0,0,0,0,1,0,0,0,0,0,0,1,0,0,0,0,0,0,0,0,1,0,0,1,0,0,1,0,0
2,56.1,59.65,4.3,155.0,0.0,4.0,0.6967741935483871,10,5,8.1,2026-02-07,0,1,0,0,0,0,1,0,0,0,0,0,0,1,0,0,0,0,0,0,1,0,0,0,0,0,0,0,0,1,0,0,1,0,0,1,0,0
1,55.0,96.33,4.0,155.0,0.0,2.0,0.5290322580645161,9,5,8.1,2026-02-07,0,1,0,0,0,0,1,0,0,0,1,0,0,0,0,0,0,0,0,1,0,0,0,0,0,0,0,0,0,0,1,0,0,1,1,0,0,0
1,56.2,109.58,3.4,155.0,0.0,2.0,0.432258064516129,9,5,8.1,2026-02-07,0,1,0,0,0,0,1,0,0,0,1,0,0,0,0,0,0,0,0,1,0,0,0,0,0,0,0,0,0,0,0,1,1,0,0,1,0,0
1,49.4,124.77,2.3,155.0,0.0,5.4,0.33548387096774196,9,5,8.1,2026-02-07,0,1,0,0,0,0,1,0,0,0,1,0,0,0,0,0,0,0,0,1,0,0,0,0,0,0,0,0,0,0,1,0,1,0,0,1,0,0
2,85.8,11.8,8.2,155.0,0.0,2.0,0.8903225806451613,10,5,8.1,2026-02-07,0,1,0,0,0,0,1,0,0,0,0,0,0,1,0,0,0,0,0,0,1,0,0,0,0,0,0,0,0,0,0,1,1,0,1,0,0,0
3,62.2,36.63,12.6,140.0,8.2,5.4,0.8214285714285714,15,6,18.3,2026-02-08,0,0,0,1,0,0,0,1,0,0,0,1,0,0,0,0,0,0,0,0,0,0,1,0,0,0,0,0,0,0,1,0,0,1,0,0,0,1
0,64.4,158.17,3.1,155.0,7.6,0.0,0.16129032258064516,16,6,16.9,2026-02-08,0,0,0,0,1,0,1,0,0,0,0,0,0,0,0,0,1,0,0,0,0,1,0,0,0,0,0,0,0,1,0,0,1,0,0,1,0,0
0,39.3,178.45,-0.4,155.0,7.6,2.9,0.06451612903225806,15,6,16.9,2026-02-08,0,0,0,0,1,0,1,0,0,0,0,0,0,0,0,0,1,0,0,0,0,1,0,0,0,0,0,0,0,0,0,1,0,1,0,1,0,0
3,62.9,5.07,16.3,140.0,8.2,2.0,1.0,16,6,18.3,2026-02-08,0,0,0,1,0,0,0,1,0,0,0,1,0,0,0,0,0,0,0,0,0,0,1,0,0,0,0,0,0,1,0,0,0,1,0,1,0,0
3,48.9,26.62,17.8,140.0,8.2,2.0,0.9285714285714286,15,6,18.3,2026-02-08,0,0,0,1,0,0,0,1,0,0,0,1,0,0,0,0,0,0,0,0,0,0,1,0,0,0,0,0,0,0,0,1,1,0,0,0,0,1
2,57.8,48.47,15.1,140.0,8.2,2.0,0.7857142857142857,15,6,18.3,2026-02-08,0,0,0,1,0,0,0,1,0,0,0,0,1,0,0,0,0,0,0,0,0,0,0,1,0,0,0,0,0,0,0,1,0,1,0,1,0,0
0,93.7,122.53,3.1,155.0,7.6,0.0,0.25806451612903225,16,6,16.9,2026-02-08,0,0,0,0,1,0,1,0,0,0,0,0,0,0,0,0,1,0,0,0,0,1,0,0,0,0,0,0,0,0,0,1,1,0,0,0,0,1
2,61.4,76.77,8.4,140.0,8.2,5.1,0.5714285714285714,14,6,18.3,2026-02-08,0,0,0,1,0,0,0,1,0,0,0,0,1,0,0,0,0,0,0,0,0,0,0,1,0,0,0,0,0,1,0,0,1,0,0,1,0,0
1,56.6,90.27,7.9,140.0,8.2,2.0,0.5357142857142857,14,6,18.3,2026-02-08,0,0,0,1,0,0,0,1,0,0,0,0,0,0,0,1,0,0,0,0,0,0,0,0,1,0,0,0,0,1,0,0,1,0,0,0,0,1
1,45.0,109.25,5.4,140.0,8.2,2.0,0.42857142857142855,14,6,18.3,2026-02-08,0,0,0,1,0,0,0,1,0,0,0,0,0,0,0,1,0,0,0,0,0,0,0,0,1,0,0,0,0,1,0,0,1,0,0,1,0,0
1,42.0,121.0,6.2,140.0,8.2,3.7,0.32142857142857145,14,6,18.3,2026-02-08,0,0,0,1,0,0,0,1,0,0,0,0,0,0,0,1,0,0,0,0,0,0,0,0,1,0,0,0,0,1,0,0,1,0,0,0,1,0
0,68.5,146.33,4.1,140.0,8.2,0.0,0.2857142857142857,14,6,18.3,2026-02-08,0,0,0,1,0,0,0,1,0,0,0,0,0,0,0,0,0,0,1,0,0,0,0,0,0,1,0,0,0,0,1,0,1,0,0,1,0,0
2,54.7,64.21,12.3,140.0,8.2,2.0,0.6785714285714286,15,6,18.3,2026-02-08,0,0,0,1,0,0,0,1,0,0,0,0,1,0,0,0,0,0,0,0,0,0,0,1,0,0,0,0,0,0,0,1,0,1,0,0,0,1
1,59.1,123.15,6.3,155.0,7.6,6.7,0.33548387096774196,16,6,16.9,2026-02-08,0,0,0,0,1,0,1,0,0,0,1,0,0,0,0,0,0,0,0,1,0,0,0,0,0,0,0,0,0,0,1,0,1,0,0,0,1,0
0,65.0,164.92,1.0,140.0,8.2,0.0,0.17857142857142858,14,6,18.3,2026-02-08,0,0,0,1,0,0,0,1,0,0,0,0,0,0,0,0,0,0,1,0,0,0,0,0,0,1,0,0,0,0,1,0,1,0,0,1,0,0
1,59.7,93.2,8.7,155.0,7.6,2.0,0.5290322580645161,17,6,16.9,2026-02-08,0,0,0,0,1,0,1,0,0,0,1,0,0,0,0,0,0,0,0,1,0,0,0,0,0,0,0,0,0,0,1,0,0,1,1,0,0,0
2,67.1,57.82,9.7,155.0,7.6,5.6,0.6967741935483871,17,6,16.9,2026-02-08,0,0,0,0,1,0,1,0,0,0,0,0,0,1,0,0,0,0,0,0,1,0,0,0,0,0,0,0,0,1,0,0,0,1,0,0,1,0
2,60.8,43.67,15.4,155.0,7.6,2.0,0.7935483870967742,17,6,16.9,2026-02-08,0,0,0,0,1,0,1,0,0,0,0,0,0,1,0,0,0,0,0,0,1,0,0,0,0,0,0,0,0,1,0,0,1,0,0,1,0,0
2,65.4,25.4,15.5,155.0,7.6,2.0,0.8903225806451613,18,6,16.9,2026-02-08,0,0,0,0,1,0,1,0,0,0,0,0,0,1,0,0,0,0,0,0,1,0,0,0,0,0,0,0,0,0,0,1,0,1,0,1,0,0
0,67.3,253.78,2.0,205.0,5.7,2.2,0.04878048780487805,5,6,15.1,2026-02-08,0,0,0,0,0,1,0,0,1,0,0,0,0,0,0,0,0,1,0,0,0,0,0,0,0,0,0,0,1,0,1,0,1,0,0,1,0,0
0,71.0,235.42,2.4,205.0,5.7,0.0,0.12195121951219512,5,6,15.1,2026-02-08,0,0,0,0,0,1,0,0,1,0,0,0,0,0,0,0,0,1,0,0,0,0,0,0,0,0,0,0,1,1,0,0,1,0,0,1,0,0
0,76.1,214.27,0.9,205.0,5.7,0.0,0.1951219512195122,6,6,15.1,2026-02-08,0,0,0,0,0,1,0,0,1,0,0,0,0,0,0,0,0,1,0,0,0,0,0,0,0,0,0,0,1,1,0,0,0,1,0,0,1,0
1,70.0,178.33,5.8,205.0,5.7,6.1,0.3170731707317073,6,6,15.1,2026-02-08,0,0,0,0,0,1,0,0,1,1,0,0,0,0,0,0,0,0,0,0,0,0,0,0,0,0,1,0,0,1,0,0,1,0,0,0,0,1
1,71.2,160.33,4.6,205.0,5.7,2.0,0.3902439024390244,6,6,15.1,2026-02-08,0,0,0,0,0,1,0,0,1,1,0,0,0,0,0,0,0,0,0,0,0,0,0,0,0,0,1,0,0,0,0,1,0,1,0,1,0,0
1,58.1,151.27,8.6,205.0,5.7,2.0,0.4634146341463415,6,6,15.1,2026-02-08,0,0,0,0,0,1,0,0,1,1,0,0,0,0,0,0,0,0,0,0,0,0,0,0,0,0,1,0,0,1,0,0,1,0,1,0,0,0
2,60.4,74.93,9.9,205.0,5.7,4.5,0.7073170731707317,7,6,15.1,2026-02-08,0,0,0,0,0,1,0,0,1,0,0,0,0,0,1,0,0,0,0,0,0,0,0,0,0,0,0,1,0,1,0,0,0,1,0,0,1,0
2,59.5,60.21,11.8,205.0,5.7,2.0,0.7804878048780488,8,6,15.1,2026-02-08,0,0,0,0,0,1,0,0,1,0,0,0,0,0,1,0,0,0,0,0,0,0,0,0,0,0,0,1,0,1,0,0,0,1,0,0,1,0
2,66.4,40.73,14.6,205.0,5.7,2.0,0.8536585365853658,8,6,15.1,2026-02-08,0,0,0,0,0,1,0,0,1,0,0,0,0,0,1,0,0,0,0,0,0,0,0,0,0,0,0,1,0,0,0,1,0,1,0,1,0,0
1,67.4,104.92,7.6,155.0,7.6,2.0,0.432258064516129,16,6,16.9,2026-02-08,0,0,0,0,1,0,1,0,0,0,1,0,0,0,0,0,0,0,0,1,0,0,0,0,0,0,0,0,0,0,0,1,1,0,0,1,0,0
0,58.6,182.23,1.3,140.0,8.2,3.2,0.07142857142857142,13,6,18.3,2026-02-08,0,0,0,1,0,0,0,1,0,0,0,0,0,0,0,0,0,0,1,0,0,0,0,0,0,1,0,0,0,0,1,0,1,0,0,0,0,1
0,76.4,179.27,-0.7,140.0,7.5,3.6,0.07142857142857142,7,6,15.2,2026-02-08,1,0,0,0,0,0,0,1,0,0,0,0,0,0,0,0,0,0,1,0,0,0,0,0,0,1,0,0,0,1,0,0,1,0,0,0,1,0
2,53.2,62.83,10.0,205.0,8.3,2.0,0.7804878048780488,14,6,15.1,2026-02-08,0,0,1,0,0,0,0,0,1,0,0,0,0,0,1,0,0,0,0,0,0,0,0,0,0,0,0,1,0,0,0,1,1,0,0,1,0,0
2,54.1,48.93,14.4,205.0,8.3,2.0,0.8536585365853658,14,6,15.1,2026-02-08,0,0,1,0,0,0,0,0,1,0,0,0,0,0,1,0,0,0,0,0,0,0,0,0,0,0,0,1,0,1,0,0,1,0,0,1,0,0
0,59.6,167.17,1.3,140.0,7.5,0.0,0.17857142857142858,7,6,15.2,2026-02-08,1,0,0,0,0,0,0,1,0,0,0,0,0,0,0,0,0,0,1,0,0,0,0,0,0,1,0,0,0,0,1,0,1,0,0,0,0,1
0,55.9,154.73,7.0,140.0,7.5,0.0,0.2857142857142857,7,6,15.2,2026-02-08,1,0,0,0,0,0,0,1,0,0,0,0,0,0,0,0,0,0,1,0,0,0,0,0,0,1,0,0,0,0,0,1,1,0,0,0,0,1
1,52.7,119.22,4.6,140.0,7.5,4.6,0.32142857142857145,8,6,15.2,2026-02-08,1,0,0,0,0,0,0,1,0,0,0,0,0,0,0,1,0,0,0,0,0,0,0,0,1,0,0,0,0,1,0,0,1,0,0,0,0,1
1,48.0,108.0,6.9,140.0,7.5,2.0,0.42857142857142855,8,6,15.2,2026-02-08,1,0,0,0,0,0,0,1,0,0,0,0,0,0,0,1,0,0,0,0,0,0,0,0,1,0,0,0,0,1,0,0,1,0,0,0,1,0
1,54.0,92.0,9.1,140.0,7.5,2.0,0.5357142857142857,8,6,15.2,2026-02-08,1,0,0,0,0,0,0,1,0,0,0,0,0,0,0,1,0,0,0,0,0,0,0,0,1,0,0,0,0,1,0,0,1,0,0,1,0,0
2,77.0,74.17,6.2,140.0,7.5,5.5,0.5714285714285714,8,6,15.2,2026-02-08,1,0,0,0,0,0,0,1,0,0,0,0,1,0,0,0,0,0,0,0,0,0,0,1,0,0,0,0,0,1,0,0,1,0,0,0,0,1
2,54.0,51.0,11.4,140.0,7.5,2.0,0.7857142857142857,9,6,15.2,2026-02-08,1,0,0,0,0,0,0,1,0,0,0,0,1,0,0,0,0,0,0,0,0,0,0,1,0,0,0,0,0,0,1,0,1,0,0,0,1,0
3,58.3,37.28,13.6,140.0,7.5,5.3,0.8214285714285714,9,6,15.2,2026-02-08,1,0,0,0,0,0,0,1,0,0,0,1,0,0,0,0,0,0,0,0,0,0,1,0,0,0,0,0,0,1,0,0,1,0,1,0,0,0
3,59.8,22.08,10.5,140.0,7.5,2.0,0.9285714285714286,9,6,15.2,2026-02-08,1,0,0,0,0,0,0,1,0,0,0,1,0,0,0,0,0,0,0,0,0,0,1,0,0,0,0,0,0,0,1,0,0,1,0,0,1,0
3,59.9,7.07,18.3,140.0,7.5,2.0,1.0,9,6,15.2,2026-02-08,1,0,0,0,0,0,0,1,0,0,0,1,0,0,0,0,0,0,0,0,0,0,1,0,0,0,0,0,0,1,0,0,1,0,0,0,1,0
0,63.5,174.42,-0.3,155.0,6.1,1.9,0.06451612903225806,9,6,4.3,2026-02-08,0,1,0,0,0,0,1,0,0,0,0,0,0,0,0,0,1,0,0,0,0,1,0,0,0,0,0,0,0,1,0,0,1,0,0,1,0,0
0,72.8,154.67,0.1,155.0,6.1,0.0,0.16129032258064516,9,6,4.3,2026-02-08,0,1,0,0,0,0,1,0,0,0,0,0,0,0,0,0,1,0,0,0,0,1,0,0,0,0,0,0,0,1,0,0,1,0,0,1,0,0
2,59.6,62.17,11.1,140.0,7.5,2.0,0.6785714285714286,8,6,15.2,2026-02-08,1,0,0,0,0,0,0,1,0,0,0,0,1,0,0,0,0,0,0,0,0,0,0,1,0,0,0,0,0,0,0,1,1,0,0,0,0,1
1,59.5,123.08,-0.8,155.0,6.1,4.6,0.33548387096774196,10,6,4.3,2026-02-08,0,1,0,0,0,0,1,0,0,0,1,0,0,0,0,0,0,0,0,1,0,0,0,0,0,0,0,0,0,0,1,0,0,1,0,0,1,0
0,54.2,148.87,0.8,155.0,6.1,0.0,0.25806451612903225,10,6,4.3,2026-02-08,0,1,0,0,0,0,1,0,0,0,0,0,0,0,0,0,1,0,0,0,0,1,0,0,0,0,0,0,0,1,0,0,1,0,1,0,0,0
1,72.5,141.67,6.8,205.0,8.3,2.0,0.4634146341463415,13,6,15.1,2026-02-08,0,0,1,0,0,0,0,0,1,1,0,0,0,0,0,0,0,0,0,0,0,0,0,0,0,0,1,0,0,1,0,0,1,0,0,1,0,0
1,71.2,160.33,5.4,205.0,8.3,2.0,0.3902439024390244,12,6,15.1,2026-02-08,0,0,1,0,0,0,0,0,1,1,0,0,0,0,0,0,0,0,0,0,0,0,0,0,0,0,1,0,0,0,1,0,1,0,0,1,0,0
1,59.3,180.12,4.9,205.0,8.3,5.2,0.3170731707317073,12,6,15.1,2026-02-08,0,0,1,0,0,0,0,0,1,1,0,0,0,0,0,0,0,0,0,0,0,0,0,0,0,0,1,0,0,0,1,0,1,0,0,1,0,0
0,65.2,221.53,3.6,205.0,8.3,0.0,0.1951219512195122,12,6,15.1,2026-02-08,0,0,1,0,0,0,0,0,1,0,0,0,0,0,0,0,0,1,0,0,0,0,0,0,0,0,0,0,1,1,0,0,0,1,0,0,1,0
0,58.0,240.83,1.7,205.0,8.3,0.0,0.12195121951219512,11,6,15.1,2026-02-08,0,0,1,0,0,0,0,0,1,0,0,0,0,0,0,0,0,1,0,0,0,0,0,0,0,0,0,0,1,0,1,0,0,1,0,1,0,0
2,78.8,71.87,8.4,205.0,8.3,3.1,0.7073170731707317,13,6,15.1,2026-02-08,0,0,1,0,0,0,0,0,1,0,0,0,0,0,1,0,0,0,0,0,0,0,0,0,0,0,0,1,0,0,0,1,1,0,0,1,0,0
2,69.7,22.53,1.2,155.0,6.1,2.0,0.8903225806451613,11,6,4.3,2026-02-08,0,1,0,0,0,0,1,0,0,0,0,0,0,1,0,0,0,0,0,0,1,0,0,0,0,0,0,0,0,0,0,1,1,0,0,0,0,1
2,68.8,40.33,3.8,155.0,6.1,2.0,0.7935483870967742,11,6,4.3,2026-02-08,0,1,0,0,0,0,1,0,0,0,0,0,0,1,0,0,0,0,0,0,1,0,0,0,0,0,0,0,0,0,0,1,1,0,0,1,0,0
2,54.8,59.87,3.7,155.0,6.1,3.0,0.6967741935483871,11,6,4.3,2026-02-08,0,1,0,0,0,0,1,0,0,0,0,0,0,1,0,0,0,0,0,0,1,0,0,0,0,0,0,0,0,0,0,1,0,1,0,0,0,1
1,51.4,98.73,4.6,155.0,6.1,2.0,0.5290322580645161,10,6,4.3,2026-02-08,0,1,0,0,0,0,1,0,0,0,1,0,0,0,0,0,0,0,0,1,0,0,0,0,0,0,0,0,0,1,0,0,1,0,0,1,0,0
1,67.8,104.75,3.1,155.0,6.1,2.0,0.432258064516129,10,6,4.3,2026-02-08,0,1,0,0,0,0,1,0,0,0,1,0,0,0,0,0,0,0,0,1,0,0,0,0,0,0,0,0,0,1,0,0,1,0,0,1,0,0
0,64.4,254.27,-0.2,205.0,8.3,3.4,0.04878048780487805,11,6,15.1,2026-02-08,0,0,1,0,0,0,0,0,1,0,0,0,0,0,0,0,0,1,0,0,0,0,0,0,0,0,0,0,1,1,0,0,1,0,0,1,0,0
0,41.8,157.13,4.9,155.0,5.3,0.0,0.25806451612903225,17,0,12.1,2026-02-09,0,0,0,0,1,0,1,0,0,0,0,0,0,0,0,0,1,0,0,0,0,1,0,0,0,0,0,0,0,0,0,1,1,0,1,0,0,0
0,62.9,158.79,0.6,155.0,5.3,0.0,0.16129032258064516,17,0,12.1,2026-02-09,0,0,0,0,1,0,1,0,0,0,0,0,0,0,0,0,1,0,0,0,0,1,0,0,0,0,0,0,0,1,0,0,1,0,0,0,1,0
0,72.3,172.95,2.9,155.0,5.3,2.3,0.06451612903225806,16,0,12.1,2026-02-09,0,0,0,0,1,0,1,0,0,0,0,0,0,0,0,0,1,0,0,0,0,1,0,0,0,0,0,0,0,0,1,0,1,0,0,0,0,1
3,46.5,16.0,19.0,140.0,13.6,2.0,1.0,17,0,19.6,2026-02-09,0,0,0,1,0,0,0,1,0,0,0,1,0,0,0,0,0,0,0,0,0,0,1,0,0,0,0,0,0,1,0,0,1,0,0,1,0,0
3,46.0,27.83,17.0,140.0,13.6,2.0,0.9285714285714286,16,0,19.6,2026-02-09,0,0,0,1,0,0,0,1,0,0,0,1,0,0,0,0,0,0,0,0,0,0,1,0,0,0,0,0,0,0,1,0,1,0,0,0,0,1
3,54.8,37.87,15.3,140.0,13.6,4.0,0.8214285714285714,16,0,19.6,2026-02-09,0,0,0,1,0,0,0,1,0,0,0,1,0,0,0,0,0,0,0,0,0,0,1,0,0,0,0,0,0,0,0,1,1,0,0,1,0,0
1,72.8,79.47,12.0,140.0,13.6,2.0,0.5357142857142857,15,0,19.6,2026-02-09,0,0,0,1,0,0,0,1,0,0,0,0,0,0,0,1,0,0,0,0,0,0,0,0,1,0,0,0,0,0,0,1,1,0,0,1,0,0
2,66.7,59.21,10.6,140.0,13.6,2.0,0.6785714285714286,16,0,19.6,2026-02-09,0,0,0,1,0,0,0,1,0,0,0,0,1,0,0,0,0,0,0,0,0,0,0,1,0,0,0,0,0,0,1,0,0,1,0,0,0,1
2,55.5,77.75,13.1,140.0,13.6,5.0,0.5714285714285714,15,0,19.6,2026-02-09,0,0,0,1,0,0,0,1,0,0,0,0,1,0,0,0,0,0,0,0,0,0,0,1,0,0,0,0,0,1,0,0,1,0,0,1,0,0
1,70.4,98.67,2.0,140.0,13.6,2.0,0.42857142857142855,15,0,19.6,2026-02-09,0,0,0,1,0,0,0,1,0,0,0,0,0,0,0,1,0,0,0,0,0,0,0,0,1,0,0,0,0,1,0,0,1,0,0,1,0,0
1,79.2,114.8,7.8,140.0,13.6,5.0,0.32142857142857145,15,0,19.6,2026-02-09,0,0,0,1,0,0,0,1,0,0,0,0,0,0,0,1,0,0,0,0,0,0,0,0,1,0,0,0,0,1,0,0,1,0,1,0,0,0
0,55.9,154.73,3.0,140.0,13.6,0.0,0.2857142857142857,15,0,19.6,2026-02-09,0,0,0,1,0,0,0,1,0,0,0,0,0,0,0,0,0,0,1,0,0,0,0,0,0,1,0,0,0,0,1,0,1,0,0,0,1,0
2,49.9,53.73,15.3,140.0,13.6,2.0,0.7857142857142857,16,0,19.6,2026-02-09,0,0,0,1,0,0,0,1,0,0,0,0,1,0,0,0,0,0,0,0,0,0,0,1,0,0,0,0,0,1,0,0,0,1,0,0,0,1
1,66.3,121.95,2.5,155.0,5.3,4.5,0.33548387096774196,17,0,12.1,2026-02-09,0,0,0,0,1,0,1,0,0,0,1,0,0,0,0,0,0,0,0,1,0,0,0,0,0,0,0,0,0,1,0,0,1,0,1,0,0,0
2,70.8,37.8,-0.8,205.0,1.7,2.0,0.8536585365853658,9,0,-2.0,2026-02-09,0,0,0,0,0,1,0,0,1,0,0,0,0,0,1,0,0,0,0,0,0,0,0,0,0,0,0,1,0,0,0,1,0,1,0,1,0,0
1,65.5,89.33,4.5,155.0,5.3,2.0,0.5290322580645161,18,0,12.1,2026-02-09,0,0,0,0,1,0,1,0,0,0,1,0,0,0,0,0,0,0,0,1,0,0,0,0,0,0,0,0,0,1,0,0,1,0,0,1,0,0
2,70.6,57.23,8.0,155.0,5.3,3.3,0.6967741935483871,18,0,12.1,2026-02-09,0,0,0,0,1,0,1,0,0,0,0,0,0,1,0,0,0,0,0,0,1,0,0,0,0,0,0,0,0,1,0,0,1,0,0,0,0,1
2,57.8,44.92,7.9,155.0,5.3,2.0,0.7935483870967742,18,0,12.1,2026-02-09,0,0,0,0,1,0,1,0,0,0,0,0,0,1,0,0,0,0,0,0,1,0,0,0,0,0,0,0,0,1,0,0,0,1,0,0,0,1
2,53.7,33.2,11.7,155.0,5.3,2.0,0.8903225806451613,19,0,12.1,2026-02-09,0,0,0,0,1,0,1,0,0,0,0,0,0,1,0,0,0,0,0,0,1,0,0,0,0,0,0,0,0,0,1,0,1,0,0,0,1,0
0,62.9,254.52,0.9,205.0,1.7,3.2,0.04878048780487805,6,0,-2.0,2026-02-09,0,0,0,0,0,1,0,0,1,0,0,0,0,0,0,0,0,1,0,0,0,0,0,0,0,0,0,0,1,1,0,0,0,1,0,1,0,0
0,69.7,235.96,2.9,205.0,1.7,0.0,0.12195121951219512,6,0,-2.0,2026-02-09,0,0,0,0,0,1,0,0,1,0,0,0,0,0,0,0,0,1,0,0,0,0,0,0,0,0,0,0,1,1,0,0,1,0,1,0,0,0
0,57.0,227.0,-0.1,205.0,1.7,0.0,0.1951219512195122,7,0,-2.0,2026-02-09,0,0,0,0,0,1,0,0,1,0,0,0,0,0,0,0,0,1,0,0,0,0,0,0,0,0,0,0,1,1,0,0,1,0,0,0,0,1
1,72.5,177.92,-3.0,205.0,1.7,3.3,0.3170731707317073,7,0,-2.0,2026-02-09,0,0,0,0,0,1,0,0,1,1,0,0,0,0,0,0,0,0,0,0,0,0,0,0,0,0,1,0,0,0,0,1,1,0,0,1,0,0
1,66.4,162.33,-1.5,205.0,1.7,2.0,0.3902439024390244,7,0,-2.0,2026-02-09,0,0,0,0,0,1,0,0,1,1,0,0,0,0,0,0,0,0,0,0,0,0,0,0,0,0,1,0,0,0,1,0,1,0,0,1,0,0
1,66.6,145.6,-2.4,205.0,1.7,2.0,0.4634146341463415,7,0,-2.0,2026-02-09,0,0,0,0,0,1,0,0,1,1,0,0,0,0,0,0,0,0,0,0,0,0,0,0,0,0,1,0,0,1,0,0,1,0,0,1,0,0
2,67.4,73.77,0.5,205.0,1.7,5.2,0.7073170731707317,8,0,-2.0,2026-02-09,0,0,0,0,0,1,0,0,1,0,0,0,0,0,1,0,0,0,0,0,0,0,0,0,0,0,0,1,0,1,0,0,1,0,0,0,0,1
2,86.4,49.0,0.3,205.0,1.7,2.0,0.7804878048780488,9,0,-2.0,2026-02-09,0,0,0,0,0,1,0,0,1,0,0,0,0,0,1,0,0,0,0,0,0,0,0,0,0,0,0,1,0,0,0,1,0,1,0,0,0,1
0,77.0,159.92,-0.6,140.0,13.6,0.0,0.17857142857142858,15,0,19.6,2026-02-09,0,0,0,1,0,0,0,1,0,0,0,0,0,0,0,0,0,0,1,0,0,0,0,0,0,1,0,0,0,0,0,1,1,0,0,1,0,0
1,60.6,107.75,3.5,155.0,5.3,2.0,0.432258064516129,17,0,12.1,2026-02-09,0,0,0,0,1,0,1,0,0,0,1,0,0,0,0,0,0,0,0,1,0,0,0,0,0,0,0,0,0,0,0,1,1,0,1,0,0,0
0,61.6,181.73,1.9,140.0,13.6,2.9,0.07142857142857142,14,0,19.6,2026-02-09,0,0,0,1,0,0,0,1,0,0,0,0,0,0,0,0,0,0,1,0,0,0,0,0,0,1,0,0,0,1,0,0,1,0,1,0,0,0
2,59.6,45.27,11.2,205.0,10.3,2.0,0.8536585365853658,15,0,14.5,2026-02-09,0,0,1,0,0,0,0,0,1,0,0,0,0,0,1,0,0,0,0,0,0,0,0,0,0,0,0,1,0,1,0,0,0,1,0,0,0,1
2,52.6,63.08,12.2,205.0,10.3,2.0,0.7804878048780488,15,0,14.5,2026-02-09,0,0,1,0,0,0,0,0,1,0,0,0,0,0,1,0,0,0,0,0,0,0,0,0,0,0,0,1,0,1,0,0,1,0,0,1,0,0
0,65.4,164.75,-0.6,140.0,8.7,0.0,0.17857142857142858,8,0,6.2,2026-02-09,1,0,0,0,0,0,0,1,0,0,0,0,0,0,0,0,0,0,1,0,0,0,0,0,0,1,0,0,0,1,0,0,0,1,0,0,1,0
0,77.7,140.2,0.5,140.0,8.7,0.0,0.2857142857142857,8,0,6.2,2026-02-09,1,0,0,0,0,0,0,1,0,0,0,0,0,0,0,0,0,0,1,0,0,0,0,0,0,1,0,0,0,0,1,0,1,0,0,0,1,0
1,76.5,115.25,-1.2,140.0,8.7,3.4,0.32142857142857145,9,0,6.2,2026-02-09,1,0,0,0,0,0,0,1,0,0,0,0,0,0,0,1,0,0,0,0,0,0,0,0,1,0,0,0,0,0,0,1,0,1,0,1,0,0
1,67.2,100.0,2.7,140.0,8.7,2.0,0.42857142857142855,9,0,6.2,2026-02-09,1,0,0,0,0,0,0,1,0,0,0,0,0,0,0,1,0,0,0,0,0,0,0,0,1,0,0,0,0,1,0,0,1,0,0,0,0,1
1,49.4,95.07,6.2,140.0,8.7,2.0,0.5357142857142857,9,0,6.2,2026-02-09,1,0,0,0,0,0,0,1,0,0,0,0,0,0,0,1,0,0,0,0,0,0,0,0,1,0,0,0,0,1,0,0,0,1,1,0,0,0
2,77.7,74.05,-2.3,140.0,8.7,5.7,0.5714285714285714,9,0,6.2,2026-02-09,1,0,0,0,0,0,0,1,0,0,0,0,1,0,0,0,0,0,0,0,0,0,0,1,0,0,0,0,0,1,0,0,1,0,0,1,0,0
2,56.7,63.38,6.9,140.0,8.7,2.0,0.6785714285714286,9,0,6.2,2026-02-09,1,0,0,0,0,0,0,1,0,0,0,0,1,0,0,0,0,0,0,0,0,0,0,1,0,0,0,0,0,1,0,0,1,0,0,0,0,1
2,57.0,49.0,6.7,140.0,8.7,2.0,0.7857142857142857,10,0,6.2,2026-02-09,1,0,0,0,0,0,0,1,0,0,0,0,1,0,0,0,0,0,0,0,0,0,0,1,0,0,0,0,0,1,0,0,1,0,1,0,0,0
3,63.5,36.42,7.9,140.0,8.7,4.3,0.8214285714285714,10,0,6.2,2026-02-09,1,0,0,0,0,0,0,1,0,0,0,1,0,0,0,0,0,0,0,0,0,0,1,0,0,0,0,0,0,1,0,0,1,0,0,1,0,0
3,76.6,15.08,1.6,140.0,8.7,2.0,0.9285714285714286,10,0,6.2,2026-02-09,1,0,0,0,0,0,0,1,0,0,0,1,0,0,0,0,0,0,0,0,0,0,1,0,0,0,0,0,0,0,0,1,1,0,0,0,1,0
3,67.7,1.87,3.5,140.0,8.7,2.0,1.0,10,0,6.2,2026-02-09,1,0,0,0,0,0,0,1,0,0,0,1,0,0,0,0,0,0,0,0,0,0,1,0,0,0,0,0,0,0,0,1,1,0,1,0,0,0
0,54.5,175.92,0.4,155.0,7.3,2.8,0.06451612903225806,10,0,9.2,2026-02-09,0,1,0,0,0,0,1,0,0,0,0,0,0,0,0,0,1,0,0,0,0,1,0,0,0,0,0,0,0,0,0,1,0,1,0,0,1,0
0,59.1,160.38,4.2,155.0,7.3,0.0,0.16129032258064516,10,0,9.2,2026-02-09,0,1,0,0,0,0,1,0,0,0,0,0,0,0,0,0,1,0,0,0,0,1,0,0,0,0,0,0,0,1,0,0,1,0,0,0,0,1
0,81.6,178.4,-1.4,140.0,8.7,0.8,0.07142857142857142,8,0,6.2,2026-02-09,1,0,0,0,0,0,0,1,0,0,0,0,0,0,0,0,0,0,1,0,0,0,0,0,0,1,0,0,0,0,0,1,1,0,0,1,0,0
1,53.5,124.08,4.2,155.0,7.3,3.9,0.33548387096774196,11,0,9.2,2026-02-09,0,1,0,0,0,0,1,0,0,0,1,0,0,0,0,0,0,0,0,1,0,0,0,0,0,0,0,0,0,1,0,0,1,0,0,0,1,0
0,70.3,138.13,2.4,155.0,7.3,0.0,0.25806451612903225,11,0,9.2,2026-02-09,0,1,0,0,0,0,1,0,0,0,0,0,0,0,0,0,1,0,0,0,0,1,0,0,0,0,0,0,0,0,1,0,1,0,0,1,0,0
2,63.3,74.45,11.2,205.0,10.3,3.1,0.7073170731707317,14,0,14.5,2026-02-09,0,0,1,0,0,0,0,0,1,0,0,0,0,0,1,0,0,0,0,0,0,0,0,0,0,0,0,1,0,1,0,0,1,0,1,0,0,0
1,78.2,137.87,7.8,205.0,10.3,2.0,0.4634146341463415,14,0,14.5,2026-02-09,0,0,1,0,0,0,0,0,1,1,0,0,0,0,0,0,0,0,0,0,0,0,0,0,0,0,1,0,0,0,0,1,0,1,0,1,0,0
1,66.6,162.25,7.2,205.0,10.3,2.0,0.3902439024390244,13,0,14.5,2026-02-09,0,0,1,0,0,0,0,0,1,1,0,0,0,0,0,0,0,0,0,0,0,0,0,0,0,0,1,0,0,1,0,0,1,0,0,0,0,1
0,71.6,217.27,-2.4,205.0,10.3,0.0,0.1951219512195122,13,0,14.5,2026-02-09,0,0,1,0,0,0,0,0,1,0,0,0,0,0,0,0,0,1,0,0,0,0,0,0,0,0,0,0,1,0,0,1,1,0,0,1,0,0
0,80.9,231.29,0.7,205.0,10.3,0.0,0.12195121951219512,12,0,14.5,2026-02-09,0,0,1,0,0,0,0,0,1,0,0,0,0,0,0,0,0,1,0,0,0,0,0,0,0,0,0,0,1,0,0,1,1,0,0,0,0,1
1,68.6,178.57,3.4,205.0,10.3,4.8,0.3170731707317073,13,0,14.5,2026-02-09,0,0,1,0,0,0,0,0,1,1,0,0,0,0,0,0,0,0,0,0,0,0,0,0,0,0,1,0,0,0,1,0,1,0,0,0,0,1
2,69.7,22.53,6.6,155.0,7.3,2.0,0.8903225806451613,12,0,9.2,2026-02-09,0,1,0,0,0,0,1,0,0,0,0,0,0,1,0,0,0,0,0,0,1,0,0,0,0,0,0,0,0,0,0,1,1,0,0,0,0,1
2,63.1,42.71,4.9,155.0,7.3,2.0,0.7935483870967742,12,0,9.2,2026-02-09,0,1,0,0,0,0,1,0,0,0,0,0,0,1,0,0,0,0,0,0,1,0,0,0,0,0,0,0,0,0,0,1,0,1,1,0,0,0
2,62.9,58.52,2.7,155.0,7.3,4.5,0.6967741935483871,12,0,9.2,2026-02-09,0,1,0,0,0,0,1,0,0,0,0,0,0,1,0,0,0,0,0,0,1,0,0,0,0,0,0,0,0,0,0,1,0,1,0,1,0,0
1,66.7,88.53,4.9,155.0,7.3,2.0,0.5290322580645161,11,0,9.2,2026-02-09,0,1,0,0,0,0,1,0,0,0,1,0,0,0,0,0,0,0,0,1,0,0,0,0,0,0,0,0,0,0,1,0,1,0,0,1,0,0
1,62.3,107.04,2.7,155.0,7.3,2.0,0.432258064516129,11,0,9.2,2026-02-09,0,1,0,0,0,0,1,0,0,0,1,0,0,0,0,0,0,0,0,1,0,0,0,0,0,0,0,0,0,0,1,0,1,0,1,0,0,0
0,71.6,253.07,-1.1,205.0,10.3,2.1,0.04878048780487805,12,0,14.5,2026-02-09,0,0,1,0,0,0,0,0,1,0,0,0,0,0,0,0,0,1,0,0,0,0,0,0,0,0,0,0,1,1,0,0,1,0,0,1,0,0
3,59.2,22.33,10.5,140.0,13.8,2.0,0.9285714285714286,17,1,11.1,2026-02-10,0,0,0,1,0,0,0,1,0,0,0,1,0,0,0,0,0,0,0,0,0,0,1,0,0,0,0,0,0,0,0,1,1,0,0,1,0,0
0,65.2,157.83,0.9,155.0,1.1,0.0,0.16129032258064516,6,1,-2.0,2026-02-10,0,0,0,0,1,0,1,0,0,0,0,0,0,0,0,0,1,0,0,0,0,1,0,0,0,0,0,0,0,0,1,0,0,1,0,1,0,0
0,70.4,173.27,3.5,155.0,1.1,3.1,0.06451612903225806,5,1,-2.0,2026-02-10,0,0,0,0,1,0,1,0,0,0,0,0,0,0,0,0,1,0,0,0,0,1,0,0,0,0,0,0,0,1,0,0,1,0,0,0,0,1
3,66.6,2.6,11.2,140.0,13.8,2.0,1.0,18,1,11.1,2026-02-10,0,0,0,1,0,0,0,1,0,0,0,1,0,0,0,0,0,0,0,0,0,0,1,0,0,0,0,0,0,0,0,1,0,1,0,0,1,0
3,53.5,38.08,10.9,140.0,13.8,5.0,0.8214285714285714,17,1,11.1,2026-02-10,0,0,0,1,0,0,0,1,0,0,0,1,0,0,0,0,0,0,0,0,0,0,1,0,0,0,0,0,0,1,0,0,1,0,0,1,0,0
1,82.7,114.22,6.7,140.0,13.8,6.7,0.32142857142857145,16,1,11.1,2026-02-10,0,0,0,1,0,0,0,1,0,0,0,0,0,0,0,1,0,0,0,0,0,0,0,0,1,0,0,0,0,0,0,1,1,0,0,1,0,0
2,66.9,59.12,6.0,140.0,13.8,2.0,0.6785714285714286,17,1,11.1,2026-02-10,0,0,0,1,0,0,0,1,0,0,0,0,1,0,0,0,0,0,0,0,0,0,0,1,0,0,0,0,0,0,0,1,0,1,0,0,0,1
2,58.6,77.23,5.4,140.0,13.8,3.7,0.5714285714285714,16,1,11.1,2026-02-10,0,0,0,1,0,0,0,1,0,0,0,0,1,0,0,0,0,0,0,0,0,0,0,1,0,0,0,0,0,1,0,0,0,1,0,0,0,1
1,65.3,84.47,5.3,140.0,13.8,2.0,0.5357142857142857,16,1,11.1,2026-02-10,0,0,0,1,0,0,0,1,0,0,0,0,0,0,0,1,0,0,0,0,0,0,0,0,1,0,0,0,0,1,0,0,0,1,0,1,0,0
1,52.9,105.96,4.7,140.0,13.8,2.0,0.42857142857142855,16,1,11.1,2026-02-10,0,0,0,1,0,0,0,1,0,0,0,0,0,0,0,1,0,0,0,0,0,0,0,0,1,0,0,0,0,0,1,0,1,0,1,0,0,0
0,84.2,128.87,-2.3,155.0,1.1,0.0,0.25806451612903225,6,1,-2.0,2026-02-10,0,0,0,0,1,0,1,0,0,0,0,0,0,0,0,0,1,0,0,0,0,1,0,0,0,0,0,0,0,0,0,1,1,0,1,0,0,0
2,52.5,52.0,10.7,140.0,13.8,2.0,0.7857142857142857,17,1,11.1,2026-02-10,0,0,0,1,0,0,0,1,0,0,0,0,1,0,0,0,0,0,0,0,0,0,0,1,0,0,0,0,0,0,1,0,0,1,1,0,0,0
1,62.8,122.53,0.8,155.0,1.1,4.9,0.33548387096774196,6,1,-2.0,2026-02-10,0,0,0,0,1,0,1,0,0,0,1,0,0,0,0,0,0,0,0,1,0,0,0,0,0,0,0,0,0,1,0,0,1,0,0,1,0,0
0,57.6,241.0,5.1,205.0,7.7,0.0,0.12195121951219512,7,1,12.0,2026-02-10,0,0,0,0,0,1,0,0,1,0,0,0,0,0,0,0,0,1,0,0,0,0,0,0,0,0,0,0,1,1,0,0,1,0,1,0,0,0
1,82.8,77.8,-2.7,155.0,1.1,2.0,0.5290322580645161,7,1,-2.0,2026-02-10,0,0,0,0,1,0,1,0,0,0,1,0,0,0,0,0,0,0,0,1,0,0,0,0,0,0,0,0,0,0,1,0,0,1,0,0,0,1
2,86.7,54.55,-3.0,155.0,1.1,4.0,0.6967741935483871,7,1,-2.0,2026-02-10,0,0,0,0,1,0,1,0,0,0,0,0,0,1,0,0,0,0,0,0,1,0,0,0,0,0,0,0,0,0,1,0,1,0,0,0,1,0
2,66.7,41.21,-2.8,155.0,1.1,2.0,0.7935483870967742,7,1,-2.0,2026-02-10,0,0,0,0,1,0,1,0,0,0,0,0,0,1,0,0,0,0,0,0,1,0,0,0,0,0,0,0,0,0,1,0,0,1,0,1,0,0
2,68.0,23.67,2.2,155.0,1.1,2.0,0.8903225806451613,8,1,-2.0,2026-02-10,0,0,0,0,1,0,1,0,0,0,0,0,0,1,0,0,0,0,0,0,1,0,0,0,0,0,0,0,0,1,0,0,0,1,0,0,1,0
0,62.5,254.58,1.3,205.0,7.7,2.9,0.04878048780487805,7,1,12.0,2026-02-10,0,0,0,0,0,1,0,0,1,0,0,0,0,0,0,0,0,1,0,0,0,0,0,0,0,0,0,0,1,1,0,0,1,0,0,1,0,0
0,69.3,218.8,3.5,205.0,7.7,0.0,0.1951219512195122,8,1,12.0,2026-02-10,0,0,0,0,0,1,0,0,1,0,0,0,0,0,0,0,0,1,0,0,0,0,0,0,0,0,0,0,1,0,0,1,1,0,1,0,0,0
1,54.1,180.98,4.9,205.0,7.7,5.3,0.3170731707317073,8,1,12.0,2026-02-10,0,0,0,0,0,1,0,0,1,1,0,0,0,0,0,0,0,0,0,0,0,0,0,0,0,0,1,0,0,0,0,1,0,1,0,1,0,0
1,36.8,174.67,2.4,205.0,7.7,2.0,0.3902439024390244,8,1,12.0,2026-02-10,0,0,0,0,0,1,0,0,1,1,0,0,0,0,0,0,0,0,0,0,0,0,0,0,0,0,1,0,0,1,0,0,1,0,1,0,0,0
1,53.8,154.13,5.8,205.0,7.7,2.0,0.4634146341463415,8,1,12.0,2026-02-10,0,0,0,0,0,1,0,0,1,1,0,0,0,0,0,0,0,0,0,0,0,0,0,0,0,0,1,0,0,1,0,0,1,0,0,1,0,0
2,72.3,72.95,7.7,205.0,7.7,6.1,0.7073170731707317,9,1,12.0,2026-02-10,0,0,0,0,0,1,0,0,1,0,0,0,0,0,1,0,0,0,0,0,0,0,0,0,0,0,0,1,0,1,0,0,0,1,0,0,1,0
2,68.5,56.46,9.7,205.0,7.7,2.0,0.7804878048780488,10,1,12.0,2026-02-10,0,0,0,0,0,1,0,0,1,0,0,0,0,0,1,0,0,0,0,0,0,0,0,0,0,0,0,1,0,1,0,0,1,0,0,0,1,0
2,60.3,44.8,7.3,205.0,7.7,2.0,0.8536585365853658,10,1,12.0,2026-02-10,0,0,0,0,0,1,0,0,1,0,0,0,0,0,1,0,0,0,0,0,0,0,0,0,0,0,0,1,0,1,0,0,1,0,1,0,0,0
0,63.3,149.8,3.0,140.0,13.8,0.0,0.2857142857142857,16,1,11.1,2026-02-10,0,0,0,1,0,0,0,1,0,0,0,0,0,0,0,0,0,0,1,0,0,0,0,0,0,1,0,0,0,0,0,1,0,1,0,0,0,1
1,68.1,104.62,-0.4,155.0,1.1,2.0,0.432258064516129,6,1,-2.0,2026-02-10,0,0,0,0,1,0,1,0,0,0,1,0,0,0,0,0,0,0,0,1,0,0,0,0,0,0,0,0,0,0,0,1,1,0,0,0,1,0
0,60.4,166.83,1.1,140.0,13.8,0.0,0.17857142857142858,16,1,11.1,2026-02-10,0,0,0,1,0,0,0,1,0,0,0,0,0,0,0,0,0,0,1,0,0,0,0,0,0,1,0,0,0,0,0,1,0,1,0,1,0,0
0,73.0,179.83,-3.0,140.0,13.8,2.1,0.07142857142857142,15,1,11.1,2026-02-10,0,0,0,1,0,0,0,1,0,0,0,0,0,0,0,0,0,0,1,0,0,0,0,0,0,1,0,0,0,0,1,0,1,0,0,1,0,0
0,58.1,182.32,-0.6,140.0,3.1,3.2,0.07142857142857142,9,1,8.6,2026-02-10,1,0,0,0,0,0,0,1,0,0,0,0,0,0,0,0,0,0,1,0,0,0,0,0,0,1,0,0,0,0,0,1,0,1,0,0,0,1
0,67.8,163.75,-0.6,140.0,3.1,0.0,0.17857142857142858,9,1,8.6,2026-02-10,1,0,0,0,0,0,0,1,0,0,0,0,0,0,0,0,0,0,1,0,0,0,0,0,0,1,0,0,0,0,0,1,1,0,0,1,0,0
0,70.2,145.2,2.1,140.0,3.1,0.0,0.2857142857142857,9,1,8.6,2026-02-10,1,0,0,0,0,0,0,1,0,0,0,0,0,0,0,0,0,0,1,0,0,0,0,0,0,1,0,0,0,1,0,0,0,1,0,1,0,0
1,64.7,117.22,0.4,140.0,3.1,4.3,0.32142857142857145,10,1,8.6,2026-02-10,1,0,0,0,0,0,0,1,0,0,0,0,0,0,0,1,0,0,0,0,0,0,0,0,1,0,0,0,0,0,1,0,1,0,0,0,0,1
1,73.6,97.33,3.1,140.0,3.1,2.0,0.42857142857142855,10,1,8.6,2026-02-10,1,0,0,0,0,0,0,1,0,0,0,0,0,0,0,1,0,0,0,0,0,0,0,0,1,0,0,0,0,0,0,1,0,1,0,0,0,1
1,66.4,83.73,3.4,140.0,3.1,2.0,0.5357142857142857,10,1,8.6,2026-02-10,1,0,0,0,0,0,0,1,0,0,0,0,0,0,0,1,0,0,0,0,0,0,0,0,1,0,0,0,0,1,0,0,1,0,0,0,0,1
2,64.5,76.25,1.0,140.0,3.1,4.6,0.5714285714285714,10,1,8.6,2026-02-10,1,0,0,0,0,0,0,1,0,0,0,0,1,0,0,0,0,0,0,0,0,0,0,1,0,0,0,0,0,0,1,0,1,0,0,1,0,0
2,65.1,59.88,6.3,140.0,3.1,2.0,0.6785714285714286,10,1,8.6,2026-02-10,1,0,0,0,0,0,0,1,0,0,0,0,1,0,0,0,0,0,0,0,0,0,0,1,0,0,0,0,0,0,0,1,1,0,0,0,0,1
2,84.5,30.67,5.7,140.0,3.1,2.0,0.7857142857142857,11,1,8.6,2026-02-10,1,0,0,0,0,0,0,1,0,0,0,0,1,0,0,0,0,0,0,0,0,0,0,1,0,0,0,0,0,1,0,0,1,0,0,0,1,0
3,44.8,39.53,7.6,140.0,3.1,4.3,0.8214285714285714,11,1,8.6,2026-02-10,1,0,0,0,0,0,0,1,0,0,0,1,0,0,0,0,0,0,0,0,0,0,1,0,0,0,0,0,0,1,0,0,1,0,0,1,0,0
3,43.2,29.0,6.6,140.0,3.1,2.0,0.9285714285714286,11,1,8.6,2026-02-10,1,0,0,0,0,0,0,1,0,0,0,1,0,0,0,0,0,0,0,0,0,0,1,0,0,0,0,0,0,1,0,0,1,0,1,0,0,0
3,64.9,3.73,10.7,140.0,3.1,2.0,1.0,11,1,8.6,2026-02-10,1,0,0,0,0,0,0,1,0,0,0,1,0,0,0,0,0,0,0,0,0,0,1,0,0,0,0,0,0,1,0,0,1,0,1,0,0,0
0,88.7,170.22,-0.1,155.0,3.7,2.0,0.06451612903225806,11,1,15.2,2026-02-10,0,1,0,0,0,0,1,0,0,0,0,0,0,0,0,0,1,0,0,0,0,1,0,0,0,0,0,0,0,1,0,0,1,0,0,1,0,0
0,78.5,152.29,0.1,155.0,3.7,0.0,0.16129032258064516,11,1,15.2,2026-02-10,0,1,0,0,0,0,1,0,0,0,0,0,0,0,0,0,1,0,0,0,0,1,0,0,0,0,0,0,0,1,0,0,1,0,0,0,0,1
0,68.0,139.67,6.8,155.0,3.7,0.0,0.25806451612903225,12,1,15.2,2026-02-10,0,1,0,0,0,0,1,0,0,0,0,0,0,0,0,0,1,0,0,0,0,1,0,0,0,0,0,0,0,1,0,0,1,0,0,0,0,1
2,54.3,48.8,9.3,205.0,9.5,2.0,0.8536585365853658,16,1,9.8,2026-02-10,0,0,1,0,0,0,0,0,1,0,0,0,0,0,1,0,0,0,0,0,0,0,0,0,0,0,0,1,0,0,0,1,0,1,0,0,0,1
1,66.7,105.21,5.2,155.0,3.7,2.0,0.432258064516129,12,1,15.2,2026-02-10,0,1,0,0,0,0,1,0,0,0,1,0,0,0,0,0,0,0,0,1,0,0,0,0,0,0,0,0,0,1,0,0,1,0,0,1,0,0
2,66.1,57.46,6.7,205.0,9.5,2.0,0.7804878048780488,16,1,9.8,2026-02-10,0,0,1,0,0,0,0,0,1,0,0,0,0,0,1,0,0,0,0,0,0,0,0,0,0,0,0,1,0,1,0,0,1,0,0,0,1,0
2,62.1,74.65,4.3,205.0,9.5,4.8,0.7073170731707317,15,1,9.8,2026-02-10,0,0,1,0,0,0,0,0,1,0,0,0,0,0,1,0,0,0,0,0,0,0,0,0,0,0,0,1,0,1,0,0,1,0,0,0,1,0
1,47.9,158.07,5.5,205.0,9.5,2.0,0.4634146341463415,15,1,9.8,2026-02-10,0,0,1,0,0,0,0,0,1,1,0,0,0,0,0,0,0,0,0,0,0,0,0,0,0,0,1,0,0,0,0,1,1,0,0,0,0,1
1,68.2,121.63,6.8,155.0,3.7,3.7,0.33548387096774196,12,1,15.2,2026-02-10,0,1,0,0,0,0,1,0,0,0,1,0,0,0,0,0,0,0,0,1,0,0,0,0,0,0,0,0,0,1,0,0,0,1,0,0,1,0
1,71.9,178.02,3.4,205.0,9.5,4.5,0.3170731707317073,14,1,9.8,2026-02-10,0,0,1,0,0,0,0,0,1,1,0,0,0,0,0,0,0,0,0,0,0,0,0,0,0,0,1,0,0,1,0,0,1,0,0,0,1,0
0,58.2,226.2,3.7,205.0,9.5,0.0,0.1951219512195122,14,1,9.8,2026-02-10,0,0,1,0,0,0,0,0,1,0,0,0,0,0,0,0,0,1,0,0,0,0,0,0,0,0,0,0,1,0,1,0,1,0,0,1,0,0
1,56.6,166.42,4.4,205.0,9.5,2.0,0.3902439024390244,14,1,9.8,2026-02-10,0,0,1,0,0,0,0,0,1,1,0,0,0,0,0,0,0,0,0,0,0,0,0,0,0,0,1,0,0,0,1,0,1,0,0,1,0,0
0,43.7,257.72,6.2,205.0,9.5,2.3,0.04878048780487805,13,1,9.8,2026-02-10,0,0,1,0,0,0,0,0,1,0,0,0,0,0,0,0,0,1,0,0,0,0,0,0,0,0,0,0,1,1,0,0,1,0,0,0,1,0
2,62.1,27.6,13.9,155.0,3.7,2.0,0.8903225806451613,13,1,15.2,2026-02-10,0,1,0,0,0,0,1,0,0,0,0,0,0,1,0,0,0,0,0,0,1,0,0,0,0,0,0,0,0,0,1,0,1,0,0,1,0,0
2,60.0,44.0,11.5,155.0,3.7,2.0,0.7935483870967742,13,1,15.2,2026-02-10,0,1,0,0,0,0,1,0,0,0,0,0,0,1,0,0,0,0,0,0,1,0,0,0,0,0,0,0,0,0,0,1,1,0,0,0,1,0
2,53.2,60.13,10.9,155.0,3.7,3.6,0.6967741935483871,13,1,15.2,2026-02-10,0,1,0,0,0,0,1,0,0,0,0,0,0,1,0,0,0,0,0,0,1,0,0,0,0,0,0,0,0,1,0,0,1,0,0,0,1,0
1,67.0,88.33,6.5,155.0,3.7,2.0,0.5290322580645161,12,1,15.2,2026-02-10,0,1,0,0,0,0,1,0,0,0,1,0,0,0,0,0,0,0,0,1,0,0,0,0,0,0,0,0,0,1,0,0,0,1,0,0,0,1
0,70.4,235.67,1.9,205.0,9.5,0.0,0.12195121951219512,13,1,9.8,2026-02-10,0,0,1,0,0,0,0,0,1,0,0,0,0,0,0,0,0,1,0,0,0,0,0,0,0,0,0,0,1,0,1,0,1,0,0,0,0,1
0,72.1,154.96,3.2,155.0,1.1,0.0,0.16129032258064516,7,2,11.5,2026-02-11,0,0,0,0,1,0,1,0,0,0,0,0,0,0,0,0,1,0,0,0,0,1,0,0,0,0,0,0,0,0,1,0,1,0,0,0,1,0
0,60.8,174.87,1.6,155.0,1.1,3.4,0.06451612903225806,6,2,11.5,2026-02-11,0,0,0,0,1,0,1,0,0,0,0,0,0,0,0,0,1,0,0,0,0,1,0,0,0,0,0,0,0,0,1,0,1,0,0,0,1,0
3,60.7,6.53,5.4,140.0,7.6,2.0,1.0,19,2,3.8,2026-02-11,0,0,0,1,0,0,0,1,0,0,0,1,0,0,0,0,0,0,0,0,0,0,1,0,0,0,0,0,0,0,0,1,1,0,1,0,0,0
3,72.3,16.88,3.0,140.0,7.6,2.0,0.9285714285714286,18,2,3.8,2026-02-11,0,0,0,1,0,0,0,1,0,0,0,1,0,0,0,0,0,0,0,0,0,0,1,0,0,0,0,0,0,0,0,1,1,0,1,0,0,0
3,69.0,35.5,3.3,140.0,7.6,2.6,0.8214285714285714,18,2,3.8,2026-02-11,0,0,0,1,0,0,0,1,0,0,0,1,0,0,0,0,0,0,0,0,0,0,1,0,0,0,0,0,0,1,0,0,0,1,0,0,1,0
0,80.8,138.13,3.9,140.0,7.6,0.0,0.2857142857142857,17,2,3.8,2026-02-11,0,0,0,1,0,0,0,1,0,0,0,0,0,0,0,0,0,0,1,0,0,0,0,0,0,1,0,0,0,0,1,0,1,0,1,0,0,0
2,68.6,58.42,1.8,140.0,7.6,2.0,0.6785714285714286,18,2,3.8,2026-02-11,0,0,0,1,0,0,0,1,0,0,0,0,1,0,0,0,0,0,0,0,0,0,0,1,0,0,0,0,0,0,0,1,1,0,0,1,0,0
2,63.9,76.35,2.2,140.0,7.6,4.4,0.5714285714285714,17,2,3.8,2026-02-11,0,0,0,1,0,0,0,1,0,0,0,0,1,0,0,0,0,0,0,0,0,0,0,1,0,0,0,0,0,1,0,0,1,0,0,0,0,1
1,61.3,87.13,4.7,140.0,7.6,2.0,0.5357142857142857,17,2,3.8,2026-02-11,0,0,0,1,0,0,0,1,0,0,0,0,0,0,0,1,0,0,0,0,0,0,0,0,1,0,0,0,0,1,0,0,1,0,1,0,0,0
1,79.9,94.71,0.7,140.0,7.6,2.0,0.42857142857142855,17,2,3.8,2026-02-11,0,0,0,1,0,0,0,1,0,0,0,0,0,0,0,1,0,0,0,0,0,0,0,0,1,0,0,0,0,0,0,1,1,0,0,0,0,1
1,62.9,117.52,2.3,140.0,7.6,5.5,0.32142857142857145,17,2,3.8,2026-02-11,0,0,0,1,0,0,0,1,0,0,0,0,0,0,0,1,0,0,0,0,0,0,0,0,1,0,0,0,0,1,0,0,1,0,1,0,0,0
0,61.5,144.0,2.8,155.0,1.1,0.0,0.25806451612903225,7,2,11.5,2026-02-11,0,0,0,0,1,0,1,0,0,0,0,0,0,0,0,0,1,0,0,0,0,1,0,0,0,0,0,0,0,0,1,0,0,1,0,1,0,0
2,73.7,37.87,4.6,140.0,7.6,2.0,0.7857142857142857,18,2,3.8,2026-02-11,0,0,0,1,0,0,0,1,0,0,0,0,1,0,0,0,0,0,0,0,0,0,0,1,0,0,0,0,0,0,1,0,1,0,0,1,0,0
1,53.3,124.12,5.5,155.0,1.1,3.7,0.33548387096774196,7,2,11.5,2026-02-11,0,0,0,0,1,0,1,0,0,0,1,0,0,0,0,0,0,0,0,1,0,0,0,0,0,0,0,0,0,0,1,0,1,0,0,0,1,0
0,79.0,232.08,2.5,205.0,16.4,0.0,0.12195121951219512,8,2,24.7,2026-02-11,0,0,0,0,0,1,0,0,1,0,0,0,0,0,0,0,0,1,0,0,0,0,0,0,0,0,0,0,1,1,0,0,0,1,0,1,0,0
1,56.6,95.27,9.7,155.0,1.1,2.0,0.5290322580645161,8,2,11.5,2026-02-11,0,0,0,0,1,0,1,0,0,0,1,0,0,0,0,0,0,0,0,1,0,0,0,0,0,0,0,0,0,1,0,0,1,0,0,1,0,0
2,67.0,57.83,6.3,155.0,1.1,3.0,0.6967741935483871,8,2,11.5,2026-02-11,0,0,0,0,1,0,1,0,0,0,0,0,0,1,0,0,0,0,0,0,1,0,0,0,0,0,0,0,0,1,0,0,1,0,0,0,1,0
2,49.8,48.25,8.2,155.0,1.1,2.0,0.7935483870967742,8,2,11.5,2026-02-11,0,0,0,0,1,0,1,0,0,0,0,0,0,1,0,0,0,0,0,0,1,0,0,0,0,0,0,0,0,0,0,1,0,1,0,0,1,0
2,72.8,20.47,9.6,155.0,1.1,2.0,0.8903225806451613,9,2,11.5,2026-02-11,0,0,0,0,1,0,1,0,0,0,0,0,0,1,0,0,0,0,0,0,1,0,0,0,0,0,0,0,0,0,1,0,1,0,1,0,0,0
0,68.1,253.65,1.0,205.0,16.4,2.9,0.04878048780487805,8,2,24.7,2026-02-11,0,0,0,0,0,1,0,0,1,0,0,0,0,0,0,0,0,1,0,0,0,0,0,0,0,0,0,0,1,0,0,1,0,1,0,1,0,0
0,63.0,223.0,7.7,205.0,16.4,0.0,0.1951219512195122,9,2,24.7,2026-02-11,0,0,0,0,0,1,0,0,1,0,0,0,0,0,0,0,0,1,0,0,0,0,0,0,0,0,0,0,1,1,0,0,1,0,0,0,0,1
1,80.5,176.58,7.5,205.0,16.4,4.4,0.3170731707317073,9,2,24.7,2026-02-11,0,0,0,0,0,1,0,0,1,1,0,0,0,0,0,0,0,0,0,0,0,0,0,0,0,0,1,0,0,1,0,0,1,0,0,1,0,0
1,54.3,167.38,13.3,205.0,16.4,2.0,0.3902439024390244,9,2,24.7,2026-02-11,0,0,0,0,0,1,0,0,1,1,0,0,0,0,0,0,0,0,0,0,0,0,0,0,0,0,1,0,0,0,1,0,1,0,0,0,0,1
1,65.2,146.53,15.1,205.0,16.4,2.0,0.4634146341463415,9,2,24.7,2026-02-11,0,0,0,0,0,1,0,0,1,1,0,0,0,0,0,0,0,0,0,0,0,0,0,0,0,0,1,0,0,0,0,1,0,1,0,0,0,1
2,50.7,76.55,16.2,205.0,16.4,3.3,0.7073170731707317,10,2,24.7,2026-02-11,0,0,0,0,0,1,0,0,1,0,0,0,0,0,1,0,0,0,0,0,0,0,0,0,0,0,0,1,0,1,0,0,1,0,0,0,0,1
2,57.6,61.0,17.3,205.0,16.4,2.0,0.7804878048780488,11,2,24.7,2026-02-11,0,0,0,0,0,1,0,0,1,0,0,0,0,0,1,0,0,0,0,0,0,0,0,0,0,0,0,1,0,0,0,1,1,0,1,0,0,0
2,47.5,53.33,18.6,205.0,16.4,2.0,0.8536585365853658,11,2,24.7,2026-02-11,0,0,0,0,0,1,0,0,1,0,0,0,0,0,1,0,0,0,0,0,0,0,0,0,0,0,0,1,0,1,0,0,1,0,0,0,1,0
0,58.5,167.62,3.6,140.0,7.6,0.0,0.17857142857142858,17,2,3.8,2026-02-11,0,0,0,1,0,0,0,1,0,0,0,0,0,0,0,0,0,0,1,0,0,0,0,0,0,1,0,0,0,0,1,0,0,1,1,0,0,0
1,86.2,97.08,4.7,155.0,1.1,2.0,0.432258064516129,7,2,11.5,2026-02-11,0,0,0,0,1,0,1,0,0,0,1,0,0,0,0,0,0,0,0,1,0,0,0,0,0,0,0,0,0,1,0,0,1,0,0,0,0,1
2,57.1,46.93,8.7,205.0,4.2,2.0,0.8536585365853658,17,2,13.7,2026-02-11,0,0,1,0,0,0,0,0,1,0,0,0,0,0,1,0,0,0,0,0,0,0,0,0,0,0,0,1,0,0,0,1,1,0,0,0,1,0
0,69.2,253.47,0.6,205.0,4.2,3.4,0.04878048780487805,14,2,13.7,2026-02-11,0,0,1,0,0,0,0,0,1,0,0,0,0,0,0,0,0,1,0,0,0,0,0,0,0,0,0,0,1,0,0,1,1,0,0,0,0,1
2,69.6,56.0,10.1,205.0,4.2,2.0,0.7804878048780488,17,2,13.7,2026-02-11,0,0,1,0,0,0,0,0,1,0,0,0,0,0,1,0,0,0,0,0,0,0,0,0,0,0,0,1,0,1,0,0,0,1,0,0,0,1
0,55.7,182.72,0.2,140.0,14.0,0.7,0.07142857142857142,10,2,19.1,2026-02-11,1,0,0,0,0,0,0,1,0,0,0,0,0,0,0,0,0,0,1,0,0,0,0,0,0,1,0,0,0,0,0,1,0,1,0,0,0,1
0,59.8,167.08,4.0,140.0,14.0,0.0,0.17857142857142858,10,2,19.1,2026-02-11,1,0,0,0,0,0,0,1,0,0,0,0,0,0,0,0,0,0,1,0,0,0,0,0,0,1,0,0,0,0,0,1,0,1,0,1,0,0
0,67.8,146.8,5.1,140.0,14.0,0.0,0.2857142857142857,10,2,19.1,2026-02-11,1,0,0,0,0,0,0,1,0,0,0,0,0,0,0,0,0,0,1,0,0,0,0,0,0,1,0,0,0,1,0,0,0,1,0,0,1,0
1,57.5,118.42,5.1,140.0,14.0,5.6,0.32142857142857145,11,2,19.1,2026-02-11,1,0,0,0,0,0,0,1,0,0,0,0,0,0,0,1,0,0,0,0,0,0,0,0,1,0,0,0,0,1,0,0,1,0,0,1,0,0
1,69.5,99.04,8.6,140.0,14.0,2.0,0.42857142857142855,11,2,19.1,2026-02-11,1,0,0,0,0,0,0,1,0,0,0,0,0,0,0,1,0,0,0,0,0,0,0,0,1,0,0,0,0,0,1,0,1,0,0,1,0,0
1,55.8,90.8,7.9,140.0,14.0,2.0,0.5357142857142857,11,2,19.1,2026-02-11,1,0,0,0,0,0,0,1,0,0,0,0,0,0,0,1,0,0,0,0,0,0,0,0,1,0,0,0,0,1,0,0,1,0,0,0,1,0
2,40.3,80.28,11.8,140.0,14.0,5.4,0.5714285714285714,11,2,19.1,2026-02-11,1,0,0,0,0,0,0,1,0,0,0,0,1,0,0,0,0,0,0,0,0,0,0,1,0,0,0,0,0,0,0,1,1,0,1,0,0,0
0,48.3,183.95,0.8,140.0,7.6,2.6,0.07142857142857142,16,2,3.8,2026-02-11,0,0,0,1,0,0,0,1,0,0,0,0,0,0,0,0,0,0,1,0,0,0,0,0,0,1,0,0,0,0,0,1,1,0,0,0,1,0
2,45.7,56.53,13.0,140.0,14.0,2.0,0.7857142857142857,12,2,19.1,2026-02-11,1,0,0,0,0,0,0,1,0,0,0,0,1,0,0,0,0,0,0,0,0,0,0,1,0,0,0,0,0,0,1,0,1,0,0,1,0,0
3,58.7,37.22,15.1,140.0,14.0,4.0,0.8214285714285714,12,2,19.1,2026-02-11,1,0,0,0,0,0,0,1,0,0,0,1,0,0,0,0,0,0,0,0,0,0,1,0,0,0,0,0,0,1,0,0,1,0,1,0,0,0
3,46.8,27.5,16.8,140.0,14.0,2.0,0.9285714285714286,12,2,19.1,2026-02-11,1,0,0,0,0,0,0,1,0,0,0,1,0,0,0,0,0,0,0,0,0,0,1,0,0,0,0,0,0,1,0,0,0,1,0,1,0,0
3,60.9,6.4,21.3,140.0,14.0,2.0,1.0,12,2,19.1,2026-02-11,1,0,0,0,0,0,0,1,0,0,0,1,0,0,0,0,0,0,0,0,0,0,1,0,0,0,0,0,0,0,0,1,1,0,0,0,0,1
0,67.4,173.77,3.7,155.0,10.9,1.3,0.06451612903225806,12,2,10.4,2026-02-11,0,1,0,0,0,0,1,0,0,0,0,0,0,0,0,0,1,0,0,0,0,1,0,0,0,0,0,0,0,0,1,0,1,0,0,0,0,1
0,71.6,155.17,5.9,155.0,10.9,0.0,0.16129032258064516,12,2,10.4,2026-02-11,0,1,0,0,0,0,1,0,0,0,0,0,0,0,0,0,1,0,0,0,0,1,0,0,0,0,0,0,0,1,0,0,0,1,1,0,0,0
2,65.2,59.83,11.8,140.0,14.0,2.0,0.6785714285714286,11,2,19.1,2026-02-11,1,0,0,0,0,0,0,1,0,0,0,0,1,0,0,0,0,0,0,0,0,0,0,1,0,0,0,0,0,0,1,0,1,0,0,1,0,0
1,65.1,122.15,1.3,155.0,10.9,3.7,0.33548387096774196,13,2,10.4,2026-02-11,0,1,0,0,0,0,1,0,0,0,1,0,0,0,0,0,0,0,0,1,0,0,0,0,0,0,0,0,0,1,0,0,0,1,0,0,0,1
0,72.3,136.8,3.2,155.0,10.9,0.0,0.25806451612903225,13,2,10.4,2026-02-11,0,1,0,0,0,0,1,0,0,0,0,0,0,0,0,0,1,0,0,0,0,1,0,0,0,0,0,0,0,0,0,1,1,0,0,1,0,0
2,55.5,75.75,9.2,205.0,4.2,3.9,0.7073170731707317,16,2,13.7,2026-02-11,0,0,1,0,0,0,0,0,1,0,0,0,0,0,1,0,0,0,0,0,0,0,0,0,0,0,0,1,0,0,1,0,0,1,0,0,1,0
1,71.2,142.53,8.3,205.0,4.2,2.0,0.4634146341463415,16,2,13.7,2026-02-11,0,0,1,0,0,0,0,0,1,1,0,0,0,0,0,0,0,0,0,0,0,0,0,0,0,0,1,0,0,0,1,0,1,0,1,0,0,0
1,62.1,164.12,4.1,205.0,4.2,2.0,0.3902439024390244,15,2,13.7,2026-02-11,0,0,1,0,0,0,0,0,1,1,0,0,0,0,0,0,0,0,0,0,0,0,0,0,0,0,1,0,0,1,0,0,1,0,0,0,0,1
0,63.1,222.93,6.0,205.0,4.2,0.0,0.1951219512195122,15,2,13.7,2026-02-11,0,0,1,0,0,0,0,0,1,0,0,0,0,0,0,0,0,1,0,0,0,0,0,0,0,0,0,0,1,0,0,1,0,1,0,0,1,0
0,62.2,239.08,1.4,205.0,4.2,0.0,0.12195121951219512,14,2,13.7,2026-02-11,0,0,1,0,0,0,0,0,1,0,0,0,0,0,0,0,0,1,0,0,0,0,0,0,0,0,0,0,1,1,0,0,0,1,0,1,0,0
1,64.8,179.2,4.8,205.0,4.2,5.3,0.3170731707317073,15,2,13.7,2026-02-11,0,0,1,0,0,0,0,0,1,1,0,0,0,0,0,0,0,0,0,0,0,0,0,0,0,0,1,0,0,1,0,0,0,1,0,1,0,0
2,52.4,34.07,8.6,155.0,10.9,2.0,0.8903225806451613,14,2,10.4,2026-02-11,0,1,0,0,0,0,1,0,0,0,0,0,0,1,0,0,0,0,0,0,1,0,0,0,0,0,0,0,0,0,1,0,1,0,1,0,0,0
2,41.5,51.71,8.5,155.0,10.9,2.0,0.7935483870967742,14,2,10.4,2026-02-11,0,1,0,0,0,0,1,0,0,0,0,0,0,1,0,0,0,0,0,0,1,0,0,0,0,0,0,0,0,0,1,0,0,1,0,1,0,0
2,66.5,57.92,8.1,155.0,10.9,5.0,0.6967741935483871,14,2,10.4,2026-02-11,0,1,0,0,0,0,1,0,0,0,0,0,0,1,0,0,0,0,0,0,1,0,0,0,0,0,0,0,0,0,0,1,0,1,0,0,0,1
1,60.6,92.6,1.2,155.0,10.9,2.0,0.5290322580645161,13,2,10.4,2026-02-11,0,1,0,0,0,0,1,0,0,0,1,0,0,0,0,0,0,0,0,1,0,0,0,0,0,0,0,0,0,1,0,0,0,1,0,1,0,0
1,61.1,107.54,3.2,155.0,10.9,2.0,0.432258064516129,13,2,10.4,2026-02-11,0,1,0,0,0,0,1,0,0,0,1,0,0,0,0,0,0,0,0,1,0,0,0,0,0,0,0,0,0,0,0,1,1,0,0,0,0,1
3,71.7,35.05,3.3,140.0,5.8,4.0,0.8214285714285714,7,3,5.1,2026-02-12,0,0,0,1,0,0,0,1,0,0,0,1,0,0,0,0,0,0,0,0,0,0,1,0,0,0,0,0,0,1,0,0,1,0,0,0,1,0
0,65.6,174.07,1.1,155.0,4.1,3.5,0.06451612903225806,7,3,17.2,2026-02-12,0,0,0,0,1,0,1,0,0,0,0,0,0,0,0,0,1,0,0,0,0,1,0,0,0,0,0,0,0,1,0,0,0,1,1,0,0,0
3,67.3,2.13,6.3,140.0,5.8,2.0,1.0,8,3,5.1,2026-02-12,0,0,0,1,0,0,0,1,0,0,0,1,0,0,0,0,0,0,0,0,0,0,1,0,0,0,0,0,0,1,0,0,0,1,0,0,0,1
3,68.8,18.33,6.6,140.0,5.8,2.0,0.9285714285714286,7,3,5.1,2026-02-12,0,0,0,1,0,0,0,1,0,0,0,1,0,0,0,0,0,0,0,0,0,0,1,0,0,0,0,0,0,1,0,0,1,0,0,1,0,0
0,62.9,158.79,4.2,155.0,4.1,0.0,0.16129032258064516,8,3,17.2,2026-02-12,0,0,0,0,1,0,1,0,0,0,0,0,0,0,0,0,1,0,0,0,0,1,0,0,0,0,0,0,0,0,0,1,1,0,1,0,0,0
2,53.5,51.33,5.3,140.0,5.8,2.0,0.7857142857142857,7,3,5.1,2026-02-12,0,0,0,1,0,0,0,1,0,0,0,0,1,0,0,0,0,0,0,0,0,0,0,1,0,0,0,0,0,1,0,0,1,0,0,0,1,0
0,72.1,143.93,3.9,140.0,5.8,0.0,0.2857142857142857,6,3,5.1,2026-02-12,0,0,0,1,0,0,0,1,0,0,0,0,0,0,0,0,0,0,1,0,0,0,0,0,0,1,0,0,0,1,0,0,1,0,0,1,0,0
2,68.8,75.53,2.0,140.0,5.8,5.8,0.5714285714285714,6,3,5.1,2026-02-12,0,0,0,1,0,0,0,1,0,0,0,0,1,0,0,0,0,0,0,0,0,0,0,1,0,0,0,0,0,0,0,1,1,0,0,0,0,1
1,82.3,73.13,1.8,140.0,5.8,2.0,0.5357142857142857,6,3,5.1,2026-02-12,0,0,0,1,0,0,0,1,0,0,0,0,0,0,0,1,0,0,0,0,0,0,0,0,1,0,0,0,0,0,1,0,1,0,0,0,0,1
1,74.2,97.08,1.0,140.0,5.8,2.0,0.42857142857142855,6,3,5.1,2026-02-12,0,0,0,1,0,0,0,1,0,0,0,0,0,0,0,1,0,0,0,0,0,0,0,0,1,0,0,0,0,1,0,0,0,1,0,0,1,0
1,65.3,117.12,-1.9,140.0,5.8,4.5,0.32142857142857145,6,3,5.1,2026-02-12,0,0,0,1,0,0,0,1,0,0,0,0,0,0,0,1,0,0,0,0,0,0,0,0,1,0,0,0,0,0,1,0,0,1,0,1,0,0
0,49.8,151.8,6.4,155.0,4.1,0.0,0.25806451612903225,8,3,17.2,2026-02-12,0,0,0,0,1,0,1,0,0,0,0,0,0,0,0,0,1,0,0,0,0,1,0,0,0,0,0,0,0,0,0,1,1,0,0,0,0,1
2,55.1,64.04,4.2,140.0,5.8,2.0,0.6785714285714286,7,3,5.1,2026-02-12,0,0,0,1,0,0,0,1,0,0,0,0,1,0,0,0,0,0,0,0,0,0,0,1,0,0,0,0,0,0,0,1,0,1,1,0,0,0
1,61.6,122.73,6.0,155.0,4.1,3.8,0.33548387096774196,8,3,17.2,2026-02-12,0,0,0,0,1,0,1,0,0,0,1,0,0,0,0,0,0,0,0,1,0,0,0,0,0,0,0,0,0,0,1,0,1,0,0,1,0,0
0,65.6,164.67,0.8,140.0,5.8,0.0,0.17857142857142858,6,3,5.1,2026-02-12,0,0,0,1,0,0,0,1,0,0,0,0,0,0,0,0,0,0,1,0,0,0,0,0,0,1,0,0,0,1,0,0,0,1,1,0,0,0
1,53.7,97.2,7.0,155.0,4.1,2.0,0.5290322580645161,9,3,17.2,2026-02-12,0,0,0,0,1,0,1,0,0,0,1,0,0,0,0,0,0,0,0,1,0,0,0,0,0,0,0,0,0,0,0,1,1,0,0,0,0,1
2,55.5,59.75,14.2,155.0,4.1,5.9,0.6967741935483871,9,3,17.2,2026-02-12,0,0,0,0,1,0,1,0,0,0,0,0,0,1,0,0,0,0,0,0,1,0,0,0,0,0,0,0,0,0,1,0,0,1,0,0,1,0
2,54.0,46.5,14.5,155.0,4.1,2.0,0.7935483870967742,9,3,17.2,2026-02-12,0,0,0,0,1,0,1,0,0,0,0,0,0,1,0,0,0,0,0,0,1,0,0,0,0,0,0,0,0,1,0,0,0,1,0,1,0,0
2,57.2,30.87,16.9,155.0,4.1,2.0,0.8903225806451613,10,3,17.2,2026-02-12,0,0,0,0,1,0,1,0,0,0,0,0,0,1,0,0,0,0,0,0,1,0,0,0,0,0,0,0,0,0,0,1,1,0,0,1,0,0
0,62.1,254.65,3.2,205.0,7.0,2.4,0.04878048780487805,9,3,10.7,2026-02-12,0,0,0,0,0,1,0,0,1,0,0,0,0,0,0,0,0,1,0,0,0,0,0,0,0,0,0,0,1,1,0,0,1,0,0,0,0,1
0,63.4,238.58,-1.7,205.0,7.0,0.0,0.12195121951219512,9,3,10.7,2026-02-12,0,0,0,0,0,1,0,0,1,0,0,0,0,0,0,0,0,1,0,0,0,0,0,0,0,0,0,0,1,1,0,0,0,1,0,1,0,0
0,53.6,229.27,3.5,205.0,7.0,0.0,0.1951219512195122,10,3,10.7,2026-02-12,0,0,0,0,0,1,0,0,1,0,0,0,0,0,0,0,0,1,0,0,0,0,0,0,0,0,0,0,1,0,1,0,0,1,0,0,0,1
1,58.8,180.2,2.7,205.0,7.0,3.1,0.3170731707317073,10,3,10.7,2026-02-12,0,0,0,0,0,1,0,0,1,1,0,0,0,0,0,0,0,0,0,0,0,0,0,0,0,0,1,0,0,0,1,0,0,1,0,1,0,0
1,50.6,168.92,1.3,205.0,7.0,2.0,0.3902439024390244,10,3,10.7,2026-02-12,0,0,0,0,0,1,0,0,1,1,0,0,0,0,0,0,0,0,0,0,0,0,0,0,0,0,1,0,0,0,1,0,0,1,0,0,0,1
1,77.9,138.07,-0.2,205.0,7.0,2.0,0.4634146341463415,10,3,10.7,2026-02-12,0,0,0,0,0,1,0,0,1,1,0,0,0,0,0,0,0,0,0,0,0,0,0,0,0,0,1,0,0,1,0,0,0,1,1,0,0,0
2,63.3,74.45,8.2,205.0,7.0,3.8,0.7073170731707317,11,3,10.7,2026-02-12,0,0,0,0,0,1,0,0,1,0,0,0,0,0,1,0,0,0,0,0,0,0,0,0,0,0,0,1,0,1,0,0,0,1,1,0,0,0
2,57.2,61.17,6.2,205.0,7.0,2.0,0.7804878048780488,12,3,10.7,2026-02-12,0,0,0,0,0,1,0,0,1,0,0,0,0,0,1,0,0,0,0,0,0,0,0,0,0,0,0,1,0,0,0,1,0,1,0,1,0,0
2,56.1,47.6,11.4,205.0,7.0,2.0,0.8536585365853658,12,3,10.7,2026-02-12,0,0,0,0,0,1,0,0,1,0,0,0,0,0,1,0,0,0,0,0,0,0,0,0,0,0,0,1,0,0,1,0,1,0,0,1,0,0
1,65.9,105.54,5.0,155.0,4.1,2.0,0.432258064516129,8,3,17.2,2026-02-12,0,0,0,0,1,0,1,0,0,0,1,0,0,0,0,0,0,0,0,1,0,0,0,0,0,0,0,0,0,1,0,0,0,1,0,0,1,0
0,63.5,181.42,-2.1,140.0,5.8,1.5,0.07142857142857142,5,3,5.1,2026-02-12,0,0,0,1,0,0,0,1,0,0,0,0,0,0,0,0,0,0,1,0,0,0,0,0,0,1,0,0,0,0,0,1,1,0,0,0,0,1
0,65.5,181.08,-2.2,140.0,15.3,3.2,0.07142857142857142,11,3,15.7,2026-02-12,1,0,0,0,0,0,0,1,0,0,0,0,0,0,0,0,0,0,1,0,0,0,0,0,0,1,0,0,0,0,0,1,0,1,1,0,0,0
2,59.6,60.17,6.9,205.0,3.6,2.0,0.7804878048780488,18,3,8.2,2026-02-12,0,0,1,0,0,0,0,0,1,0,0,0,0,0,1,0,0,0,0,0,0,0,0,0,0,0,0,1,0,1,0,0,0,1,0,1,0,0
0,59.2,167.33,1.9,140.0,15.3,0.0,0.17857142857142858,11,3,15.7,2026-02-12,1,0,0,0,0,0,0,1,0,0,0,0,0,0,0,0,0,0,1,0,0,0,0,0,0,1,0,0,0,1,0,0,1,0,0,1,0,0
0,54.1,155.93,4.6,140.0,15.3,0.0,0.2857142857142857,11,3,15.7,2026-02-12,1,0,0,0,0,0,0,1,0,0,0,0,0,0,0,0,0,0,1,0,0,0,0,0,0,1,0,0,0,1,0,0,0,1,0,1,0,0
1,68.4,116.6,6.9,140.0,15.3,4.2,0.32142857142857145,12,3,15.7,2026-02-12,1,0,0,0,0,0,0,1,0,0,0,0,0,0,0,1,0,0,0,0,0,0,0,0,1,0,0,0,0,1,0,0,1,0,0,1,0,0
1,77.0,95.92,5.2,140.0,15.3,2.0,0.42857142857142855,12,3,15.7,2026-02-12,1,0,0,0,0,0,0,1,0,0,0,0,0,0,0,1,0,0,0,0,0,0,0,0,1,0,0,0,0,1,0,0,0,1,1,0,0,0
1,64.8,84.8,9.3,140.0,15.3,2.0,0.5357142857142857,12,3,15.7,2026-02-12,1,0,0,0,0,0,0,1,0,0,0,0,0,0,0,1,0,0,0,0,0,0,0,0,1,0,0,0,0,0,1,0,0,1,0,0,0,1
2,47.8,79.03,7.2,140.0,15.3,4.1,0.5714285714285714,12,3,15.7,2026-02-12,1,0,0,0,0,0,0,1,0,0,0,0,1,0,0,0,0,0,0,0,0,0,0,1,0,0,0,0,0,0,1,0,0,1,0,0,0,1
2,43.1,69.04,13.2,140.0,15.3,2.0,0.6785714285714286,12,3,15.7,2026-02-12,1,0,0,0,0,0,0,1,0,0,0,0,1,0,0,0,0,0,0,0,0,0,0,1,0,0,0,0,0,1,0,0,0,1,0,1,0,0
2,48.9,54.4,13.8,140.0,15.3,2.0,0.7857142857142857,13,3,15.7,2026-02-12,1,0,0,0,0,0,0,1,0,0,0,0,1,0,0,0,0,0,0,0,0,0,0,1,0,0,0,0,0,1,0,0,0,1,0,0,0,1
3,48.8,38.87,17.2,140.0,15.3,5.8,0.8214285714285714,13,3,15.7,2026-02-12,1,0,0,0,0,0,0,1,0,0,0,1,0,0,0,0,0,0,0,0,0,0,1,0,0,0,0,0,0,1,0,0,0,1,0,0,0,1
3,53.2,24.83,13.6,140.0,15.3,2.0,0.9285714285714286,13,3,15.7,2026-02-12,1,0,0,0,0,0,0,1,0,0,0,1,0,0,0,0,0,0,0,0,0,0,1,0,0,0,0,0,0,1,0,0,0,1,0,0,0,1
3,65.9,3.07,18.9,140.0,15.3,2.0,1.0,13,3,15.7,2026-02-12,1,0,0,0,0,0,0,1,0,0,0,1,0,0,0,0,0,0,0,0,0,0,1,0,0,0,0,0,0,1,0,0,1,0,0,1,0,0
0,71.2,173.13,0.0,155.0,2.2,2.7,0.06451612903225806,13,3,-0.9,2026-02-12,0,1,0,0,0,0,1,0,0,0,0,0,0,0,0,0,1,0,0,0,0,1,0,0,0,0,0,0,0,1,0,0,0,1,0,0,0,1
0,75.0,153.75,3.2,155.0,2.2,0.0,0.16129032258064516,13,3,-0.9,2026-02-12,0,1,0,0,0,0,1,0,0,0,0,0,0,0,0,0,1,0,0,0,0,1,0,0,0,0,0,0,0,1,0,0,0,1,1,0,0,0
2,68.9,39.07,7.6,205.0,3.6,2.0,0.8536585365853658,18,3,8.2,2026-02-12,0,0,1,0,0,0,0,0,1,0,0,0,0,0,1,0,0,0,0,0,0,0,0,0,0,0,0,1,0,0,1,0,1,0,0,0,0,1
1,68.9,121.52,0.4,155.0,2.2,3.7,0.33548387096774196,14,3,-0.9,2026-02-12,0,1,0,0,0,0,1,0,0,0,1,0,0,0,0,0,0,0,0,1,0,0,0,0,0,0,0,0,0,0,0,1,0,1,0,0,0,1
0,56.9,147.07,-3.0,155.0,2.2,0.0,0.25806451612903225,14,3,-0.9,2026-02-12,0,1,0,0,0,0,1,0,0,0,0,0,0,0,0,0,1,0,0,0,0,1,0,0,0,0,0,0,0,0,0,1,1,0,0,1,0,0
2,70.2,73.3,3.0,205.0,3.6,4.4,0.7073170731707317,17,3,8.2,2026-02-12,0,0,1,0,0,0,0,0,1,0,0,0,0,0,1,0,0,0,0,0,0,0,0,0,0,0,0,1,0,1,0,0,1,0,0,0,0,1
1,80.0,136.67,6.1,205.0,3.6,2.0,0.4634146341463415,17,3,8.2,2026-02-12,0,0,1,0,0,0,0,0,1,1,0,0,0,0,0,0,0,0,0,0,0,0,0,0,0,0,1,0,0,1,0,0,1,0,0,1,0,0
1,71.3,160.29,2.9,205.0,3.6,2.0,0.3902439024390244,16,3,8.2,2026-02-12,0,0,1,0,0,0,0,0,1,1,0,0,0,0,0,0,0,0,0,0,0,0,0,0,0,0,1,0,0,1,0,0,0,1,1,0,0,0
0,57.0,227.0,0.8,205.0,3.6,0.0,0.1951219512195122,16,3,8.2,2026-02-12,0,0,1,0,0,0,0,0,1,0,0,0,0,0,0,0,0,1,0,0,0,0,0,0,0,0,0,0,1,0,0,1,1,0,0,1,0,0
0,67.1,237.04,2.8,205.0,3.6,0.0,0.12195121951219512,15,3,8.2,2026-02-12,0,0,1,0,0,0,0,0,1,0,0,0,0,0,0,0,0,1,0,0,0,0,0,0,0,0,0,0,1,1,0,0,0,1,0,0,0,1
1,75.8,177.37,2.3,205.0,3.6,4.0,0.3170731707317073,16,3,8.2,2026-02-12,0,0,1,0,0,0,0,0,1,1,0,0,0,0,0,0,0,0,0,0,0,0,0,0,0,0,1,0,0,0,1,0,1,0,0,0,1,0
2,66.8,24.47,-1.6,155.0,2.2,2.0,0.8903225806451613,15,3,-0.9,2026-02-12,0,1,0,0,0,0,1,0,0,0,0,0,0,1,0,0,0,0,0,0,1,0,0,0,0,0,0,0,0,1,0,0,1,0,1,0,0,0
2,74.8,37.83,-3.0,155.0,2.2,2.0,0.7935483870967742,15,3,-0.9,2026-02-12,0,1,0,0,0,0,1,0,0,0,0,0,0,1,0,0,0,0,0,0,1,0,0,0,0,0,0,0,0,1,0,0,1,0,0,1,0,0
2,76.5,56.25,1.8,155.0,2.2,5.4,0.6967741935483871,15,3,-0.9,2026-02-12,0,1,0,0,0,0,1,0,0,0,0,0,0,1,0,0,0,0,0,0,1,0,0,0,0,0,0,0,0,1,0,0,0,1,0,0,1,0
1,66.9,88.4,-0.6,155.0,2.2,2.0,0.5290322580645161,14,3,-0.9,2026-02-12,0,1,0,0,0,0,1,0,0,0,1,0,0,0,0,0,0,0,0,1,0,0,0,0,0,0,0,0,0,1,0,0,1,0,0,0,0,1
1,50.1,112.12,0.2,155.0,2.2,2.0,0.432258064516129,14,3,-0.9,2026-02-12,0,1,0,0,0,0,1,0,0,0,1,0,0,0,0,0,0,0,0,1,0,0,0,0,0,0,0,0,0,0,1,0,1,0,0,1,0,0
0,74.9,252.52,-2.4,205.0,3.6,2.4,0.04878048780487805,15,3,8.2,2026-02-12,0,0,1,0,0,0,0,0,1,0,0,0,0,0,0,0,0,1,0,0,0,0,0,0,0,0,0,0,1,0,0,1,1,0,0,1,0,0
3,35.8,32.08,9.1,140.0,8.3,2.0,0.9285714285714286,8,4,6.9,2026-02-13,0,0,0,1,0,0,0,1,0,0,0,1,0,0,0,0,0,0,0,0,0,0,1,0,0,0,0,0,0,0,1,0,1,0,1,0,0,0
0,72.2,154.92,0.1,155.0,8.9,0.0,0.16129032258064516,9,4,11.5,2026-02-13,0,0,0,0,1,0,1,0,0,0,0,0,0,0,0,0,1,0,0,0,0,1,0,0,0,0,0,0,0,1,0,0,1,0,0,0,0,1
0,68.8,173.53,1.7,155.0,8.9,2.5,0.06451612903225806,8,4,11.5,2026-02-13,0,0,0,0,1,0,1,0,0,0,0,0,0,0,0,0,1,0,0,0,0,1,0,0,0,0,0,0,0,0,0,1,1,0,0,1,0,0
3,50.6,13.27,10.5,140.0,8.3,2.0,1.0,9,4,6.9,2026-02-13,0,0,0,1,0,0,0,1,0,0,0,1,0,0,0,0,0,0,0,0,0,0,1,0,0,0,0,0,0,1,0,0,1,0,1,0,0,0
3,75.2,34.47,9.2,140.0,8.3,5.3,0.8214285714285714,8,4,6.9,2026-02-13,0,0,0,1,0,0,0,1,0,0,0,1,0,0,0,0,0,0,0,0,0,0,1,0,0,0,0,0,0,1,0,0,0,1,0,1,0,0
1,50.8,119.53,5.3,140.0,8.3,4.5,0.32142857142857145,7,4,6.9,2026-02-13,0,0,0,1,0,0,0,1,0,0,0,0,0,0,0,1,0,0,0,0,0,0,0,0,1,0,0,0,0,0,1,0,1,0,1,0,0,0
2,58.4,62.67,3.5,140.0,8.3,2.0,0.6785714285714286,8,4,6.9,2026-02-13,0,0,0,1,0,0,0,1,0,0,0,0,1,0,0,0,0,0,0,0,0,0,0,1,0,0,0,0,0,0,0,1,0,1,1,0,0,0
2,51.4,78.43,7.6,140.0,8.3,5.1,0.5714285714285714,7,4,6.9,2026-02-13,0,0,0,1,0,0,0,1,0,0,0,0,1,0,0,0,0,0,0,0,0,0,0,1,0,0,0,0,0,0,1,0,1,0,1,0,0,0
1,72.6,79.6,1.3,140.0,8.3,2.0,0.5357142857142857,7,4,6.9,2026-02-13,0,0,0,1,0,0,0,1,0,0,0,0,0,0,0,1,0,0,0,0,0,0,0,0,1,0,0,0,0,1,0,0,1,0,0,1,0,0
1,71.3,98.29,-2.0,140.0,8.3,2.0,0.42857142857142855,7,4,6.9,2026-02-13,0,0,0,1,0,0,0,1,0,0,0,0,0,0,0,1,0,0,0,0,0,0,0,0,1,0,0,0,0,1,0,0,1,0,0,0,1,0
0,70.5,138.0,1.1,155.0,8.9,0.0,0.25806451612903225,9,4,11.5,2026-02-13,0,0,0,0,1,0,1,0,0,0,0,0,0,0,0,0,1,0,0,0,0,1,0,0,0,0,0,0,0,1,0,0,1,0,0,1,0,0
2,60.0,47.0,4.7,140.0,8.3,2.0,0.7857142857142857,8,4,6.9,2026-02-13,0,0,0,1,0,0,0,1,0,0,0,0,1,0,0,0,0,0,0,0,0,0,0,1,0,0,0,0,0,0,0,1,1,0,1,0,0,0
1,51.4,124.43,2.5,155.0,8.9,5.5,0.33548387096774196,9,4,11.5,2026-02-13,0,0,0,0,1,0,1,0,0,0,1,0,0,0,0,0,0,0,0,1,0,0,0,0,0,0,0,0,0,1,0,0,0,1,0,0,0,1
0,57.0,241.25,2.8,205.0,16.1,0.0,0.12195121951219512,10,4,21.8,2026-02-13,0,0,0,0,0,1,0,0,1,0,0,0,0,0,0,0,0,1,0,0,0,0,0,0,0,0,0,0,1,0,1,0,1,0,0,1,0,0
1,71.5,85.33,6.0,155.0,8.9,2.0,0.5290322580645161,10,4,11.5,2026-02-13,0,0,0,0,1,0,1,0,0,0,1,0,0,0,0,0,0,0,0,1,0,0,0,0,0,0,0,0,0,1,0,0,1,0,0,1,0,0
2,73.7,56.72,8.5,155.0,8.9,5.2,0.6967741935483871,10,4,11.5,2026-02-13,0,0,0,0,1,0,1,0,0,0,0,0,0,1,0,0,0,0,0,0,1,0,0,0,0,0,0,0,0,0,1,0,1,0,0,0,1,0
2,62.7,42.88,10.1,155.0,8.9,2.0,0.7935483870967742,10,4,11.5,2026-02-13,0,0,0,0,1,0,1,0,0,0,0,0,0,1,0,0,0,0,0,0,1,0,0,0,0,0,0,0,0,0,0,1,0,1,1,0,0,0
2,43.0,40.33,11.3,155.0,8.9,2.0,0.8903225806451613,11,4,11.5,2026-02-13,0,0,0,0,1,0,1,0,0,0,0,0,0,1,0,0,0,0,0,0,1,0,0,0,0,0,0,0,0,1,0,0,0,1,0,1,0,0
0,70.4,253.27,1.2,205.0,16.1,2.5,0.04878048780487805,10,4,21.8,2026-02-13,0,0,0,0,0,1,0,0,1,0,0,0,0,0,0,0,0,1,0,0,0,0,0,0,0,0,0,0,1,1,0,0,1,0,0,0,1,0
0,54.9,228.4,3.6,205.0,16.1,0.0,0.1951219512195122,11,4,21.8,2026-02-13,0,0,0,0,0,1,0,0,1,0,0,0,0,0,0,0,0,1,0,0,0,0,0,0,0,0,0,0,1,0,0,1,0,1,0,0,0,1
1,53.0,181.17,11.0,205.0,16.1,6.1,0.3170731707317073,11,4,21.8,2026-02-13,0,0,0,0,0,1,0,0,1,1,0,0,0,0,0,0,0,0,0,0,0,0,0,0,0,0,1,0,0,1,0,0,0,1,0,1,0,0
1,83.6,155.17,8.3,205.0,16.1,2.0,0.3902439024390244,11,4,21.8,2026-02-13,0,0,0,0,0,1,0,0,1,1,0,0,0,0,0,0,0,0,0,0,0,0,0,0,0,0,1,0,0,1,0,0,1,0,0,0,0,1
1,71.2,142.53,10.7,205.0,16.1,2.0,0.4634146341463415,11,4,21.8,2026-02-13,0,0,0,0,0,1,0,0,1,1,0,0,0,0,0,0,0,0,0,0,0,0,0,0,0,0,1,0,0,0,1,0,1,0,0,0,0,1
2,49.3,76.78,15.6,205.0,16.1,3.7,0.7073170731707317,12,4,21.8,2026-02-13,0,0,0,0,0,1,0,0,1,0,0,0,0,0,1,0,0,0,0,0,0,0,0,0,0,0,0,1,0,1,0,0,0,1,0,0,0,1
2,59.3,60.29,15.0,205.0,16.1,2.0,0.7804878048780488,13,4,21.8,2026-02-13,0,0,0,0,0,1,0,0,1,0,0,0,0,0,1,0,0,0,0,0,0,0,0,0,0,0,0,1,0,1,0,0,1,0,0,1,0,0
2,47.5,53.33,19.1,205.0,16.1,2.0,0.8536585365853658,13,4,21.8,2026-02-13,0,0,0,0,0,1,0,0,1,0,0,0,0,0,1,0,0,0,0,0,0,0,0,0,0,0,0,1,0,1,0,0,1,0,1,0,0,0
0,73.9,142.73,3.7,140.0,8.3,0.0,0.2857142857142857,7,4,6.9,2026-02-13,0,0,0,1,0,0,0,1,0,0,0,0,0,0,0,0,0,0,1,0,0,0,0,0,0,1,0,0,0,1,0,0,0,1,0,0,0,1
1,58.2,108.75,7.3,155.0,8.9,2.0,0.432258064516129,9,4,11.5,2026-02-13,0,0,0,0,1,0,1,0,0,0,1,0,0,0,0,0,0,0,0,1,0,0,0,0,0,0,0,0,0,0,0,1,1,0,0,0,1,0
0,58.5,167.62,0.1,140.0,8.3,0.0,0.17857142857142858,7,4,6.9,2026-02-13,0,0,0,1,0,0,0,1,0,0,0,0,0,0,0,0,0,0,1,0,0,0,0,0,0,1,0,0,0,0,0,1,1,0,1,0,0,0
0,70.0,180.33,1.1,140.0,8.3,2.8,0.07142857142857142,6,4,6.9,2026-02-13,0,0,0,1,0,0,0,1,0,0,0,0,0,0,0,0,0,0,1,0,0,0,0,0,0,1,0,0,0,0,1,0,1,0,0,0,0,1
0,66.9,180.85,2.5,140.0,5.6,0.7,0.07142857142857142,12,4,6.3,2026-02-13,1,0,0,0,0,0,0,1,0,0,0,0,0,0,0,0,0,0,1,0,0,0,0,0,0,1,0,0,0,1,0,0,1,0,0,1,0,0
2,52.3,50.13,11.6,205.0,15.6,2.0,0.8536585365853658,19,4,14.7,2026-02-13,0,0,1,0,0,0,0,0,1,0,0,0,0,0,1,0,0,0,0,0,0,0,0,0,0,0,0,1,0,1,0,0,0,1,0,0,0,1
0,79.0,159.08,1.8,140.0,5.6,0.0,0.17857142857142858,12,4,6.3,2026-02-13,1,0,0,0,0,0,0,1,0,0,0,0,0,0,0,0,0,0,1,0,0,0,0,0,0,1,0,0,0,1,0,0,1,0,1,0,0,0
0,63.0,150.0,1.9,140.0,5.6,0.0,0.2857142857142857,12,4,6.3,2026-02-13,1,0,0,0,0,0,0,1,0,0,0,0,0,0,0,0,0,0,1,0,0,0,0,0,0,1,0,0,0,0,0,1,0,1,1,0,0,0
1,63.0,117.5,0.8,140.0,5.6,5.3,0.32142857142857145,13,4,6.3,2026-02-13,1,0,0,0,0,0,0,1,0,0,0,0,0,0,0,1,0,0,0,0,0,0,0,0,1,0,0,0,0,1,0,0,1,0,0,1,0,0
1,54.6,105.25,2.7,140.0,5.6,2.0,0.42857142857142855,13,4,6.3,2026-02-13,1,0,0,0,0,0,0,1,0,0,0,0,0,0,0,1,0,0,0,0,0,0,0,0,1,0,0,0,0,0,0,1,1,0,1,0,0,0
1,71.2,80.53,0.0,140.0,5.6,2.0,0.5357142857142857,13,4,6.3,2026-02-13,1,0,0,0,0,0,0,1,0,0,0,0,0,0,0,1,0,0,0,0,0,0,0,0,1,0,0,0,0,0,0,1,1,0,0,1,0,0
2,73.1,74.82,3.9,140.0,5.6,3.6,0.5714285714285714,13,4,6.3,2026-02-13,1,0,0,0,0,0,0,1,0,0,0,0,1,0,0,0,0,0,0,0,0,0,0,1,0,0,0,0,0,0,1,0,1,0,1,0,0,0
2,53.8,64.58,2.9,140.0,5.6,2.0,0.6785714285714286,13,4,6.3,2026-02-13,1,0,0,0,0,0,0,1,0,0,0,0,1,0,0,0,0,0,0,0,0,0,0,1,0,0,0,0,0,0,0,1,0,1,0,1,0,0
3,79.2,33.8,2.0,140.0,5.6,4.4,0.8214285714285714,14,4,6.3,2026-02-13,1,0,0,0,0,0,0,1,0,0,0,1,0,0,0,0,0,0,0,0,0,0,1,0,0,0,0,0,0,1,0,0,1,0,0,1,0,0
3,70.7,17.54,3.6,140.0,5.6,2.0,0.9285714285714286,14,4,6.3,2026-02-13,1,0,0,0,0,0,0,1,0,0,0,1,0,0,0,0,0,0,0,0,0,0,1,0,0,0,0,0,0,1,0,0,1,0,1,0,0,0
3,56.0,9.67,7.1,140.0,5.6,2.0,1.0,14,4,6.3,2026-02-13,1,0,0,0,0,0,0,1,0,0,0,1,0,0,0,0,0,0,0,0,0,0,1,0,0,0,0,0,0,0,0,1,0,1,0,1,0,0
0,52.4,176.27,0.2,155.0,10.4,3.3,0.06451612903225806,14,4,14.3,2026-02-13,0,1,0,0,0,0,1,0,0,0,0,0,0,0,0,0,1,0,0,0,0,1,0,0,0,0,0,0,0,0,1,0,1,0,0,0,0,1
0,69.8,155.92,1.1,155.0,10.4,0.0,0.16129032258064516,14,4,14.3,2026-02-13,0,1,0,0,0,0,1,0,0,0,0,0,0,0,0,0,1,0,0,0,0,1,0,0,0,0,0,0,0,0,1,0,0,1,0,0,1,0
0,74.8,135.13,3.1,155.0,10.4,0.0,0.25806451612903225,15,4,14.3,2026-02-13,0,1,0,0,0,0,1,0,0,0,0,0,0,0,0,0,1,0,0,0,0,1,0,0,0,0,0,0,0,1,0,0,1,0,0,0,1,0
2,56.4,49.4,4.5,140.0,5.6,2.0,0.7857142857142857,14,4,6.3,2026-02-13,1,0,0,0,0,0,0,1,0,0,0,0,1,0,0,0,0,0,0,0,0,0,0,1,0,0,0,0,0,0,0,1,1,0,0,1,0,0
1,56.7,109.38,7.4,155.0,10.4,2.0,0.432258064516129,15,4,14.3,2026-02-13,0,1,0,0,0,0,1,0,0,0,1,0,0,0,0,0,0,0,0,1,0,0,0,0,0,0,0,0,0,0,1,0,1,0,0,1,0,0
1,62.3,122.62,3.4,155.0,10.4,4.5,0.33548387096774196,15,4,14.3,2026-02-13,0,1,0,0,0,0,1,0,0,0,1,0,0,0,0,0,0,0,0,1,0,0,0,0,0,0,0,0,0,0,1,0,1,0,1,0,0,0
2,47.5,77.08,12.1,205.0,15.6,5.0,0.7073170731707317,18,4,14.7,2026-02-13,0,0,1,0,0,0,0,0,1,0,0,0,0,0,1,0,0,0,0,0,0,0,0,0,0,0,0,1,0,0,1,0,1,0,1,0,0,0
1,62.7,148.2,10.4,205.0,15.6,2.0,0.4634146341463415,18,4,14.7,2026-02-13,0,0,1,0,0,0,0,0,1,1,0,0,0,0,0,0,0,0,0,0,0,0,0,0,0,0,1,0,0,0,0,1,1,0,0,1,0,0
1,65.1,162.88,5.4,205.0,15.6,2.0,0.3902439024390244,17,4,14.7,2026-02-13,0,0,1,0,0,0,0,0,1,1,0,0,0,0,0,0,0,0,0,0,0,0,0,0,0,0,1,0,0,1,0,0,1,0,0,1,0,0
1,55.9,180.68,2.2,205.0,15.6,3.4,0.3170731707317073,17,4,14.7,2026-02-13,0,0,1,0,0,0,0,0,1,1,0,0,0,0,0,0,0,0,0,0,0,0,0,0,0,0,1,0,0,1,0,0,0,1,0,1,0,0
0,66.2,220.87,2.0,205.0,15.6,0.0,0.1951219512195122,17,4,14.7,2026-02-13,0,0,1,0,0,0,0,0,1,0,0,0,0,0,0,0,0,1,0,0,0,0,0,0,0,0,0,0,1,0,1,0,0,1,0,1,0,0
2,49.4,64.42,12.0,205.0,15.6,2.0,0.7804878048780488,19,4,14.7,2026-02-13,0,0,1,0,0,0,0,0,1,0,0,0,0,0,1,0,0,0,0,0,0,0,0,0,0,0,0,1,0,0,1,0,1,0,1,0,0,0
0,44.5,257.58,3.5,205.0,15.6,2.5,0.04878048780487805,16,4,14.7,2026-02-13,0,0,1,0,0,0,0,0,1,0,0,0,0,0,0,0,0,1,0,0,0,0,0,0,0,0,0,0,1,1,0,0,1,0,1,0,0,0
2,52.0,34.33,14.2,155.0,10.4,2.0,0.8903225806451613,16,4,14.3,2026-02-13,0,1,0,0,0,0,1,0,0,0,0,0,0,1,0,0,0,0,0,0,1,0,0,0,0,0,0,0,0,1,0,0,1,0,0,1,0,0
2,50.1,48.12,12.9,155.0,10.4,2.0,0.7935483870967742,16,4,14.3,2026-02-13,0,1,0,0,0,0,1,0,0,0,0,0,0,1,0,0,0,0,0,0,1,0,0,0,0,0,0,0,0,1,0,0,1,0,1,0,0,0
2,63.0,58.5,12.5,155.0,10.4,3.9,0.6967741935483871,16,4,14.3,2026-02-13,0,1,0,0,0,0,1,0,0,0,0,0,0,1,0,0,0,0,0,0,1,0,0,0,0,0,0,0,0,0,1,0,1,0,0,1,0,0
1,59.9,93.07,7.0,155.0,10.4,2.0,0.5290322580645161,15,4,14.3,2026-02-13,0,1,0,0,0,0,1,0,0,0,1,0,0,0,0,0,0,0,0,1,0,0,0,0,0,0,0,0,0,0,0,1,1,0,0,1,0,0
0,60.7,239.71,1.9,205.0,15.6,0.0,0.12195121951219512,16,4,14.7,2026-02-13,0,0,1,0,0,0,0,0,1,0,0,0,0,0,0,0,0,1,0,0,0,0,0,0,0,0,0,0,1,0,1,0,1,0,0,1,0,0
0,58.8,160.5,4.0,155.0,12.5,0.0,0.16129032258064516,10,5,24.6,2026-02-14,0,0,0,0,1,0,1,0,0,0,0,0,0,0,0,0,1,0,0,0,0,1,0,0,0,0,0,0,0,1,0,0,0,1,0,0,1,0
0,84.6,170.9,-0.7,155.0,12.5,2.1,0.06451612903225806,9,5,24.6,2026-02-14,0,0,0,0,1,0,1,0,0,0,0,0,0,0,0,0,1,0,0,0,0,1,0,0,0,0,0,0,0,1,0,0,0,1,0,1,0,0
3,63.8,4.47,11.6,140.0,10.9,2.0,1.0,10,5,14.2,2026-02-14,0,0,0,1,0,0,0,1,0,0,0,1,0,0,0,0,0,0,0,0,0,0,1,0,0,0,0,0,0,0,0,1,1,0,0,1,0,0
3,46.8,27.5,13.4,140.0,10.9,2.0,0.9285714285714286,9,5,14.2,2026-02-14,0,0,0,1,0,0,0,1,0,0,0,1,0,0,0,0,0,0,0,0,0,0,1,0,0,0,0,0,0,0,1,0,1,0,0,1,0,0
3,68.2,35.63,10.5,140.0,10.9,4.3,0.8214285714285714,9,5,14.2,2026-02-14,0,0,0,1,0,0,0,1,0,0,0,1,0,0,0,0,0,0,0,0,0,0,1,0,0,0,0,0,0,0,0,1,1,0,0,1,0,0
2,48.3,54.8,10.1,140.0,10.9,2.0,0.7857142857142857,9,5,14.2,2026-02-14,0,0,0,1,0,0,0,1,0,0,0,0,1,0,0,0,0,0,0,0,0,0,0,1,0,0,0,0,0,0,0,1,1,0,0,1,0,0
1,66.2,83.87,6.4,140.0,10.9,2.0,0.5357142857142857,8,5,14.2,2026-02-14,0,0,0,1,0,0,0,1,0,0,0,0,0,0,0,1,0,0,0,0,0,0,0,0,1,0,0,0,0,1,0,0,1,0,0,0,1,0
2,59.8,77.03,6.6,140.0,10.9,5.0,0.5714285714285714,8,5,14.2,2026-02-14,0,0,0,1,0,0,0,1,0,0,0,0,1,0,0,0,0,0,0,0,0,0,0,1,0,0,0,0,0,1,0,0,1,0,0,1,0,0
1,48.6,107.75,9.6,140.0,10.9,2.0,0.42857142857142855,8,5,14.2,2026-02-14,0,0,0,1,0,0,0,1,0,0,0,0,0,0,0,1,0,0,0,0,0,0,0,0,1,0,0,0,0,1,0,0,1,0,0,0,0,1
1,66.0,117.0,4.4,140.0,10.9,4.3,0.32142857142857145,8,5,14.2,2026-02-14,0,0,0,1,0,0,0,1,0,0,0,0,0,0,0,1,0,0,0,0,0,0,0,0,1,0,0,0,0,0,1,0,1,0,1,0,0,0
0,56.2,154.53,5.4,140.0,10.9,0.0,0.2857142857142857,8,5,14.2,2026-02-14,0,0,0,1,0,0,0,1,0,0,0,0,0,0,0,0,0,0,1,0,0,0,0,0,0,1,0,0,0,0,1,0,0,1,0,0,0,1
0,55.0,148.33,5.6,155.0,12.5,0.0,0.25806451612903225,10,5,24.6,2026-02-14,0,0,0,0,1,0,1,0,0,0,0,0,0,0,0,0,1,0,0,0,0,1,0,0,0,0,0,0,0,1,0,0,1,0,1,0,0,0
2,57.8,62.92,6.5,140.0,10.9,2.0,0.6785714285714286,9,5,14.2,2026-02-14,0,0,0,1,0,0,0,1,0,0,0,0,1,0,0,0,0,0,0,0,0,0,0,1,0,0,0,0,0,1,0,0,0,1,0,0,0,1
1,50.4,124.6,7.2,155.0,12.5,4.5,0.33548387096774196,10,5,24.6,2026-02-14,0,0,0,0,1,0,1,0,0,0,1,0,0,0,0,0,0,0,0,1,0,0,0,0,0,0,0,0,0,1,0,0,1,0,1,0,0,0
0,60.1,166.96,2.3,140.0,10.9,0.0,0.17857142857142858,8,5,14.2,2026-02-14,0,0,0,1,0,0,0,1,0,0,0,0,0,0,0,0,0,0,1,0,0,0,0,0,0,1,0,0,0,1,0,0,1,0,0,0,0,1
1,59.1,93.6,12.5,155.0,12.5,2.0,0.5290322580645161,11,5,24.6,2026-02-14,0,0,0,0,1,0,1,0,0,0,1,0,0,0,0,0,0,0,0,1,0,0,0,0,0,0,0,0,0,1,0,0,1,0,1,0,0,0
2,60.4,58.93,16.6,155.0,12.5,4.5,0.6967741935483871,11,5,24.6,2026-02-14,0,0,0,0,1,0,1,0,0,0,0,0,0,1,0,0,0,0,0,0,1,0,0,0,0,0,0,0,0,1,0,0,1,0,1,0,0,0
2,55.2,46.0,19.4,155.0,12.5,2.0,0.7935483870967742,11,5,24.6,2026-02-14,0,0,0,0,1,0,1,0,0,0,0,0,0,1,0,0,0,0,0,0,1,0,0,0,0,0,0,0,0,1,0,0,0,1,0,0,1,0
2,62.9,27.07,16.0,155.0,12.5,2.0,0.8903225806451613,12,5,24.6,2026-02-14,0,0,0,0,1,0,1,0,0,0,0,0,0,1,0,0,0,0,0,0,1,0,0,0,0,0,0,0,0,0,0,1,1,0,0,0,1,0
0,75.9,252.35,-0.5,205.0,6.3,1.7,0.04878048780487805,11,5,1.9,2026-02-14,0,0,0,0,0,1,0,0,1,0,0,0,0,0,0,0,0,1,0,0,0,0,0,0,0,0,0,0,1,0,0,1,1,0,1,0,0,0
0,56.4,241.5,-1.5,205.0,6.3,0.0,0.12195121951219512,11,5,1.9,2026-02-14,0,0,0,0,0,1,0,0,1,0,0,0,0,0,0,0,0,1,0,0,0,0,0,0,0,0,0,0,1,0,0,1,0,1,0,0,1,0
0,70.8,217.8,-0.1,205.0,6.3,0.0,0.1951219512195122,12,5,1.9,2026-02-14,0,0,0,0,0,1,0,0,1,0,0,0,0,0,0,0,0,1,0,0,0,0,0,0,0,0,0,0,1,0,0,1,1,0,0,1,0,0
1,74.3,177.62,-2.0,205.0,6.3,3.3,0.3170731707317073,12,5,1.9,2026-02-14,0,0,0,0,0,1,0,0,1,1,0,0,0,0,0,0,0,0,0,0,0,0,0,0,0,0,1,0,0,1,0,0,0,1,0,1,0,0
1,60.4,164.83,1.6,205.0,6.3,2.0,0.3902439024390244,12,5,1.9,2026-02-14,0,0,0,0,0,1,0,0,1,1,0,0,0,0,0,0,0,0,0,0,0,0,0,0,0,0,1,0,0,1,0,0,0,1,0,1,0,0
1,59.5,150.33,-0.8,205.0,6.3,2.0,0.4634146341463415,12,5,1.9,2026-02-14,0,0,0,0,0,1,0,0,1,1,0,0,0,0,0,0,0,0,0,0,0,0,0,0,0,0,1,0,0,1,0,0,0,1,1,0,0,0
2,67.7,73.72,1.5,205.0,6.3,4.9,0.7073170731707317,13,5,1.9,2026-02-14,0,0,0,0,0,1,0,0,1,0,0,0,0,0,1,0,0,0,0,0,0,0,0,0,0,0,0,1,0,1,0,0,1,0,1,0,0,0
2,78.1,52.46,1.2,205.0,6.3,2.0,0.7804878048780488,14,5,1.9,2026-02-14,0,0,0,0,0,1,0,0,1,0,0,0,0,0,1,0,0,0,0,0,0,0,0,0,0,0,0,1,0,1,0,0,0,1,0,1,0,0
2,66.2,40.87,0.3,205.0,6.3,2.0,0.8536585365853658,14,5,1.9,2026-02-14,0,0,0,0,0,1,0,0,1,0,0,0,0,0,1,0,0,0,0,0,0,0,0,0,0,0,0,1,0,1,0,0,1,0,0,0,0,1
1,59.0,108.42,10.3,155.0,12.5,2.0,0.432258064516129,10,5,24.6,2026-02-14,0,0,0,0,1,0,1,0,0,0,1,0,0,0,0,0,0,0,0,1,0,0,0,0,0,0,0,0,0,1,0,0,0,1,0,1,0,0
0,58.9,182.18,1.2,140.0,10.9,2.1,0.07142857142857142,7,5,14.2,2026-02-14,0,0,0,1,0,0,0,1,0,0,0,0,0,0,0,0,0,0,1,0,0,0,0,0,0,1,0,0,0,0,1,0,0,1,0,0,1,0
0,65.5,181.08,0.5,140.0,6.8,2.3,0.07142857142857142,13,5,15.0,2026-02-14,1,0,0,0,0,0,0,1,0,0,0,0,0,0,0,0,0,0,1,0,0,0,0,0,0,1,0,0,0,0,1,0,0,1,0,1,0,0
2,54.7,62.21,1.5,205.0,5.7,2.0,0.7804878048780488,8,5,5.3,2026-02-14,0,0,1,0,0,0,0,0,1,0,0,0,0,0,1,0,0,0,0,0,0,0,0,0,0,0,0,1,0,1,0,0,1,0,1,0,0,0
2,69.9,38.4,6.3,205.0,5.7,2.0,0.8536585365853658,8,5,5.3,2026-02-14,0,0,1,0,0,0,0,0,1,0,0,0,0,0,1,0,0,0,0,0,0,0,0,0,0,0,0,1,0,1,0,0,1,0,0,0,1,0
0,64.3,165.21,0.5,140.0,6.8,0.0,0.17857142857142858,13,5,15.0,2026-02-14,1,0,0,0,0,0,0,1,0,0,0,0,0,0,0,0,0,0,1,0,0,0,0,0,0,1,0,0,0,0,0,1,1,0,0,0,0,1
0,74.2,142.53,2.4,140.0,6.8,0.0,0.2857142857142857,13,5,15.0,2026-02-14,1,0,0,0,0,0,0,1,0,0,0,0,0,0,0,0,0,0,1,0,0,0,0,0,0,1,0,0,0,0,1,0,1,0,0,1,0,0
1,63.0,117.5,6.1,140.0,6.8,5.4,0.32142857142857145,14,5,15.0,2026-02-14,1,0,0,0,0,0,0,1,0,0,0,0,0,0,0,1,0,0,0,0,0,0,0,0,1,0,0,0,0,0,0,1,0,1,0,0,1,0
1,65.3,100.79,4.5,140.0,6.8,2.0,0.42857142857142855,14,5,15.0,2026-02-14,1,0,0,0,0,0,0,1,0,0,0,0,0,0,0,1,0,0,0,0,0,0,0,0,1,0,0,0,0,1,0,0,1,0,0,1,0,0
1,52.1,93.27,8.5,140.0,6.8,2.0,0.5357142857142857,14,5,15.0,2026-02-14,1,0,0,0,0,0,0,1,0,0,0,0,0,0,0,1,0,0,0,0,0,0,0,0,1,0,0,0,0,1,0,0,0,1,0,1,0,0
2,59.7,77.05,6.3,140.0,6.8,3.9,0.5714285714285714,14,5,15.0,2026-02-14,1,0,0,0,0,0,0,1,0,0,0,0,1,0,0,0,0,0,0,0,0,0,0,1,0,0,0,0,0,1,0,0,0,1,1,0,0,0
2,41.9,59.07,13.1,140.0,6.8,2.0,0.7857142857142857,15,5,15.0,2026-02-14,1,0,0,0,0,0,0,1,0,0,0,0,1,0,0,0,0,0,0,0,0,0,0,1,0,0,0,0,0,1,0,0,1,0,0,0,0,1
3,44.9,39.52,14.7,140.0,6.8,3.2,0.8214285714285714,15,5,15.0,2026-02-14,1,0,0,0,0,0,0,1,0,0,0,1,0,0,0,0,0,0,0,0,0,0,1,0,0,0,0,0,0,1,0,0,1,0,0,0,1,0
3,67.9,18.71,15.1,140.0,6.8,2.0,0.9285714285714286,15,5,15.0,2026-02-14,1,0,0,0,0,0,0,1,0,0,0,1,0,0,0,0,0,0,0,0,0,0,1,0,0,0,0,0,0,1,0,0,1,0,0,0,0,1
3,48.8,14.47,14.5,140.0,6.8,2.0,1.0,15,5,15.0,2026-02-14,1,0,0,0,0,0,0,1,0,0,0,1,0,0,0,0,0,0,0,0,0,0,1,0,0,0,0,0,0,1,0,0,1,0,0,1,0,0
0,64.6,174.23,1.0,155.0,6.7,3.2,0.06451612903225806,15,5,10.3,2026-02-14,0,1,0,0,0,0,1,0,0,0,0,0,0,0,0,0,1,0,0,0,0,1,0,0,0,0,0,0,0,0,0,1,1,0,0,1,0,0
0,68.1,156.62,4.1,155.0,6.7,0.0,0.16129032258064516,15,5,10.3,2026-02-14,0,1,0,0,0,0,1,0,0,0,0,0,0,0,0,0,1,0,0,0,0,1,0,0,0,0,0,0,0,1,0,0,1,0,0,1,0,0
2,64.8,60.0,9.2,140.0,6.8,2.0,0.6785714285714286,14,5,15.0,2026-02-14,1,0,0,0,0,0,0,1,0,0,0,0,1,0,0,0,0,0,0,0,0,0,0,1,0,0,0,0,0,1,0,0,1,0,0,1,0,0
1,73.3,120.78,0.8,155.0,6.7,4.1,0.33548387096774196,16,5,10.3,2026-02-14,0,1,0,0,0,0,1,0,0,0,1,0,0,0,0,0,0,0,0,1,0,0,0,0,0,0,0,0,0,0,0,1,1,0,0,1,0,0
2,69.7,73.38,3.1,205.0,5.7,5.7,0.7073170731707317,7,5,5.3,2026-02-14,0,0,1,0,0,0,0,0,1,0,0,0,0,0,1,0,0,0,0,0,0,0,0,0,0,0,0,1,0,0,0,1,1,0,0,0,1,0
0,67.5,140.0,-0.1,155.0,6.7,0.0,0.25806451612903225,16,5,10.3,2026-02-14,0,1,0,0,0,0,1,0,0,0,0,0,0,0,0,0,1,0,0,0,0,1,0,0,0,0,0,0,0,1,0,0,0,1,0,1,0,0
1,67.6,144.93,1.5,205.0,5.7,2.0,0.4634146341463415,7,5,5.3,2026-02-14,0,0,1,0,0,0,0,0,1,1,0,0,0,0,0,0,0,0,0,0,0,0,0,0,0,0,1,0,0,0,1,0,0,1,0,1,0,0
1,62.8,163.83,4.6,205.0,5.7,2.0,0.3902439024390244,6,5,5.3,2026-02-14,0,0,1,0,0,0,0,0,1,1,0,0,0,0,0,0,0,0,0,0,0,0,0,0,0,0,1,0,0,1,0,0,0,1,1,0,0,0
1,69.2,178.47,-1.6,205.0,5.7,5.6,0.3170731707317073,6,5,5.3,2026-02-14,0,0,1,0,0,0,0,0,1,1,0,0,0,0,0,0,0,0,0,0,0,0,0,0,0,0,1,0,0,0,1,0,1,0,0,0,1,0
0,68.5,236.46,-0.3,205.0,5.7,0.0,0.12195121951219512,5,5,5.3,2026-02-14,0,0,1,0,0,0,0,0,1,0,0,0,0,0,0,0,0,1,0,0,0,0,0,0,0,0,0,0,1,1,0,0,1,0,0,1,0,0
0,66.7,220.53,-2.9,205.0,5.7,0.0,0.1951219512195122,6,5,5.3,2026-02-14,0,0,1,0,0,0,0,0,1,0,0,0,0,0,0,0,0,1,0,0,0,0,0,0,0,0,0,0,1,1,0,0,0,1,0,0,0,1
2,64.2,26.2,10.6,155.0,6.7,2.0,0.8903225806451613,17,5,10.3,2026-02-14,0,1,0,0,0,0,1,0,0,0,0,0,0,1,0,0,0,0,0,0,1,0,0,0,0,0,0,0,0,1,0,0,1,0,0,1,0,0
2,62.4,43.0,9.4,155.0,6.7,2.0,0.7935483870967742,17,5,10.3,2026-02-14,0,1,0,0,0,0,1,0,0,0,0,0,0,1,0,0,0,0,0,0,1,0,0,0,0,0,0,0,0,0,1,0,0,1,0,1,0,0
2,52.4,60.27,9.8,155.0,6.7,3.4,0.6967741935483871,17,5,10.3,2026-02-14,0,1,0,0,0,0,1,0,0,0,0,0,0,1,0,0,0,0,0,0,1,0,0,0,0,0,0,0,0,0,1,0,1,0,0,1,0,0
1,67.5,88.0,7.2,155.0,6.7,2.0,0.5290322580645161,16,5,10.3,2026-02-14,0,1,0,0,0,0,1,0,0,0,1,0,0,0,0,0,0,0,0,1,0,0,0,0,0,0,0,0,0,1,0,0,0,1,0,0,1,0
1,66.9,105.12,7.2,155.0,6.7,2.0,0.432258064516129,16,5,10.3,2026-02-14,0,1,0,0,0,0,1,0,0,0,1,0,0,0,0,0,0,0,0,1,0,0,0,0,0,0,0,0,0,0,0,1,0,1,1,0,0,0
0,87.2,250.47,0.9,205.0,5.7,2.3,0.04878048780487805,5,5,5.3,2026-02-14,0,0,1,0,0,0,0,0,1,0,0,0,0,0,0,0,0,1,0,0,0,0,0,0,0,0,0,0,1,0,1,0,1,0,0,0,0,1
0,59.6,160.17,1.5,155.0,6.6,0.0,0.16129032258064516,11,6,11.1,2026-02-15,0,0,0,0,1,0,1,0,0,0,0,0,0,0,0,0,1,0,0,0,0,1,0,0,0,0,0,0,0,1,0,0,0,1,0,1,0,0
3,56.1,37.65,5.8,140.0,8.0,3.5,0.8214285714285714,10,6,8.7,2026-02-15,0,0,0,1,0,0,0,1,0,0,0,1,0,0,0,0,0,0,0,0,0,0,1,0,0,0,0,0,0,0,0,1,1,0,0,1,0,0
0,70.8,173.2,-1.9,155.0,6.6,3.1,0.06451612903225806,10,6,11.1,2026-02-15,0,0,0,0,1,0,1,0,0,0,0,0,0,0,0,0,1,0,0,0,0,1,0,0,0,0,0,0,0,1,0,0,0,1,0,1,0,0
3,63.1,4.93,12.1,140.0,8.0,2.0,1.0,11,6,8.7,2026-02-15,0,0,0,1,0,0,0,1,0,0,0,1,0,0,0,0,0,0,0,0,0,0,1,0,0,0,0,0,0,0,0,1,1,0,0,0,0,1
3,61.6,21.33,7.2,140.0,8.0,2.0,0.9285714285714286,10,6,8.7,2026-02-15,0,0,0,1,0,0,0,1,0,0,0,1,0,0,0,0,0,0,0,0,0,0,1,0,0,0,0,0,0,1,0,0,1,0,0,1,0,0
2,66.6,42.6,8.5,140.0,8.0,2.0,0.7857142857142857,10,6,8.7,2026-02-15,0,0,0,1,0,0,0,1,0,0,0,0,1,0,0,0,0,0,0,0,0,0,0,1,0,0,0,0,0,1,0,0,1,0,0,1,0,0
0,76.5,141.0,3.3,140.0,8.0,0.0,0.2857142857142857,9,6,8.7,2026-02-15,0,0,0,1,0,0,0,1,0,0,0,0,0,0,0,0,0,0,1,0,0,0,0,0,0,1,0,0,0,0,1,0,1,0,0,1,0,0
2,58.1,77.32,1.6,140.0,8.0,4.3,0.5714285714285714,9,6,8.7,2026-02-15,0,0,0,1,0,0,0,1,0,0,0,0,1,0,0,0,0,0,0,0,0,0,0,1,0,0,0,0,0,0,1,0,0,1,0,1,0,0
1,50.3,94.47,2.1,140.0,8.0,2.0,0.5357142857142857,9,6,8.7,2026-02-15,0,0,0,1,0,0,0,1,0,0,0,0,0,0,0,1,0,0,0,0,0,0,0,0,1,0,0,0,0,1,0,0,0,1,0,0,0,1
1,59.0,103.42,5.1,140.0,8.0,2.0,0.42857142857142855,9,6,8.7,2026-02-15,0,0,0,1,0,0,0,1,0,0,0,0,0,0,0,1,0,0,0,0,0,0,0,0,1,0,0,0,0,0,0,1,0,1,0,1,0,0
1,63.2,117.47,1.8,140.0,8.0,4.9,0.32142857142857145,9,6,8.7,2026-02-15,0,0,0,1,0,0,0,1,0,0,0,0,0,0,0,1,0,0,0,0,0,0,0,0,1,0,0,0,0,1,0,0,1,0,0,0,1,0
2,68.2,39.53,7.0,205.0,9.9,2.0,0.8536585365853658,15,6,11.6,2026-02-15,0,0,0,0,0,1,0,0,1,0,0,0,0,0,1,0,0,0,0,0,0,0,0,0,0,0,0,1,0,0,1,0,1,0,0,0,1,0
2,80.9,53.29,5.8,140.0,8.0,2.0,0.6785714285714286,10,6,8.7,2026-02-15,0,0,0,1,0,0,0,1,0,0,0,0,1,0,0,0,0,0,0,0,0,0,0,1,0,0,0,0,0,0,1,0,1,0,0,1,0,0
0,60.2,144.87,2.6,155.0,6.6,0.0,0.25806451612903225,11,6,11.1,2026-02-15,0,0,0,0,1,0,1,0,0,0,0,0,0,0,0,0,1,0,0,0,0,1,0,0,0,0,0,0,0,1,0,0,1,0,0,1,0,0
2,57.0,61.25,5.5,205.0,9.9,2.0,0.7804878048780488,15,6,11.6,2026-02-15,0,0,0,0,0,1,0,0,1,0,0,0,0,0,1,0,0,0,0,0,0,0,0,0,0,0,0,1,0,1,0,0,0,1,1,0,0,0
1,59.1,108.38,5.2,155.0,6.6,2.0,0.432258064516129,11,6,11.1,2026-02-15,0,0,0,0,1,0,1,0,0,0,1,0,0,0,0,0,0,0,0,1,0,0,0,0,0,0,0,0,0,0,0,1,1,0,0,1,0,0
1,70.3,86.13,5.7,155.0,6.6,2.0,0.5290322580645161,12,6,11.1,2026-02-15,0,0,0,0,1,0,1,0,0,0,1,0,0,0,0,0,0,0,0,1,0,0,0,0,0,0,0,0,0,1,0,0,0,1,0,0,1,0
2,57.2,59.47,7.6,155.0,6.6,5.3,0.6967741935483871,12,6,11.1,2026-02-15,0,0,0,0,1,0,1,0,0,0,0,0,0,1,0,0,0,0,0,0,1,0,0,0,0,0,0,0,0,0,0,1,1,0,0,0,0,1
2,63.6,42.5,11.2,155.0,6.6,2.0,0.7935483870967742,12,6,11.1,2026-02-15,0,0,0,0,1,0,1,0,0,0,0,0,0,1,0,0,0,0,0,0,1,0,0,0,0,0,0,0,0,1,0,0,0,1,0,1,0,0
2,61.3,28.13,9.9,155.0,6.6,2.0,0.8903225806451613,13,6,11.1,2026-02-15,0,0,0,0,1,0,1,0,0,0,0,0,0,1,0,0,0,0,0,0,1,0,0,0,0,0,0,0,0,0,1,0,1,0,0,0,1,0
0,66.2,253.97,-2.8,205.0,9.9,2.8,0.04878048780487805,12,6,11.6,2026-02-15,0,0,0,0,0,1,0,0,1,0,0,0,0,0,0,0,0,1,0,0,0,0,0,0,0,0,0,0,1,1,0,0,1,0,0,1,0,0
0,52.5,243.12,3.8,205.0,9.9,0.0,0.12195121951219512,12,6,11.6,2026-02-15,0,0,0,0,0,1,0,0,1,0,0,0,0,0,0,0,0,1,0,0,0,0,0,0,0,0,0,0,1,0,1,0,0,1,0,1,0,0
0,70.2,218.2,8.5,205.0,9.9,0.0,0.1951219512195122,13,6,11.6,2026-02-15,0,0,0,0,0,1,0,0,1,0,0,0,0,0,0,0,0,1,0,0,0,0,0,0,0,0,0,0,1,0,0,1,1,0,1,0,0,0
1,58.7,180.22,4.0,205.0,9.9,3.5,0.3170731707317073,13,6,11.6,2026-02-15,0,0,0,0,0,1,0,0,1,1,0,0,0,0,0,0,0,0,0,0,0,0,0,0,0,0,1,0,0,0,0,1,1,0,1,0,0,0
1,61.8,164.25,6.2,205.0,9.9,2.0,0.3902439024390244,13,6,11.6,2026-02-15,0,0,0,0,0,1,0,0,1,1,0,0,0,0,0,0,0,0,0,0,0,0,0,0,0,0,1,0,0,0,0,1,0,1,1,0,0,0
1,67.0,145.33,3.9,205.0,9.9,2.0,0.4634146341463415,13,6,11.6,2026-02-15,0,0,0,0,0,1,0,0,1,1,0,0,0,0,0,0,0,0,0,0,0,0,0,0,0,0,1,0,0,0,0,1,1,0,1,0,0,0
2,60.2,74.97,9.6,205.0,9.9,5.2,0.7073170731707317,14,6,11.6,2026-02-15,0,0,0,0,0,1,0,0,1,0,0,0,0,0,1,0,0,0,0,0,0,0,0,0,0,0,0,1,0,0,1,0,1,0,0,1,0,0
0,68.6,163.42,1.2,140.0,8.0,0.0,0.17857142857142858,9,6,8.7,2026-02-15,0,0,0,1,0,0,0,1,0,0,0,0,0,0,0,0,0,0,1,0,0,0,0,0,0,1,0,0,0,1,0,0,1,0,0,1,0,0
1,68.0,121.67,3.4,155.0,6.6,4.0,0.33548387096774196,11,6,11.1,2026-02-15,0,0,0,0,1,0,1,0,0,0,1,0,0,0,0,0,0,0,0,1,0,0,0,0,0,0,0,0,0,1,0,0,0,1,0,1,0,0
0,58.2,182.3,-2.6,140.0,8.0,3.3,0.07142857142857142,8,6,8.7,2026-02-15,0,0,0,1,0,0,0,1,0,0,0,0,0,0,0,0,0,0,1,0,0,0,0,0,0,1,0,0,0,1,0,0,0,1,0,0,1,0
1,69.2,121.47,7.8,155.0,2.3,3.1,0.33548387096774196,17,6,9.0,2026-02-15,0,1,0,0,0,0,1,0,0,0,1,0,0,0,0,0,0,0,0,1,0,0,0,0,0,0,0,0,0,0,0,1,1,0,0,0,1,0
2,54.3,62.38,9.7,205.0,3.2,2.0,0.7804878048780488,9,6,8.7,2026-02-15,0,0,1,0,0,0,0,0,1,0,0,0,0,0,1,0,0,0,0,0,0,0,0,0,0,0,0,1,0,0,0,1,1,0,0,1,0,0
0,70.6,180.23,-1.9,140.0,2.9,3.3,0.07142857142857142,14,6,2.7,2026-02-15,1,0,0,0,0,0,0,1,0,0,0,0,0,0,0,0,0,0,1,0,0,0,0,0,0,1,0,0,0,1,0,0,1,0,0,0,0,1
0,63.4,165.58,2.4,140.0,2.9,0.0,0.17857142857142858,14,6,2.7,2026-02-15,1,0,0,0,0,0,0,1,0,0,0,0,0,0,0,0,0,0,1,0,0,0,0,0,0,1,0,0,0,0,0,1,1,0,0,1,0,0
0,73.5,143.0,-1.6,140.0,2.9,0.0,0.2857142857142857,14,6,2.7,2026-02-15,1,0,0,0,0,0,0,1,0,0,0,0,0,0,0,0,0,0,1,0,0,0,0,0,0,1,0,0,0,1,0,0,1,0,0,1,0,0
1,83.5,114.08,-3.0,140.0,2.9,3.9,0.32142857142857145,15,6,2.7,2026-02-15,1,0,0,0,0,0,0,1,0,0,0,0,0,0,0,1,0,0,0,0,0,0,0,0,1,0,0,0,0,1,0,0,1,0,0,1,0,0
1,65.5,100.71,2.1,140.0,2.9,2.0,0.42857142857142855,15,6,2.7,2026-02-15,1,0,0,0,0,0,0,1,0,0,0,0,0,0,0,1,0,0,0,0,0,0,0,0,1,0,0,0,0,1,0,0,0,1,0,1,0,0
1,53.9,92.07,0.8,140.0,2.9,2.0,0.5357142857142857,15,6,2.7,2026-02-15,1,0,0,0,0,0,0,1,0,0,0,0,0,0,0,1,0,0,0,0,0,0,0,0,1,0,0,0,0,0,1,0,1,0,0,1,0,0
2,72.2,74.97,-3.0,140.0,2.9,5.1,0.5714285714285714,15,6,2.7,2026-02-15,1,0,0,0,0,0,0,1,0,0,0,0,1,0,0,0,0,0,0,0,0,0,0,1,0,0,0,0,0,0,0,1,1,0,0,0,1,0
2,66.3,59.38,2.5,140.0,2.9,2.0,0.6785714285714286,15,6,2.7,2026-02-15,1,0,0,0,0,0,0,1,0,0,0,0,1,0,0,0,0,0,0,0,0,0,0,1,0,0,0,0,0,1,0,0,1,0,0,0,0,1
2,40.1,60.27,2.6,140.0,2.9,2.0,0.7857142857142857,16,6,2.7,2026-02-15,1,0,0,0,0,0,0,1,0,0,0,0,1,0,0,0,0,0,0,0,0,0,0,1,0,0,0,0,0,0,0,1,0,1,0,1,0,0
3,50.6,38.57,1.9,140.0,2.9,5.5,0.8214285714285714,16,6,2.7,2026-02-15,1,0,0,0,0,0,0,1,0,0,0,1,0,0,0,0,0,0,0,0,0,0,1,0,0,0,0,0,0,1,0,0,1,0,0,1,0,0
3,67.7,18.79,4.4,140.0,2.9,2.0,0.9285714285714286,16,6,2.7,2026-02-15,1,0,0,0,0,0,0,1,0,0,0,1,0,0,0,0,0,0,0,0,0,0,1,0,0,0,0,0,0,1,0,0,1,0,1,0,0,0
3,67.6,1.93,0.9,140.0,2.9,2.0,1.0,16,6,2.7,2026-02-15,1,0,0,0,0,0,0,1,0,0,0,1,0,0,0,0,0,0,0,0,0,0,1,0,0,0,0,0,0,0,1,0,0,1,0,1,0,0
0,82.3,171.28,-1.7,155.0,2.3,3.2,0.06451612903225806,16,6,9.0,2026-02-15,0,1,0,0,0,0,1,0,0,0,0,0,0,0,0,0,1,0,0,0,0,1,0,0,0,0,0,0,0,0,1,0,0,1,1,0,0,0
2,71.3,37.47,6.9,205.0,3.2,2.0,0.8536585365853658,9,6,8.7,2026-02-15,0,0,1,0,0,0,0,0,1,0,0,0,0,0,1,0,0,0,0,0,0,0,0,0,0,0,0,1,0,1,0,0,1,0,0,0,0,1
0,71.6,137.27,5.7,155.0,2.3,0.0,0.25806451612903225,17,6,9.0,2026-02-15,0,1,0,0,0,0,1,0,0,0,0,0,0,0,0,0,1,0,0,0,0,1,0,0,0,0,0,0,0,0,0,1,1,0,0,1,0,0
0,71.7,155.12,3.3,155.0,2.3,0.0,0.16129032258064516,16,6,9.0,2026-02-15,0,1,0,0,0,0,1,0,0,0,0,0,0,0,0,0,1,0,0,0,0,1,0,0,0,0,0,0,0,1,0,0,1,0,0,1,0,0
2,62.5,74.58,5.6,205.0,3.2,2.7,0.7073170731707317,8,6,8.7,2026-02-15,0,0,1,0,0,0,0,0,1,0,0,0,0,0,1,0,0,0,0,0,0,0,0,0,0,0,0,1,0,1,0,0,1,0,0,0,0,1
1,77.7,138.2,5.0,205.0,3.2,2.0,0.4634146341463415,8,6,8.7,2026-02-15,0,0,1,0,0,0,0,0,1,1,0,0,0,0,0,0,0,0,0,0,0,0,0,0,0,0,1,0,0,1,0,0,1,0,0,0,0,1
1,69.9,160.88,4.7,205.0,3.2,2.0,0.3902439024390244,7,6,8.7,2026-02-15,0,0,1,0,0,0,0,0,1,1,0,0,0,0,0,0,0,0,0,0,0,0,0,0,0,0,1,0,0,0,0,1,0,1,0,1,0,0
0,65.7,221.2,5.0,205.0,3.2,0.0,0.1951219512195122,7,6,8.7,2026-02-15,0,0,1,0,0,0,0,0,1,0,0,0,0,0,0,0,0,1,0,0,0,0,0,0,0,0,0,0,1,0,1,0,0,1,0,1,0,0
0,69.1,236.21,-0.3,205.0,3.2,0.0,0.12195121951219512,6,6,8.7,2026-02-15,0,0,1,0,0,0,0,0,1,0,0,0,0,0,0,0,0,1,0,0,0,0,0,0,0,0,0,0,1,1,0,0,1,0,0,0,0,1
1,63.8,179.37,2.4,205.0,3.2,3.9,0.3170731707317073,7,6,8.7,2026-02-15,0,0,1,0,0,0,0,0,1,1,0,0,0,0,0,0,0,0,0,0,0,0,0,0,0,0,1,0,0,0,0,1,1,0,0,0,0,1
2,75.8,18.47,8.8,155.0,2.3,2.0,0.8903225806451613,18,6,9.0,2026-02-15,0,1,0,0,0,0,1,0,0,0,0,0,0,1,0,0,0,0,0,0,1,0,0,0,0,0,0,0,0,0,0,1,0,1,0,1,0,0
2,54.6,46.25,7.9,155.0,2.3,2.0,0.7935483870967742,18,6,9.0,2026-02-15,0,1,0,0,0,0,1,0,0,0,0,0,0,1,0,0,0,0,0,0,1,0,0,0,0,0,0,0,0,0,1,0,0,1,0,0,1,0
2,56.0,59.67,7.6,155.0,2.3,4.2,0.6967741935483871,18,6,9.0,2026-02-15,0,1,0,0,0,0,1,0,0,0,0,0,0,1,0,0,0,0,0,0,1,0,0,0,0,0,0,0,0,1,0,0,1,0,0,0,0,1
1,70.7,85.87,2.8,155.0,2.3,2.0,0.5290322580645161,17,6,9.0,2026-02-15,0,1,0,0,0,0,1,0,0,0,1,0,0,0,0,0,0,0,0,1,0,0,0,0,0,0,0,0,0,0,1,0,1,0,1,0,0,0
1,76.8,101.0,7.7,155.0,2.3,2.0,0.432258064516129,17,6,9.0,2026-02-15,0,1,0,0,0,0,1,0,0,0,1,0,0,0,0,0,0,0,0,1,0,0,0,0,0,0,0,0,0,1,0,0,1,0,0,0,0,1
0,90.3,249.95,-0.2,205.0,3.2,2.6,0.04878048780487805,6,6,8.7,2026-02-15,0,0,1,0,0,0,0,0,1,0,0,0,0,0,0,0,0,1,0,0,0,0,0,0,0,0,0,0,1,0,1,0,0,1,0,0,0,1
3,39.7,40.38,15.5,140.0,9.4,6.2,0.8214285714285714,11,0,16.3,2026-02-16,0,0,0,1,0,0,0,1,0,0,0,1,0,0,0,0,0,0,0,0,0,0,1,0,0,0,0,0,0,1,0,0,0,1,0,0,1,0
0,80.7,171.55,2.1,155.0,0.1,1.9,0.06451612903225806,11,0,9.5,2026-02-16,0,0,0,0,1,0,1,0,0,0,0,0,0,0,0,0,1,0,0,0,0,1,0,0,0,0,0,0,0,1,0,0,0,1,0,0,1,0
3,50.6,13.27,16.0,140.0,9.4,2.0,1.0,12,0,16.3,2026-02-16,0,0,0,1,0,0,0,1,0,0,0,1,0,0,0,0,0,0,0,0,0,0,1,0,0,0,0,0,0,1,0,0,0,1,0,0,1,0
3,61.3,21.46,15.7,140.0,9.4,2.0,0.9285714285714286,11,0,16.3,2026-02-16,0,0,0,1,0,0,0,1,0,0,0,1,0,0,0,0,0,0,0,0,0,0,1,0,0,0,0,0,0,1,0,0,0,1,0,1,0,0
2,54.0,51.0,10.4,140.0,9.4,2.0,0.7857142857142857,11,0,16.3,2026-02-16,0,0,0,1,0,0,0,1,0,0,0,0,1,0,0,0,0,0,0,0,0,0,0,1,0,0,0,0,0,1,0,0,0,1,0,0,1,0
0,56.8,154.13,4.4,140.0,9.4,0.0,0.2857142857142857,10,0,16.3,2026-02-16,0,0,0,1,0,0,0,1,0,0,0,0,0,0,0,0,0,0,1,0,0,0,0,0,0,1,0,0,0,0,1,0,0,1,1,0,0,0
2,68.5,75.58,6.7,140.0,9.4,5.2,0.5714285714285714,10,0,16.3,2026-02-16,0,0,0,1,0,0,0,1,0,0,0,0,1,0,0,0,0,0,0,0,0,0,0,1,0,0,0,0,0,1,0,0,1,0,0,1,0,0
1,60.4,87.73,6.9,140.0,9.4,2.0,0.5357142857142857,10,0,16.3,2026-02-16,0,0,0,1,0,0,0,1,0,0,0,0,0,0,0,1,0,0,0,0,0,0,0,0,1,0,0,0,0,1,0,0,1,0,0,1,0,0
1,59.2,103.33,9.6,140.0,9.4,2.0,0.42857142857142855,10,0,16.3,2026-02-16,0,0,0,1,0,0,0,1,0,0,0,0,0,0,0,1,0,0,0,0,0,0,0,0,1,0,0,0,0,0,1,0,1,0,0,0,0,1
1,55.0,118.83,9.8,140.0,9.4,4.9,0.32142857142857145,10,0,16.3,2026-02-16,0,0,0,1,0,0,0,1,0,0,0,0,0,0,0,1,0,0,0,0,0,0,0,0,1,0,0,0,0,1,0,0,1,0,0,0,1,0
0,65.0,157.92,3.9,155.0,0.1,0.0,0.16129032258064516,12,0,9.5,2026-02-16,0,0,0,0,1,0,1,0,0,0,0,0,0,0,0,0,1,0,0,0,0,1,0,0,0,0,0,0,0,0,0,1,1,0,0,0,0,1
2,52.8,65.0,8.3,140.0,9.4,2.0,0.6785714285714286,11,0,16.3,2026-02-16,0,0,0,1,0,0,0,1,0,0,0,0,1,0,0,0,0,0,0,0,0,0,0,1,0,0,0,0,0,1,0,0,1,0,0,1,0,0
0,69.1,138.93,2.0,155.0,0.1,0.0,0.25806451612903225,12,0,9.5,2026-02-16,0,0,0,0,1,0,1,0,0,0,0,0,0,0,0,0,1,0,0,0,0,1,0,0,0,0,0,0,0,1,0,0,0,1,0,1,0,0
0,52.7,256.22,4.6,205.0,5.8,1.3,0.04878048780487805,13,0,12.2,2026-02-16,0,0,0,0,0,1,0,0,1,0,0,0,0,0,0,0,0,1,0,0,0,0,0,0,0,0,0,0,1,1,0,0,0,1,0,1,0,0
1,75.7,101.46,5.8,155.0,0.1,2.0,0.432258064516129,12,0,9.5,2026-02-16,0,0,0,0,1,0,1,0,0,0,1,0,0,0,0,0,0,0,0,1,0,0,0,0,0,0,0,0,0,1,0,0,1,0,1,0,0,0
1,59.2,93.53,3.9,155.0,0.1,2.0,0.5290322580645161,13,0,9.5,2026-02-16,0,0,0,0,1,0,1,0,0,0,1,0,0,0,0,0,0,0,0,1,0,0,0,0,0,0,0,0,0,1,0,0,1,0,0,1,0,0
2,75.4,56.43,5.5,155.0,0.1,4.8,0.6967741935483871,13,0,9.5,2026-02-16,0,0,0,0,1,0,1,0,0,0,0,0,0,1,0,0,0,0,0,0,1,0,0,0,0,0,0,0,0,1,0,0,1,0,1,0,0,0
2,68.3,40.54,6.5,155.0,0.1,2.0,0.7935483870967742,13,0,9.5,2026-02-16,0,0,0,0,1,0,1,0,0,0,0,0,0,1,0,0,0,0,0,0,1,0,0,0,0,0,0,0,0,1,0,0,1,0,0,0,1,0
2,55.2,32.2,9.5,155.0,0.1,2.0,0.8903225806451613,14,0,9.5,2026-02-16,0,0,0,0,1,0,1,0,0,0,0,0,0,1,0,0,0,0,0,0,1,0,0,0,0,0,0,0,0,0,1,0,1,0,0,1,0,0
0,62.2,239.08,-0.2,205.0,5.8,0.0,0.12195121951219512,13,0,12.2,2026-02-16,0,0,0,0,0,1,0,0,1,0,0,0,0,0,0,0,0,1,0,0,0,0,0,0,0,0,0,0,1,1,0,0,1,0,0,0,1,0
0,53.8,229.13,4.5,205.0,5.8,0.0,0.1951219512195122,14,0,12.2,2026-02-16,0,0,0,0,0,1,0,0,1,0,0,0,0,0,0,0,0,1,0,0,0,0,0,0,0,0,0,0,1,1,0,0,1,0,0,1,0,0
1,58.9,180.18,2.7,205.0,5.8,5.2,0.3170731707317073,14,0,12.2,2026-02-16,0,0,0,0,0,1,0,0,1,1,0,0,0,0,0,0,0,0,0,0,0,0,0,0,0,0,1,0,0,1,0,0,1,0,0,1,0,0
1,63.0,163.75,2.1,205.0,5.8,2.0,0.3902439024390244,14,0,12.2,2026-02-16,0,0,0,0,0,1,0,0,1,1,0,0,0,0,0,0,0,0,0,0,0,0,0,0,0,0,1,0,0,1,0,0,1,0,0,0,0,1
1,68.4,144.4,3.6,205.0,5.8,2.0,0.4634146341463415,14,0,12.2,2026-02-16,0,0,0,0,0,1,0,0,1,1,0,0,0,0,0,0,0,0,0,0,0,0,0,0,0,0,1,0,0,1,0,0,0,1,0,0,0,1
2,51.0,76.5,8.1,205.0,5.8,3.9,0.7073170731707317,15,0,12.2,2026-02-16,0,0,0,0,0,1,0,0,1,0,0,0,0,0,1,0,0,0,0,0,0,0,0,0,0,0,0,1,0,1,0,0,1,0,1,0,0,0
2,62.7,58.88,7.8,205.0,5.8,2.0,0.7804878048780488,16,0,12.2,2026-02-16,0,0,0,0,0,1,0,0,1,0,0,0,0,0,1,0,0,0,0,0,0,0,0,0,0,0,0,1,0,1,0,0,1,0,1,0,0,0
0,74.9,160.79,0.3,140.0,9.4,0.0,0.17857142857142858,10,0,16.3,2026-02-16,0,0,0,1,0,0,0,1,0,0,0,0,0,0,0,0,0,0,1,0,0,0,0,0,0,1,0,0,0,1,0,0,1,0,0,1,0,0
1,53.2,124.13,3.6,155.0,0.1,4.5,0.33548387096774196,12,0,9.5,2026-02-16,0,0,0,0,1,0,1,0,0,0,1,0,0,0,0,0,0,0,0,1,0,0,0,0,0,0,0,0,0,0,0,1,1,0,0,0,1,0
0,72.1,179.98,3.9,140.0,9.4,3.4,0.07142857142857142,9,0,16.3,2026-02-16,0,0,0,1,0,0,0,1,0,0,0,0,0,0,0,0,0,0,1,0,0,0,0,0,0,1,0,0,0,1,0,0,1,0,0,1,0,0
2,52.2,50.2,12.5,205.0,5.8,2.0,0.8536585365853658,16,0,12.2,2026-02-16,0,0,0,0,0,1,0,0,1,0,0,0,0,0,1,0,0,0,0,0,0,0,0,0,0,0,0,1,0,0,0,1,1,0,0,1,0,0
2,59.4,60.25,-0.2,205.0,1.2,2.0,0.7804878048780488,10,0,-2.0,2026-02-16,0,0,1,0,0,0,0,0,1,0,0,0,0,0,1,0,0,0,0,0,0,0,0,0,0,0,0,1,0,1,0,0,0,1,0,0,0,1
0,68.7,180.55,0.6,140.0,7.8,2.3,0.07142857142857142,15,0,5.9,2026-02-16,1,0,0,0,0,0,0,1,0,0,0,0,0,0,0,0,0,0,1,0,0,0,0,0,0,1,0,0,0,0,0,1,1,0,0,0,0,1
0,57.4,168.08,-0.1,140.0,7.8,0.0,0.17857142857142858,15,0,5.9,2026-02-16,1,0,0,0,0,0,0,1,0,0,0,0,0,0,0,0,0,0,1,0,0,0,0,0,0,1,0,0,0,1,0,0,1,0,0,1,0,0
0,62.5,150.33,3.2,140.0,7.8,0.0,0.2857142857142857,15,0,5.9,2026-02-16,1,0,0,0,0,0,0,1,0,0,0,0,0,0,0,0,0,0,1,0,0,0,0,0,0,1,0,0,0,0,1,0,1,0,0,1,0,0
1,56.4,118.6,4.9,140.0,7.8,4.1,0.32142857142857145,16,0,5.9,2026-02-16,1,0,0,0,0,0,0,1,0,0,0,0,0,0,0,1,0,0,0,0,0,0,0,0,1,0,0,0,0,0,0,1,0,1,0,1,0,0
1,68.6,99.42,4.5,140.0,7.8,2.0,0.42857142857142855,16,0,5.9,2026-02-16,1,0,0,0,0,0,0,1,0,0,0,0,0,0,0,1,0,0,0,0,0,0,0,0,1,0,0,0,0,1,0,0,1,0,0,1,0,0
1,88.6,68.93,2.1,140.0,7.8,2.0,0.5357142857142857,16,0,5.9,2026-02-16,1,0,0,0,0,0,0,1,0,0,0,0,0,0,0,1,0,0,0,0,0,0,0,0,1,0,0,0,0,1,0,0,1,0,0,0,1,0
2,60.9,76.85,1.4,140.0,7.8,4.9,0.5714285714285714,16,0,5.9,2026-02-16,1,0,0,0,0,0,0,1,0,0,0,0,1,0,0,0,0,0,0,0,0,0,0,1,0,0,0,0,0,1,0,0,1,0,0,1,0,0
2,67.4,58.92,6.8,140.0,7.8,2.0,0.6785714285714286,16,0,5.9,2026-02-16,1,0,0,0,0,0,0,1,0,0,0,0,1,0,0,0,0,0,0,0,0,0,0,1,0,0,0,0,0,0,1,0,1,0,0,0,1,0
2,63.5,44.67,3.1,140.0,7.8,2.0,0.7857142857142857,17,0,5.9,2026-02-16,1,0,0,0,0,0,0,1,0,0,0,0,1,0,0,0,0,0,0,0,0,0,0,1,0,0,0,0,0,1,0,0,1,0,0,1,0,0
3,71.6,35.07,5.2,140.0,7.8,4.8,0.8214285714285714,17,0,5.9,2026-02-16,1,0,0,0,0,0,0,1,0,0,0,1,0,0,0,0,0,0,0,0,0,0,1,0,0,0,0,0,0,0,1,0,1,0,0,0,1,0
3,70.1,17.79,3.0,140.0,7.8,2.0,0.9285714285714286,17,0,5.9,2026-02-16,1,0,0,0,0,0,0,1,0,0,0,1,0,0,0,0,0,0,0,0,0,0,1,0,0,0,0,0,0,1,0,0,1,0,0,1,0,0
3,64.0,4.33,0.6,140.0,7.8,2.0,1.0,17,0,5.9,2026-02-16,1,0,0,0,0,0,0,1,0,0,0,1,0,0,0,0,0,0,0,0,0,0,1,0,0,0,0,0,0,0,1,0,0,1,0,1,0,0
0,71.8,173.03,5.2,155.0,7.4,3.1,0.06451612903225806,5,0,6.2,2026-02-16,0,1,0,0,0,0,1,0,0,0,0,0,0,0,0,0,1,0,0,0,0,1,0,0,0,0,0,0,0,1,0,0,0,1,0,1,0,0
0,68.0,156.67,0.2,155.0,7.4,0.0,0.16129032258064516,5,0,6.2,2026-02-16,0,1,0,0,0,0,1,0,0,0,0,0,0,0,0,0,1,0,0,0,0,1,0,0,0,0,0,0,0,1,0,0,1,0,0,1,0,0
2,66.5,40.67,-3.0,205.0,1.2,2.0,0.8536585365853658,10,0,-2.0,2026-02-16,0,0,1,0,0,0,0,0,1,0,0,0,0,0,1,0,0,0,0,0,0,0,0,0,0,0,0,1,0,1,0,0,1,0,0,1,0,0
1,44.3,125.62,-1.2,155.0,7.4,4.9,0.33548387096774196,6,0,6.2,2026-02-16,0,1,0,0,0,0,1,0,0,0,1,0,0,0,0,0,0,0,0,1,0,0,0,0,0,0,0,0,0,1,0,0,1,0,0,0,0,1
2,84.5,70.92,-1.4,205.0,1.2,3.8,0.7073170731707317,9,0,-2.0,2026-02-16,0,0,1,0,0,0,0,0,1,0,0,0,0,0,1,0,0,0,0,0,0,0,0,0,0,0,0,1,0,1,0,0,0,1,0,1,0,0
1,56.0,152.67,-1.3,205.0,1.2,2.0,0.4634146341463415,9,0,-2.0,2026-02-16,0,0,1,0,0,0,0,0,1,1,0,0,0,0,0,0,0,0,0,0,0,0,0,0,0,0,1,0,0,1,0,0,1,0,0,1,0,0
1,78.9,157.12,1.1,205.0,1.2,2.0,0.3902439024390244,8,0,-2.0,2026-02-16,0,0,1,0,0,0,0,0,1,1,0,0,0,0,0,0,0,0,0,0,0,0,0,0,0,0,1,0,0,1,0,0,1,0,0,1,0,0
0,62.3,143.47,1.7,155.0,7.4,0.0,0.25806451612903225,6,0,6.2,2026-02-16,0,1,0,0,0,0,1,0,0,0,0,0,0,0,0,0,1,0,0,0,0,1,0,0,0,0,0,0,0,1,0,0,0,1,0,0,0,1
0,65.3,221.47,0.9,205.0,1.2,0.0,0.1951219512195122,8,0,-2.0,2026-02-16,0,0,1,0,0,0,0,0,1,0,0,0,0,0,0,0,0,1,0,0,0,0,0,0,0,0,0,0,1,1,0,0,1,0,1,0,0,0
0,65.0,237.92,2.5,205.0,1.2,0.0,0.12195121951219512,7,0,-2.0,2026-02-16,0,0,1,0,0,0,0,0,1,0,0,0,0,0,0,0,0,1,0,0,0,0,0,0,0,0,0,0,1,0,0,1,1,0,0,1,0,0
1,70.2,178.3,-1.9,205.0,1.2,3.0,0.3170731707317073,8,0,-2.0,2026-02-16,0,0,1,0,0,0,0,0,1,1,0,0,0,0,0,0,0,0,0,0,0,0,0,0,0,0,1,0,0,1,0,0,1,0,0,0,1,0
2,50.1,35.6,6.0,155.0,7.4,2.0,0.8903225806451613,7,0,6.2,2026-02-16,0,1,0,0,0,0,1,0,0,0,0,0,0,1,0,0,0,0,0,0,1,0,0,0,0,0,0,0,0,0,0,1,1,0,0,1,0,0
2,67.1,41.04,1.1,155.0,7.4,2.0,0.7935483870967742,7,0,6.2,2026-02-16,0,1,0,0,0,0,1,0,0,0,0,0,0,1,0,0,0,0,0,0,1,0,0,0,0,0,0,0,0,1,0,0,1,0,0,1,0,0
2,73.5,56.75,5.0,155.0,7.4,2.6,0.6967741935483871,7,0,6.2,2026-02-16,0,1,0,0,0,0,1,0,0,0,0,0,0,1,0,0,0,0,0,0,1,0,0,0,0,0,0,0,0,0,0,1,1,0,0,1,0,0
1,68.9,87.07,1.6,155.0,7.4,2.0,0.5290322580645161,6,0,6.2,2026-02-16,0,1,0,0,0,0,1,0,0,0,1,0,0,0,0,0,0,0,0,1,0,0,0,0,0,0,0,0,0,0,1,0,1,0,0,0,1,0
1,56.5,109.46,6.1,155.0,7.4,2.0,0.432258064516129,6,0,6.2,2026-02-16,0,1,0,0,0,0,1,0,0,0,1,0,0,0,0,0,0,0,0,1,0,0,0,0,0,0,0,0,0,1,0,0,1,0,0,0,0,1
0,61.3,254.78,-0.3,205.0,1.2,2.7,0.04878048780487805,7,0,-2.0,2026-02-16,0,0,1,0,0,0,0,0,1,0,0,0,0,0,0,0,0,1,0,0,0,0,0,0,0,0,0,0,1,1,0,0,1,0,0,1,0,0
0,55.1,175.82,4.0,155.0,10.4,3.0,0.06451612903225806,12,1,21.5,2026-02-17,0,0,0,0,1,0,1,0,0,0,0,0,0,0,0,0,1,0,0,0,0,1,0,0,0,0,0,0,0,0,0,1,0,1,0,0,1,0
3,49.5,14.0,8.4,140.0,0.4,2.0,1.0,13,1,6.7,2026-02-17,0,0,0,1,0,0,0,1,0,0,0,1,0,0,0,0,0,0,0,0,0,0,1,0,0,0,0,0,0,0,0,1,0,1,0,0,0,1
3,60.6,21.75,9.4,140.0,0.4,2.0,0.9285714285714286,12,1,6.7,2026-02-17,0,0,0,1,0,0,0,1,0,0,0,1,0,0,0,0,0,0,0,0,0,0,1,0,0,0,0,0,0,0,0,1,1,0,0,0,1,0
3,56.9,37.52,4.4,140.0,0.4,5.8,0.8214285714285714,12,1,6.7,2026-02-17,0,0,0,1,0,0,0,1,0,0,0,1,0,0,0,0,0,0,0,0,0,0,1,0,0,0,0,0,0,0,1,0,0,1,0,1,0,0
2,57.4,48.73,3.3,140.0,0.4,2.0,0.7857142857142857,12,1,6.7,2026-02-17,0,0,0,1,0,0,0,1,0,0,0,0,1,0,0,0,0,0,0,0,0,0,0,1,0,0,0,0,0,0,1,0,1,0,0,0,1,0
0,60.7,166.71,0.3,140.0,0.4,0.0,0.17857142857142858,11,1,6.7,2026-02-17,0,0,0,1,0,0,0,1,0,0,0,0,0,0,0,0,0,0,1,0,0,0,0,0,0,1,0,0,0,0,1,0,1,0,0,0,1,0
2,66.8,75.87,6.3,140.0,0.4,4.8,0.5714285714285714,11,1,6.7,2026-02-17,0,0,0,1,0,0,0,1,0,0,0,0,1,0,0,0,0,0,0,0,0,0,0,1,0,0,0,0,0,1,0,0,1,0,1,0,0,0
1,69.9,81.4,3.8,140.0,0.4,2.0,0.5357142857142857,11,1,6.7,2026-02-17,0,0,0,1,0,0,0,1,0,0,0,0,0,0,0,1,0,0,0,0,0,0,0,0,1,0,0,0,0,1,0,0,0,1,0,0,1,0
1,65.5,100.71,5.9,140.0,0.4,2.0,0.42857142857142855,11,1,6.7,2026-02-17,0,0,0,1,0,0,0,1,0,0,0,0,0,0,0,1,0,0,0,0,0,0,0,0,1,0,0,0,0,1,0,0,1,0,0,0,1,0
1,60.0,118.0,3.7,140.0,0.4,4.0,0.32142857142857145,11,1,6.7,2026-02-17,0,0,0,1,0,0,0,1,0,0,0,0,0,0,0,1,0,0,0,0,0,0,0,0,1,0,0,0,0,1,0,0,1,0,0,1,0,0
0,56.7,154.2,0.7,140.0,0.4,0.0,0.2857142857142857,11,1,6.7,2026-02-17,0,0,0,1,0,0,0,1,0,0,0,0,0,0,0,0,0,0,1,0,0,0,0,0,0,1,0,0,0,0,1,0,1,0,0,1,0,0
0,69.0,156.25,-0.3,155.0,10.4,0.0,0.16129032258064516,13,1,21.5,2026-02-17,0,0,0,0,1,0,1,0,0,0,0,0,0,0,0,0,1,0,0,0,0,1,0,0,0,0,0,0,0,1,0,0,0,1,0,1,0,0
2,70.7,57.54,2.9,140.0,0.4,2.0,0.6785714285714286,12,1,6.7,2026-02-17,0,0,0,1,0,0,0,1,0,0,0,0,1,0,0,0,0,0,0,0,0,0,0,1,0,0,0,0,0,1,0,0,0,1,0,1,0,0
0,64.8,141.8,4.4,155.0,10.4,0.0,0.25806451612903225,13,1,21.5,2026-02-17,0,0,0,0,1,0,1,0,0,0,0,0,0,0,0,0,1,0,0,0,0,1,0,0,0,0,0,0,0,1,0,0,1,0,0,0,0,1
0,87.9,250.35,-0.7,205.0,11.6,3.3,0.04878048780487805,14,1,15.4,2026-02-17,0,0,0,0,0,1,0,0,1,0,0,0,0,0,0,0,0,1,0,0,0,0,0,0,0,0,0,0,1,0,0,1,0,1,0,1,0,0
1,63.2,106.67,9.7,155.0,10.4,2.0,0.432258064516129,13,1,21.5,2026-02-17,0,0,0,0,1,0,1,0,0,0,1,0,0,0,0,0,0,0,0,1,0,0,0,0,0,0,0,0,0,0,1,0,1,0,1,0,0,0
1,51.6,98.6,12.9,155.0,10.4,2.0,0.5290322580645161,14,1,21.5,2026-02-17,0,0,0,0,1,0,1,0,0,0,1,0,0,0,0,0,0,0,0,1,0,0,0,0,0,0,0,0,0,1,0,0,1,0,1,0,0,0
2,49.9,60.68,19.1,155.0,10.4,4.5,0.6967741935483871,14,1,21.5,2026-02-17,0,0,0,0,1,0,1,0,0,0,0,0,0,1,0,0,0,0,0,0,1,0,0,0,0,0,0,0,0,1,0,0,1,0,0,0,0,1
2,64.5,42.12,14.7,155.0,10.4,2.0,0.7935483870967742,14,1,21.5,2026-02-17,0,0,0,0,1,0,1,0,0,0,0,0,0,1,0,0,0,0,0,0,1,0,0,0,0,0,0,0,0,0,0,1,1,0,0,1,0,0
2,43.0,40.33,22.1,155.0,10.4,2.0,0.8903225806451613,15,1,21.5,2026-02-17,0,0,0,0,1,0,1,0,0,0,0,0,0,1,0,0,0,0,0,0,1,0,0,0,0,0,0,0,0,0,0,1,1,0,0,1,0,0
0,75.7,233.46,6.0,205.0,11.6,0.0,0.12195121951219512,14,1,15.4,2026-02-17,0,0,0,0,0,1,0,0,1,0,0,0,0,0,0,0,0,1,0,0,0,0,0,0,0,0,0,0,1,1,0,0,1,0,0,1,0,0
0,71.4,217.4,2.9,205.0,11.6,0.0,0.1951219512195122,15,1,15.4,2026-02-17,0,0,0,0,0,1,0,0,1,0,0,0,0,0,0,0,0,1,0,0,0,0,0,0,0,0,0,0,1,1,0,0,0,1,1,0,0,0
1,65.0,179.17,4.6,205.0,11.6,5.3,0.3170731707317073,15,1,15.4,2026-02-17,0,0,0,0,0,1,0,0,1,1,0,0,0,0,0,0,0,0,0,0,0,0,0,0,0,0,1,0,0,1,0,0,1,0,1,0,0,0
1,56.5,166.46,4.3,205.0,11.6,2.0,0.3902439024390244,15,1,15.4,2026-02-17,0,0,0,0,0,1,0,0,1,1,0,0,0,0,0,0,0,0,0,0,0,0,0,0,0,0,1,0,0,0,0,1,0,1,1,0,0,0
1,75.8,139.47,3.4,205.0,11.6,2.0,0.4634146341463415,15,1,15.4,2026-02-17,0,0,0,0,0,1,0,0,1,1,0,0,0,0,0,0,0,0,0,0,0,0,0,0,0,0,1,0,0,0,1,0,1,0,0,1,0,0
2,57.5,75.42,13.1,205.0,11.6,4.5,0.7073170731707317,16,1,15.4,2026-02-17,0,0,0,0,0,1,0,0,1,0,0,0,0,0,1,0,0,0,0,0,0,0,0,0,0,0,0,1,0,0,0,1,1,0,1,0,0,0
2,52.6,63.08,13.9,205.0,11.6,2.0,0.7804878048780488,17,1,15.4,2026-02-17,0,0,0,0,0,1,0,0,1,0,0,0,0,0,1,0,0,0,0,0,0,0,0,0,0,0,0,1,0,0,0,1,1,0,0,0,0,1
0,81.1,178.48,2.0,140.0,0.4,2.5,0.07142857142857142,10,1,6.7,2026-02-17,0,0,0,1,0,0,0,1,0,0,0,0,0,0,0,0,0,0,1,0,0,0,0,0,0,1,0,0,0,1,0,0,0,1,0,1,0,0
1,60.1,122.98,6.6,155.0,10.4,4.8,0.33548387096774196,13,1,21.5,2026-02-17,0,0,0,0,1,0,1,0,0,0,1,0,0,0,0,0,0,0,0,1,0,0,0,0,0,0,0,0,0,0,0,1,0,1,1,0,0,0
2,68.2,39.53,13.7,205.0,11.6,2.0,0.8536585365853658,17,1,15.4,2026-02-17,0,0,0,0,0,1,0,0,1,0,0,0,0,0,1,0,0,0,0,0,0,0,0,0,0,0,0,1,0,1,0,0,1,0,0,0,1,0
2,64.2,42.2,1.0,205.0,2.4,2.0,0.8536585365853658,11,1,2.6,2026-02-17,0,0,1,0,0,0,0,0,1,0,0,0,0,0,1,0,0,0,0,0,0,0,0,0,0,0,0,1,0,1,0,0,1,0,0,1,0,0
2,48.8,76.87,0.4,205.0,2.4,4.9,0.7073170731707317,10,1,2.6,2026-02-17,0,0,1,0,0,0,0,0,1,0,0,0,0,0,1,0,0,0,0,0,0,0,0,0,0,0,0,1,0,0,0,1,1,0,1,0,0,0
2,54.6,62.25,0.8,205.0,2.4,2.0,0.7804878048780488,11,1,2.6,2026-02-17,0,0,1,0,0,0,0,0,1,0,0,0,0,0,1,0,0,0,0,0,0,0,0,0,0,0,0,1,0,0,0,1,0,1,0,0,1,0
0,63.6,181.4,-2.5,140.0,11.6,4.0,0.07142857142857142,16,1,13.9,2026-02-17,1,0,0,0,0,0,0,1,0,0,0,0,0,0,0,0,0,0,1,0,0,0,0,0,0,1,0,0,0,1,0,0,1,0,0,0,1,0
0,72.5,161.79,4.9,140.0,11.6,0.0,0.17857142857142858,16,1,13.9,2026-02-17,1,0,0,0,0,0,0,1,0,0,0,0,0,0,0,0,0,0,1,0,0,0,0,0,0,1,0,0,0,0,0,1,1,0,0,1,0,0
0,61.9,150.73,5.1,140.0,11.6,0.0,0.2857142857142857,16,1,13.9,2026-02-17,1,0,0,0,0,0,0,1,0,0,0,0,0,0,0,0,0,0,1,0,0,0,0,0,0,1,0,0,0,1,0,0,1,0,0,0,1,0
1,76.1,115.32,7.1,140.0,11.6,4.2,0.32142857142857145,17,1,13.9,2026-02-17,1,0,0,0,0,0,0,1,0,0,0,0,0,0,0,1,0,0,0,0,0,0,0,0,1,0,0,0,0,0,1,0,1,0,0,1,0,0
1,51.7,106.46,4.3,140.0,11.6,2.0,0.42857142857142855,17,1,13.9,2026-02-17,1,0,0,0,0,0,0,1,0,0,0,0,0,0,0,1,0,0,0,0,0,0,0,0,1,0,0,0,0,0,1,0,1,0,0,0,0,1
1,53.4,92.4,7.3,140.0,11.6,2.0,0.5357142857142857,17,1,13.9,2026-02-17,1,0,0,0,0,0,0,1,0,0,0,0,0,0,0,1,0,0,0,0,0,0,0,0,1,0,0,0,0,0,0,1,0,1,0,0,1,0
2,51.7,78.38,7.2,140.0,11.6,6.1,0.5714285714285714,17,1,13.9,2026-02-17,1,0,0,0,0,0,0,1,0,0,0,0,1,0,0,0,0,0,0,0,0,0,0,1,0,0,0,0,0,0,1,0,0,1,0,0,0,1
2,52.6,51.93,12.0,140.0,11.6,2.0,0.7857142857142857,18,1,13.9,2026-02-17,1,0,0,0,0,0,0,1,0,0,0,0,1,0,0,0,0,0,0,0,0,0,0,1,0,0,0,0,0,1,0,0,1,0,0,0,1,0
3,60.5,36.92,9.3,140.0,11.6,4.6,0.8214285714285714,18,1,13.9,2026-02-17,1,0,0,0,0,0,0,1,0,0,0,1,0,0,0,0,0,0,0,0,0,0,1,0,0,0,0,0,0,1,0,0,0,1,0,0,1,0
3,55.1,24.04,10.6,140.0,11.6,2.0,0.9285714285714286,18,1,13.9,2026-02-17,1,0,0,0,0,0,0,1,0,0,0,1,0,0,0,0,0,0,0,0,0,0,1,0,0,0,0,0,0,1,0,0,0,1,0,1,0,0
3,31.3,26.13,19.5,140.0,11.6,2.0,1.0,18,1,13.9,2026-02-17,1,0,0,0,0,0,0,1,0,0,0,1,0,0,0,0,0,0,0,0,0,0,1,0,0,0,0,0,0,0,1,0,0,1,0,0,0,1
0,56.5,175.58,3.6,155.0,4.2,1.2,0.06451612903225806,6,1,9.2,2026-02-17,0,1,0,0,0,0,1,0,0,0,0,0,0,0,0,0,1,0,0,0,0,1,0,0,0,0,0,0,0,1,0,0,1,0,0,1,0,0
2,76.7,55.04,9.7,140.0,11.6,2.0,0.6785714285714286,17,1,13.9,2026-02-17,1,0,0,0,0,0,0,1,0,0,0,0,1,0,0,0,0,0,0,0,0,0,0,1,0,0,0,0,0,0,1,0,1,0,0,0,1,0
0,69.4,138.73,4.8,155.0,4.2,0.0,0.25806451612903225,7,1,9.2,2026-02-17,0,1,0,0,0,0,1,0,0,0,0,0,0,0,0,0,1,0,0,0,0,1,0,0,0,0,0,0,0,0,0,1,1,0,0,1,0,0
0,53.9,162.54,2.9,155.0,4.2,0.0,0.16129032258064516,6,1,9.2,2026-02-17,0,1,0,0,0,0,1,0,0,0,0,0,0,0,0,0,1,0,0,0,0,1,0,0,0,0,0,0,0,0,0,1,1,0,0,1,0,0
1,68.8,161.33,0.6,205.0,2.4,2.0,0.3902439024390244,9,1,2.6,2026-02-17,0,0,1,0,0,0,0,0,1,1,0,0,0,0,0,0,0,0,0,0,0,0,0,0,0,0,1,0,0,1,0,0,1,0,0,1,0,0
1,78.6,176.9,0.6,205.0,2.4,5.4,0.3170731707317073,9,1,2.6,2026-02-17,0,0,1,0,0,0,0,0,1,1,0,0,0,0,0,0,0,0,0,0,0,0,0,0,0,0,1,0,0,0,0,1,1,0,1,0,0,0
0,79.9,211.73,0.1,205.0,2.4,0.0,0.1951219512195122,9,1,2.6,2026-02-17,0,0,1,0,0,0,0,0,1,0,0,0,0,0,0,0,0,1,0,0,0,0,0,0,0,0,0,0,1,0,1,0,1,0,0,1,0,0
0,61.4,239.42,0.3,205.0,2.4,0.0,0.12195121951219512,8,1,2.6,2026-02-17,0,0,1,0,0,0,0,0,1,0,0,0,0,0,0,0,0,1,0,0,0,0,0,0,0,0,0,0,1,0,1,0,1,0,0,0,1,0
0,73.7,252.72,1.4,205.0,2.4,3.9,0.04878048780487805,8,1,2.6,2026-02-17,0,0,1,0,0,0,0,0,1,0,0,0,0,0,0,0,0,1,0,0,0,0,0,0,0,0,0,0,1,1,0,0,1,0,0,0,1,0
1,69.2,143.87,1.3,205.0,2.4,2.0,0.4634146341463415,10,1,2.6,2026-02-17,0,0,1,0,0,0,0,0,1,1,0,0,0,0,0,0,0,0,0,0,0,0,0,0,0,0,1,0,0,1,0,0,1,0,0,1,0,0
2,76.1,37.29,8.7,155.0,4.2,2.0,0.7935483870967742,8,1,9.2,2026-02-17,0,1,0,0,0,0,1,0,0,0,0,0,0,1,0,0,0,0,0,0,1,0,0,0,0,0,0,0,0,1,0,0,1,0,1,0,0,0
2,58.8,59.2,10.1,155.0,4.2,4.7,0.6967741935483871,8,1,9.2,2026-02-17,0,1,0,0,0,0,1,0,0,0,0,0,0,1,0,0,0,0,0,0,1,0,0,0,0,0,0,0,0,1,0,0,1,0,1,0,0,0
1,49.8,99.8,8.6,155.0,4.2,2.0,0.5290322580645161,7,1,9.2,2026-02-17,0,1,0,0,0,0,1,0,0,0,1,0,0,0,0,0,0,0,0,1,0,0,0,0,0,0,0,0,0,0,0,1,1,0,0,1,0,0
1,64.6,106.08,8.1,155.0,4.2,2.0,0.432258064516129,7,1,9.2,2026-02-17,0,1,0,0,0,0,1,0,0,0,1,0,0,0,0,0,0,0,0,1,0,0,0,0,0,0,0,0,0,1,0,0,1,0,0,1,0,0
1,38.0,126.67,3.7,155.0,4.2,4.4,0.33548387096774196,7,1,9.2,2026-02-17,0,1,0,0,0,0,1,0,0,0,1,0,0,0,0,0,0,0,0,1,0,0,0,0,0,0,0,0,0,1,0,0,0,1,0,1,0,0
2,58.7,29.87,9.7,155.0,4.2,2.0,0.8903225806451613,8,1,9.2,2026-02-17,0,1,0,0,0,0,1,0,0,0,0,0,0,1,0,0,0,0,0,0,1,0,0,0,0,0,0,0,0,1,0,0,1,0,0,0,0,1
